2026-06-29 16:51:00,746 INFO gateway.run: Starting Hermes Gateway...
2026-06-29 16:51:00,746 INFO gateway.run: Session storage: /home/luffy/.hermes/sessions
2026-06-29 16:51:00,765 INFO gateway.run: Agent budget: max_iterations=60 (agent.max_turns from config.yaml, or HERMES_MAX_ITERATIONS from .env, or default 90)
2026-06-29 16:51:00,767 INFO gateway.run: Secret redaction: ENABLED (tool output, logs, and chat responses are scrubbed before delivery)
2026-06-29 16:51:00,780 WARNING gateway.run: No user allowlists configured. All unauthorized users will be denied. Set GATEWAY_ALLOW_ALL_USERS=true in ~/.hermes/.env to allow open access, or configure platform allowlists (e.g., TELEGRAM_ALLOWED_USERS=your_id).
2026-06-29 16:51:00,856 INFO gateway.run: Connecting to telegram...
2026-06-29 16:51:06,006 INFO hermes_plugins.telegram_platform.adapter: [Telegram] Auto-discovered Telegram fallback IPs: 149.154.166.110
2026-06-29 16:51:06,007 INFO hermes_plugins.telegram_platform.adapter: [Telegram] Telegram fallback IPs active: 149.154.166.110
2026-06-29 16:51:16,442 INFO hermes_plugins.telegram_platform.adapter: [Telegram] set_my_commands OK for scope BotCommandScopeDefault (60 cmds)
2026-06-29 16:51:16,801 INFO hermes_plugins.telegram_platform.adapter: [Telegram] set_my_commands OK for scope BotCommandScopeAllPrivateChats (60 cmds)
2026-06-29 16:51:17,162 INFO hermes_plugins.telegram_platform.adapter: [Telegram] set_my_commands OK for scope BotCommandScopeAllGroupChats (60 cmds)
2026-06-29 16:51:17,163 INFO hermes_plugins.telegram_platform.adapter: [Telegram] Telegram menu: 60 commands registered, 74 hidden (over 60 limit). Use /commands for full list.
2026-06-29 16:51:17,169 INFO hermes_plugins.telegram_platform.adapter: [Telegram] Connected to Telegram (polling mode)
2026-06-29 16:51:17,178 INFO gateway.run: ✓ telegram connected
2026-06-29 16:51:17,199 INFO gateway.run: Connecting to whatsapp...
2026-06-29 16:51:17,222 WARNING hermes_plugins.whatsapp_platform.adapter: [Whatsapp] WhatsApp is enabled but not paired (no creds.json at /home/luffy/.hermes/platforms/whatsapp/session/creds.json). Run `hermes whatsapp` to pair, or remove WHATSAPP_ENABLED from your .env to disable.
2026-06-29 16:51:17,229 WARNING gateway.run: ✗ whatsapp failed to connect
2026-06-29 16:51:17,240 INFO gateway.run: Gateway running with 1 platform(s)
2026-06-29 16:51:17,261 INFO gateway.run: Channel directory built: 0 target(s)
2026-06-29 16:51:18,273 INFO gateway.run: Press Ctrl+C to stop
2026-06-29 16:51:18,418 INFO gateway.run: Gateway housekeeping started (interval=60s)
2026-06-29 16:51:18,471 INFO gateway.run: kanban dispatcher: holding singleton dispatcher lock (/home/luffy/.hermes/kanban/.dispatcher.lock)
2026-06-29 16:51:23,511 INFO gateway.run: kanban dispatcher: embedded in gateway (interval=60.0s)
2026-06-29 16:53:44,579 INFO gateway.run: Received SIGTERM — initiating shutdown
2026-06-29 16:53:44,580 WARNING gateway.run: Shutdown context: signal=SIGTERM under_systemd=yes parent_pid=1559 parent_name=systemd loadavg_1m=1.61 parent_cmdline='/usr/lib/systemd/systemd --user --deserialize=8'
2026-06-29 16:53:44,584 INFO gateway.run: Stopping gateway...
2026-06-29 16:53:44,584 INFO gateway.run: Shutdown phase: notify_active_sessions done at +0.00s
2026-06-29 16:53:44,587 INFO gateway.run: Shutdown phase: drain done at +0.00s (drain took 0.00s, timed_out=False, active_at_start=0, active_now=0)
2026-06-29 16:53:45,106 INFO hermes_plugins.telegram_platform.adapter: [Telegram] Disconnected from Telegram
2026-06-29 16:53:45,108 INFO gateway.run: ✓ telegram disconnected (0.52s)
2026-06-29 16:53:45,108 INFO gateway.run: Shutdown phase: all adapters disconnected at +0.52s
2026-06-29 16:53:45,216 INFO gateway.run: Shutdown phase: final-cleanup tool kill done at +0.63s
2026-06-29 16:53:45,222 INFO gateway.run: Shutdown phase: SessionDB close done at +0.64s
2026-06-29 16:53:45,224 INFO gateway.run: Gateway stopped by an unexpected signal — persisting gateway_state=running so container_boot auto-starts on the next boot (issue #42675)
2026-06-29 16:53:45,229 INFO gateway.run: Gateway stopped (total teardown 0.65s)
2026-06-29 16:53:45,230 INFO gateway.run: Gateway housekeeping stopped
2026-06-29 16:53:45,232 INFO gateway.run: Exiting with code 1 (signal-initiated shutdown without restart request) so systemd Restart=on-failure can revive the gateway.
2026-06-29 16:53:49,466 INFO gateway.run: Starting Hermes Gateway...
2026-06-29 16:53:49,466 INFO gateway.run: Session storage: /home/luffy/.hermes/sessions
2026-06-29 16:53:49,477 INFO gateway.run: Agent budget: max_iterations=60 (agent.max_turns from config.yaml, or HERMES_MAX_ITERATIONS from .env, or default 90)
2026-06-29 16:53:49,478 INFO gateway.run: Secret redaction: ENABLED (tool output, logs, and chat responses are scrubbed before delivery)
2026-06-29 16:53:49,489 INFO gateway.run: Previous gateway exited cleanly — skipping session suspension
2026-06-29 16:53:49,536 INFO gateway.run: Connecting to telegram...
2026-06-29 16:53:49,738 INFO hermes_plugins.telegram_platform.adapter: [Telegram] Auto-discovered Telegram fallback IPs: 149.154.166.110
2026-06-29 16:53:49,739 INFO hermes_plugins.telegram_platform.adapter: [Telegram] Telegram fallback IPs active: 149.154.166.110
2026-06-29 16:53:51,079 INFO hermes_plugins.telegram_platform.adapter: [Telegram] set_my_commands OK for scope BotCommandScopeDefault (60 cmds)
2026-06-29 16:53:51,412 INFO hermes_plugins.telegram_platform.adapter: [Telegram] set_my_commands OK for scope BotCommandScopeAllPrivateChats (60 cmds)
2026-06-29 16:53:51,745 INFO hermes_plugins.telegram_platform.adapter: [Telegram] set_my_commands OK for scope BotCommandScopeAllGroupChats (60 cmds)
2026-06-29 16:53:51,745 INFO hermes_plugins.telegram_platform.adapter: [Telegram] Telegram menu: 60 commands registered, 74 hidden (over 60 limit). Use /commands for full list.
2026-06-29 16:53:51,748 INFO hermes_plugins.telegram_platform.adapter: [Telegram] Connected to Telegram (polling mode)
2026-06-29 16:53:51,752 INFO gateway.run: ✓ telegram connected
2026-06-29 16:53:51,757 INFO gateway.run: Connecting to whatsapp...
2026-06-29 16:53:51,765 WARNING hermes_plugins.whatsapp_platform.adapter: [Whatsapp] WhatsApp is enabled but not paired (no creds.json at /home/luffy/.hermes/platforms/whatsapp/session/creds.json). Run `hermes whatsapp` to pair, or remove WHATSAPP_ENABLED from your .env to disable.
2026-06-29 16:53:51,767 WARNING gateway.run: ✗ whatsapp failed to connect
2026-06-29 16:53:51,771 INFO gateway.run: Gateway running with 1 platform(s)
2026-06-29 16:53:51,774 INFO gateway.run: Channel directory built: 0 target(s)
2026-06-29 16:53:52,776 INFO gateway.run: Press Ctrl+C to stop
2026-06-29 16:53:52,802 INFO gateway.run: Gateway housekeeping started (interval=60s)
2026-06-29 16:53:52,807 INFO gateway.run: kanban dispatcher: holding singleton dispatcher lock (/home/luffy/.hermes/kanban/.dispatcher.lock)
2026-06-29 16:53:57,808 INFO gateway.run: kanban dispatcher: embedded in gateway (interval=60.0s)
2026-06-29 16:54:54,301 INFO gateway.run: Ignoring /start platform ping for session agent:main:telegram:dm:5539915160
2026-06-29 16:55:05,990 INFO gateway.platforms.base: [Telegram] Sending response (290 chars) to 5539915160
2026-06-29 16:55:16,108 INFO hermes_plugins.telegram_platform.adapter: [Telegram] Flushing text batch agent:main:telegram:dm:5539915160 (19 chars)
2026-06-29 16:55:16,121 INFO gateway.run: inbound message: platform=telegram user=Mukesh Balaji chat=5539915160 msg="Hey Hermes what'sup" reply_to_id=None reply_to_text=''
2026-06-29 16:55:27,810 INFO gateway.run: Suppressing normal final send for session agent:main:telegram:dm:5539915160: final delivery already confirmed (streamed=True previewed=False content_delivered=True).
2026-06-29 16:55:27,818 INFO gateway.run: response ready: platform=telegram chat=5539915160 time=11.7s api_calls=1 response=207 chars
2026-06-29 16:55:28,859 INFO gateway.platforms.base: [Telegram] Sending response (119 chars) to 5539915160
2026-06-29 16:55:51,539 INFO hermes_plugins.telegram_platform.adapter: [Telegram] Flushing text batch agent:main:telegram:dm:5539915160 (38 chars)
2026-06-29 16:55:51,547 INFO gateway.run: inbound message: platform=telegram user=Mukesh Balaji chat=5539915160 msg='What are the notes in my obsidian valt' reply_to_id=None reply_to_text=''
2026-06-29 16:56:05,397 INFO gateway.run: Suppressing normal final send for session agent:main:telegram:dm:5539915160: final delivery already confirmed (streamed=True previewed=False content_delivered=True).
2026-06-29 16:56:05,402 INFO gateway.run: response ready: platform=telegram chat=5539915160 time=13.9s api_calls=3 response=393 chars
2026-06-29 16:57:18,606 INFO gateway.run: Ignoring /start platform ping for session agent:main:telegram:dm:5539915160
2026-06-29 16:58:57,924 INFO gateway.run: Received SIGTERM — initiating shutdown
2026-06-29 16:58:57,926 WARNING gateway.run: Shutdown context: signal=SIGTERM under_systemd=yes parent_pid=1559 parent_name=systemd loadavg_1m=1.94 parent_cmdline='/usr/lib/systemd/systemd --user --deserialize=8'
2026-06-29 16:58:57,935 INFO gateway.run: Stopping gateway...
2026-06-29 16:58:59,162 INFO gateway.run: Sent shutdown notification to home channel telegram:5539915160
2026-06-29 16:58:59,163 INFO gateway.run: Shutdown phase: notify_active_sessions done at +1.23s
2026-06-29 16:58:59,168 INFO gateway.run: Shutdown phase: drain done at +1.23s (drain took 0.00s, timed_out=False, active_at_start=0, active_now=0)
2026-06-29 16:59:00,092 INFO hermes_plugins.telegram_platform.adapter: [Telegram] Disconnected from Telegram
2026-06-29 16:59:00,094 INFO gateway.run: ✓ telegram disconnected (0.91s)
2026-06-29 16:59:00,095 INFO gateway.run: Shutdown phase: all adapters disconnected at +2.16s
2026-06-29 16:59:00,101 INFO gateway.run: Shutdown phase: final-cleanup tool kill done at +2.17s
2026-06-29 16:59:00,109 INFO gateway.run: Shutdown phase: SessionDB close done at +2.17s
2026-06-29 16:59:00,112 INFO gateway.run: Gateway stopped by an unexpected signal — persisting gateway_state=running so container_boot auto-starts on the next boot (issue #42675)
2026-06-29 16:59:00,121 INFO gateway.run: Gateway stopped (total teardown 2.19s)
2026-06-29 16:59:00,123 INFO gateway.run: Gateway housekeeping stopped
2026-06-29 16:59:00,125 INFO gateway.run: Exiting with code 1 (signal-initiated shutdown without restart request) so systemd Restart=on-failure can revive the gateway.
2026-06-29 16:59:05,120 INFO gateway.run: Starting Hermes Gateway...
2026-06-29 16:59:05,121 INFO gateway.run: Session storage: /home/luffy/.hermes/sessions
2026-06-29 16:59:05,159 INFO gateway.run: Agent budget: max_iterations=60 (agent.max_turns from config.yaml, or HERMES_MAX_ITERATIONS from .env, or default 90)
2026-06-29 16:59:05,163 INFO gateway.run: Secret redaction: ENABLED (tool output, logs, and chat responses are scrubbed before delivery)
2026-06-29 16:59:05,195 INFO gateway.run: Previous gateway exited cleanly — skipping session suspension
2026-06-29 16:59:05,334 INFO gateway.run: Connecting to telegram...
2026-06-29 16:59:05,558 INFO hermes_plugins.telegram_platform.adapter: [Telegram] Auto-discovered Telegram fallback IPs: 149.154.166.110
2026-06-29 16:59:05,560 INFO hermes_plugins.telegram_platform.adapter: [Telegram] Telegram fallback IPs active: 149.154.166.110
2026-06-29 16:59:07,238 INFO hermes_plugins.telegram_platform.adapter: [Telegram] set_my_commands OK for scope BotCommandScopeDefault (60 cmds)
2026-06-29 16:59:07,599 INFO hermes_plugins.telegram_platform.adapter: [Telegram] set_my_commands OK for scope BotCommandScopeAllPrivateChats (60 cmds)
2026-06-29 16:59:07,954 INFO hermes_plugins.telegram_platform.adapter: [Telegram] set_my_commands OK for scope BotCommandScopeAllGroupChats (60 cmds)
2026-06-29 16:59:07,955 INFO hermes_plugins.telegram_platform.adapter: [Telegram] Telegram menu: 60 commands registered, 74 hidden (over 60 limit). Use /commands for full list.
2026-06-29 16:59:07,961 INFO hermes_plugins.telegram_platform.adapter: [Telegram] Connected to Telegram (polling mode)
2026-06-29 16:59:07,972 INFO gateway.run: ✓ telegram connected
2026-06-29 16:59:07,993 INFO gateway.run: Connecting to whatsapp...
2026-06-29 16:59:08,016 WARNING hermes_plugins.whatsapp_platform.adapter: [Whatsapp] WhatsApp is enabled but not paired (no creds.json at /home/luffy/.hermes/platforms/whatsapp/session/creds.json). Run `hermes whatsapp` to pair, or remove WHATSAPP_ENABLED from your .env to disable.
2026-06-29 16:59:08,024 WARNING gateway.run: ✗ whatsapp failed to connect
2026-06-29 16:59:08,034 INFO gateway.run: Gateway running with 1 platform(s)
2026-06-29 16:59:08,046 INFO gateway.run: Channel directory built: 1 target(s)
2026-06-29 16:59:09,050 WARNING gateway.session: gateway.session: pruning stale sessions.json entry 'agent:main:telegram:dm:5539915160' -> 20260629_165505_2a1e5c61 (end_reason='agent_close'); left by a crashed gateway
2026-06-29 16:59:09,066 INFO gateway.run: Press Ctrl+C to stop
2026-06-29 16:59:09,166 INFO gateway.run: Gateway housekeeping started (interval=60s)
2026-06-29 16:59:09,288 INFO gateway.run: kanban dispatcher: holding singleton dispatcher lock (/home/luffy/.hermes/kanban/.dispatcher.lock)
2026-06-29 16:59:14,304 INFO gateway.run: kanban dispatcher: embedded in gateway (interval=60.0s)
2026-06-29 17:02:03,259 INFO hermes_plugins.telegram_platform.adapter: [Telegram] Flushing text batch agent:main:telegram:dm:5539915160 (3 chars)
2026-06-29 17:02:03,333 INFO gateway.run: inbound message: platform=telegram user=Mukesh Balaji chat=5539915160 msg='Hey' reply_to_id=None reply_to_text=''
2026-06-29 17:02:12,499 INFO gateway.run: Suppressing normal final send for session agent:main:telegram:dm:5539915160: final delivery already confirmed (streamed=True previewed=False content_delivered=True).
2026-06-29 17:02:12,505 INFO gateway.run: response ready: platform=telegram chat=5539915160 time=9.2s api_calls=1 response=24 chars
2026-06-29 17:46:09,242 WARNING plugins.platforms.telegram.telegram_network: [Telegram] Primary api.telegram.org connection failed (); trying fallback IPs 149.154.166.110
2026-06-29 17:46:09,859 WARNING plugins.platforms.telegram.telegram_network: [Telegram] Primary api.telegram.org path unreachable; using sticky fallback IP 149.154.166.110
2026-06-29 18:05:14,866 INFO gateway.run: Agent cache idle-TTL evict: session=agent:main:telegram:dm:5539915160 (idle=3783s)
2026-06-29 18:05:14,870 INFO gateway.run: Agent cache idle sweep: evicted 1 agent(s)
2026-06-29 18:18:54,429 INFO gateway.run: Received SIGTERM — initiating shutdown
2026-06-29 18:18:54,431 WARNING gateway.run: Shutdown context: signal=SIGTERM under_systemd=yes parent_pid=1559 parent_name=systemd loadavg_1m=2.82 parent_cmdline='/usr/lib/systemd/systemd --user --deserialize=8'
2026-06-29 18:18:54,446 INFO gateway.run: Stopping gateway...
2026-06-29 18:18:55,590 INFO gateway.run: Sent shutdown notification to home channel telegram:5539915160
2026-06-29 18:18:55,591 INFO gateway.run: Shutdown phase: notify_active_sessions done at +1.14s
2026-06-29 18:18:55,597 INFO gateway.run: Shutdown phase: drain done at +1.15s (drain took 0.00s, timed_out=False, active_at_start=0, active_now=0)
2026-06-29 18:18:56,488 INFO hermes_plugins.telegram_platform.adapter: [Telegram] Disconnected from Telegram
2026-06-29 18:18:56,489 INFO gateway.run: ✓ telegram disconnected (0.89s)
2026-06-29 18:18:56,489 INFO gateway.run: Shutdown phase: all adapters disconnected at +2.04s
2026-06-29 18:18:56,490 INFO gateway.run: Shutdown phase: final-cleanup tool kill done at +2.04s
2026-06-29 18:18:56,494 INFO gateway.run: Shutdown phase: SessionDB close done at +2.05s
2026-06-29 18:18:56,495 INFO gateway.run: Gateway stopped by an unexpected signal — persisting gateway_state=running so container_boot auto-starts on the next boot (issue #42675)
2026-06-29 18:18:56,498 INFO gateway.run: Gateway stopped (total teardown 2.05s)
2026-06-29 18:18:56,498 INFO gateway.run: Gateway housekeeping stopped
2026-06-29 18:18:56,499 INFO gateway.run: Exiting with code 1 (signal-initiated shutdown without restart request) so systemd Restart=on-failure can revive the gateway.
2026-06-29 22:07:22,030 INFO gateway.run: Starting Hermes Gateway...
2026-06-29 22:07:22,031 INFO gateway.run: Session storage: /home/luffy/.hermes/sessions
2026-06-29 22:07:22,040 INFO gateway.run: Agent budget: max_iterations=60 (agent.max_turns from config.yaml, or HERMES_MAX_ITERATIONS from .env, or default 90)
2026-06-29 22:07:22,041 INFO gateway.run: Secret redaction: ENABLED (tool output, logs, and chat responses are scrubbed before delivery)
2026-06-29 22:07:22,049 INFO gateway.run: Previous gateway exited cleanly — skipping session suspension
2026-06-29 22:07:22,076 INFO gateway.run: Connecting to telegram...
2026-06-29 22:07:22,396 INFO hermes_plugins.telegram_platform.adapter: [Telegram] Auto-discovered Telegram fallback IPs: 149.154.166.110
2026-06-29 22:07:22,397 INFO hermes_plugins.telegram_platform.adapter: [Telegram] Telegram fallback IPs active: 149.154.166.110
2026-06-29 22:07:23,862 INFO hermes_plugins.telegram_platform.adapter: [Telegram] set_my_commands OK for scope BotCommandScopeDefault (60 cmds)
2026-06-29 22:07:24,252 INFO hermes_plugins.telegram_platform.adapter: [Telegram] set_my_commands OK for scope BotCommandScopeAllPrivateChats (60 cmds)
2026-06-29 22:07:24,685 INFO hermes_plugins.telegram_platform.adapter: [Telegram] set_my_commands OK for scope BotCommandScopeAllGroupChats (60 cmds)
2026-06-29 22:07:24,686 INFO hermes_plugins.telegram_platform.adapter: [Telegram] Telegram menu: 60 commands registered, 75 hidden (over 60 limit). Use /commands for full list.
2026-06-29 22:07:24,691 INFO hermes_plugins.telegram_platform.adapter: [Telegram] Connected to Telegram (polling mode)
2026-06-29 22:07:24,706 INFO gateway.run: ✓ telegram connected
2026-06-29 22:07:24,716 INFO gateway.run: Connecting to whatsapp...
2026-06-29 22:07:24,726 WARNING hermes_plugins.whatsapp_platform.adapter: [Whatsapp] WhatsApp is enabled but not paired (no creds.json at /home/luffy/.hermes/platforms/whatsapp/session/creds.json). Run `hermes whatsapp` to pair, or remove WHATSAPP_ENABLED from your .env to disable.
2026-06-29 22:07:24,732 WARNING gateway.run: ✗ whatsapp failed to connect
2026-06-29 22:07:24,737 INFO gateway.run: Gateway running with 1 platform(s)
2026-06-29 22:07:24,742 INFO gateway.run: Channel directory built: 1 target(s)
2026-06-29 22:07:25,750 INFO gateway.run: Press Ctrl+C to stop
2026-06-29 22:07:25,832 INFO gateway.run: Gateway housekeeping started (interval=60s)
2026-06-29 22:07:25,834 INFO gateway.run: kanban dispatcher: holding singleton dispatcher lock (/home/luffy/.hermes/kanban/.dispatcher.lock)
2026-06-29 22:07:30,835 INFO gateway.run: kanban dispatcher: embedded in gateway (interval=60.0s)
2026-06-30 00:50:07,731 INFO gateway.run: Received SIGTERM — initiating shutdown
2026-06-30 00:50:07,733 WARNING gateway.run: Shutdown context: signal=SIGTERM under_systemd=yes parent_pid=702 parent_name=systemd loadavg_1m=2.39 parent_cmdline='/usr/lib/systemd/systemd --user'
2026-06-30 00:50:07,750 INFO gateway.run: Stopping gateway...
2026-06-30 00:50:09,751 INFO gateway.run: Sent shutdown notification to home channel telegram:5539915160
2026-06-30 00:50:09,752 INFO gateway.run: Shutdown phase: notify_active_sessions done at +2.00s
2026-06-30 00:50:09,758 INFO gateway.run: Shutdown phase: drain done at +2.01s (drain took 0.00s, timed_out=False, active_at_start=0, active_now=0)
2026-06-30 00:50:10,530 INFO hermes_plugins.telegram_platform.adapter: [Telegram] Disconnected from Telegram
2026-06-30 00:50:10,531 INFO gateway.run: ✓ telegram disconnected (0.77s)
2026-06-30 00:50:10,532 INFO gateway.run: Shutdown phase: all adapters disconnected at +2.78s
2026-06-30 00:50:10,629 INFO gateway.run: Shutdown phase: final-cleanup tool kill done at +2.88s
2026-06-30 00:50:10,635 INFO gateway.run: Shutdown phase: SessionDB close done at +2.88s
2026-06-30 00:50:10,636 INFO gateway.run: Gateway stopped by an unexpected signal — persisting gateway_state=running so container_boot auto-starts on the next boot (issue #42675)
2026-06-30 00:50:10,639 INFO gateway.run: Gateway stopped (total teardown 2.89s)
2026-06-30 00:50:10,639 INFO gateway.run: Gateway housekeeping stopped
2026-06-30 00:50:10,640 INFO gateway.run: Exiting with code 1 (signal-initiated shutdown without restart request) so systemd Restart=on-failure can revive the gateway.
2026-06-30 12:58:53,782 INFO gateway.run: Starting Hermes Gateway...
2026-06-30 12:58:53,782 INFO gateway.run: Session storage: /home/luffy/.hermes/sessions
2026-06-30 12:58:53,793 INFO gateway.run: Agent budget: max_iterations=60 (agent.max_turns from config.yaml, or HERMES_MAX_ITERATIONS from .env, or default 90)
2026-06-30 12:58:53,794 INFO gateway.run: Secret redaction: ENABLED (tool output, logs, and chat responses are scrubbed before delivery)
2026-06-30 12:58:53,808 INFO gateway.run: Previous gateway exited cleanly — skipping session suspension
2026-06-30 12:58:53,846 INFO gateway.run: Connecting to telegram...
2026-06-30 12:58:54,387 INFO hermes_plugins.telegram_platform.adapter: [Telegram] Auto-discovered Telegram fallback IPs: 149.154.166.110
2026-06-30 12:58:54,389 INFO hermes_plugins.telegram_platform.adapter: [Telegram] Telegram fallback IPs active: 149.154.166.110
2026-06-30 12:58:58,724 INFO hermes_plugins.telegram_platform.adapter: [Telegram] set_my_commands OK for scope BotCommandScopeDefault (60 cmds)
2026-06-30 12:58:59,819 INFO hermes_plugins.telegram_platform.adapter: [Telegram] set_my_commands OK for scope BotCommandScopeAllPrivateChats (60 cmds)
2026-06-30 12:59:02,585 INFO hermes_plugins.telegram_platform.adapter: [Telegram] set_my_commands OK for scope BotCommandScopeAllGroupChats (60 cmds)
2026-06-30 12:59:02,585 INFO hermes_plugins.telegram_platform.adapter: [Telegram] Telegram menu: 60 commands registered, 75 hidden (over 60 limit). Use /commands for full list.
2026-06-30 12:59:02,588 INFO hermes_plugins.telegram_platform.adapter: [Telegram] Connected to Telegram (polling mode)
2026-06-30 12:59:02,593 INFO gateway.run: ✓ telegram connected
2026-06-30 12:59:02,602 INFO gateway.run: Connecting to whatsapp...
2026-06-30 12:59:02,613 WARNING hermes_plugins.whatsapp_platform.adapter: [Whatsapp] WhatsApp is enabled but not paired (no creds.json at /home/luffy/.hermes/platforms/whatsapp/session/creds.json). Run `hermes whatsapp` to pair, or remove WHATSAPP_ENABLED from your .env to disable.
2026-06-30 12:59:02,619 WARNING gateway.run: ✗ whatsapp failed to connect
2026-06-30 12:59:02,626 INFO gateway.run: Gateway running with 1 platform(s)
2026-06-30 12:59:02,634 INFO gateway.run: Channel directory built: 1 target(s)
2026-06-30 12:59:03,643 INFO gateway.run: Press Ctrl+C to stop
2026-06-30 12:59:03,764 INFO gateway.run: Gateway housekeeping started (interval=60s)
2026-06-30 12:59:03,795 INFO gateway.run: kanban dispatcher: holding singleton dispatcher lock (/home/luffy/.hermes/kanban/.dispatcher.lock)
2026-06-30 12:59:08,796 INFO gateway.run: kanban dispatcher: embedded in gateway (interval=60.0s)
2026-06-30 13:00:03,755 INFO gateway.run: Session expiry: 1 sessions to finalize (telegram:1)
2026-06-30 13:00:03,761 INFO gateway.run: Session expiry done: 1 finalized
2026-06-30 16:24:38,335 INFO gateway.run: Received SIGTERM — initiating shutdown
2026-06-30 16:24:38,337 WARNING gateway.run: Shutdown context: signal=SIGTERM under_systemd=yes parent_pid=695 parent_name=systemd loadavg_1m=2.17 parent_cmdline='/usr/lib/systemd/systemd --user'
2026-06-30 16:24:38,348 INFO gateway.run: Stopping gateway...
2026-06-30 16:24:39,499 INFO gateway.run: Sent shutdown notification to home channel telegram:5539915160
2026-06-30 16:24:39,501 INFO gateway.run: Shutdown phase: notify_active_sessions done at +1.15s
2026-06-30 16:24:39,505 INFO gateway.run: Shutdown phase: drain done at +1.16s (drain took 0.00s, timed_out=False, active_at_start=0, active_now=0)
2026-06-30 16:24:43,535 INFO hermes_plugins.telegram_platform.adapter: [Telegram] Disconnected from Telegram
2026-06-30 16:24:43,536 INFO gateway.run: ✓ telegram disconnected (4.03s)
2026-06-30 16:24:43,537 INFO gateway.run: Shutdown phase: all adapters disconnected at +5.19s
2026-06-30 16:24:43,642 INFO gateway.run: Shutdown phase: final-cleanup tool kill done at +5.29s
2026-06-30 16:24:43,642 INFO gateway.run: Shutdown phase: SessionDB close done at +5.29s
2026-06-30 16:24:43,643 INFO gateway.run: Gateway stopped by an unexpected signal — persisting gateway_state=running so container_boot auto-starts on the next boot (issue #42675)
2026-06-30 16:24:43,646 INFO gateway.run: Gateway stopped (total teardown 5.30s)
2026-06-30 16:24:43,647 INFO gateway.run: Gateway housekeeping stopped
2026-06-30 16:24:43,648 INFO gateway.run: Exiting with code 1 (signal-initiated shutdown without restart request) so systemd Restart=on-failure can revive the gateway.
2026-06-30 17:01:15,918 INFO gateway.run: Starting Hermes Gateway...
2026-06-30 17:01:15,919 INFO gateway.run: Session storage: /home/luffy/.hermes/sessions
2026-06-30 17:01:15,930 INFO gateway.run: Agent budget: max_iterations=60 (agent.max_turns from config.yaml, or HERMES_MAX_ITERATIONS from .env, or default 90)
2026-06-30 17:01:15,931 INFO gateway.run: Secret redaction: ENABLED (tool output, logs, and chat responses are scrubbed before delivery)
2026-06-30 17:01:15,941 INFO gateway.run: Previous gateway exited cleanly — skipping session suspension
2026-06-30 17:01:15,974 INFO gateway.run: Connecting to telegram...
2026-06-30 17:01:16,508 INFO hermes_plugins.telegram_platform.adapter: [Telegram] Auto-discovered Telegram fallback IPs: 149.154.166.110
2026-06-30 17:01:16,510 INFO hermes_plugins.telegram_platform.adapter: [Telegram] Telegram fallback IPs active: 149.154.166.110
2026-06-30 17:01:18,119 INFO hermes_plugins.telegram_platform.adapter: [Telegram] set_my_commands OK for scope BotCommandScopeDefault (60 cmds)
2026-06-30 17:01:18,509 INFO hermes_plugins.telegram_platform.adapter: [Telegram] set_my_commands OK for scope BotCommandScopeAllPrivateChats (60 cmds)
2026-06-30 17:01:18,894 INFO hermes_plugins.telegram_platform.adapter: [Telegram] set_my_commands OK for scope BotCommandScopeAllGroupChats (60 cmds)
2026-06-30 17:01:18,894 INFO hermes_plugins.telegram_platform.adapter: [Telegram] Telegram menu: 60 commands registered, 75 hidden (over 60 limit). Use /commands for full list.
2026-06-30 17:01:18,900 INFO hermes_plugins.telegram_platform.adapter: [Telegram] Connected to Telegram (polling mode)
2026-06-30 17:01:18,905 INFO gateway.run: ✓ telegram connected
2026-06-30 17:01:18,910 INFO gateway.run: Connecting to whatsapp...
2026-06-30 17:01:18,918 WARNING hermes_plugins.whatsapp_platform.adapter: [Whatsapp] WhatsApp is enabled but not paired (no creds.json at /home/luffy/.hermes/platforms/whatsapp/session/creds.json). Run `hermes whatsapp` to pair, or remove WHATSAPP_ENABLED from your .env to disable.
2026-06-30 17:01:18,923 WARNING gateway.run: ✗ whatsapp failed to connect
2026-06-30 17:01:18,929 INFO gateway.run: Gateway running with 1 platform(s)
2026-06-30 17:01:18,936 INFO gateway.run: Channel directory built: 1 target(s)
2026-06-30 17:01:19,946 INFO gateway.run: Press Ctrl+C to stop
2026-06-30 17:01:20,047 INFO gateway.run: Gateway housekeeping started (interval=60s)
2026-06-30 17:01:20,051 INFO gateway.run: kanban dispatcher: holding singleton dispatcher lock (/home/luffy/.hermes/kanban/.dispatcher.lock)
2026-06-30 17:01:25,052 INFO gateway.run: kanban dispatcher: embedded in gateway (interval=60.0s)
2026-06-30 17:51:36,986 INFO gateway.run: Received SIGTERM — initiating shutdown
2026-06-30 17:51:36,987 WARNING gateway.run: Shutdown context: signal=SIGTERM under_systemd=yes parent_pid=696 parent_name=systemd loadavg_1m=4.06 parent_cmdline='/usr/lib/systemd/systemd --user'
2026-06-30 17:51:36,998 INFO gateway.run: Stopping gateway...
2026-06-30 17:51:38,316 INFO gateway.run: Sent shutdown notification to home channel telegram:5539915160
2026-06-30 17:51:38,316 INFO gateway.run: Shutdown phase: notify_active_sessions done at +1.32s
2026-06-30 17:51:38,320 INFO gateway.run: Shutdown phase: drain done at +1.32s (drain took 0.00s, timed_out=False, active_at_start=0, active_now=0)
2026-06-30 17:51:39,248 INFO hermes_plugins.telegram_platform.adapter: [Telegram] Disconnected from Telegram
2026-06-30 17:51:39,250 INFO gateway.run: ✓ telegram disconnected (0.93s)
2026-06-30 17:51:39,251 INFO gateway.run: Shutdown phase: all adapters disconnected at +2.25s
2026-06-30 17:51:39,374 INFO gateway.run: Shutdown phase: final-cleanup tool kill done at +2.38s
2026-06-30 17:51:39,380 INFO gateway.run: Shutdown phase: SessionDB close done at +2.38s
2026-06-30 17:51:39,381 INFO gateway.run: Gateway stopped by an unexpected signal — persisting gateway_state=running so container_boot auto-starts on the next boot (issue #42675)
2026-06-30 17:51:39,385 INFO gateway.run: Gateway stopped (total teardown 2.39s)
2026-06-30 17:51:39,385 INFO gateway.run: Gateway housekeeping stopped
2026-06-30 17:51:39,387 INFO gateway.run: Exiting with code 1 (signal-initiated shutdown without restart request) so systemd Restart=on-failure can revive the gateway.
2026-06-30 19:08:31,759 INFO gateway.run: Starting Hermes Gateway...
2026-06-30 19:08:31,760 INFO gateway.run: Session storage: /home/luffy/.hermes/sessions
2026-06-30 19:08:31,770 INFO gateway.run: Agent budget: max_iterations=60 (agent.max_turns from config.yaml, or HERMES_MAX_ITERATIONS from .env, or default 90)
2026-06-30 19:08:31,771 INFO gateway.run: Secret redaction: ENABLED (tool output, logs, and chat responses are scrubbed before delivery)
2026-06-30 19:08:31,781 INFO gateway.run: Previous gateway exited cleanly — skipping session suspension
2026-06-30 19:08:31,816 INFO gateway.run: Connecting to telegram...
2026-06-30 19:08:31,858 INFO plugins.platforms.telegram.telegram_network: DoH discovery yielded no usable IPs (system DNS: unknown); using seed fallback IPs 149.154.167.220
2026-06-30 19:08:31,860 INFO hermes_plugins.telegram_platform.adapter: [Telegram] Auto-discovered Telegram fallback IPs: 149.154.167.220
2026-06-30 19:08:31,860 INFO hermes_plugins.telegram_platform.adapter: [Telegram] Telegram fallback IPs active: 149.154.167.220
2026-06-30 19:08:31,878 WARNING plugins.platforms.telegram.telegram_network: [Telegram] Primary api.telegram.org connection failed ([Errno -3] Temporary failure in name resolution); trying fallback IPs 149.154.167.220
2026-06-30 19:08:31,879 WARNING plugins.platforms.telegram.telegram_network: [Telegram] Fallback IP 149.154.167.220 failed: All connection attempts failed
2026-06-30 19:08:31,879 WARNING hermes_plugins.telegram_platform.adapter: [Telegram] Connect attempt 1/8 failed: httpx.ConnectError: All connection attempts failed — retrying in 1s
2026-06-30 19:08:33,116 WARNING plugins.platforms.telegram.telegram_network: [Telegram] Primary api.telegram.org connection failed (All connection attempts failed); trying fallback IPs 149.154.167.220
2026-06-30 19:08:33,121 WARNING plugins.platforms.telegram.telegram_network: [Telegram] Fallback IP 149.154.167.220 failed: All connection attempts failed
2026-06-30 19:08:33,123 WARNING hermes_plugins.telegram_platform.adapter: [Telegram] Connect attempt 2/8 failed: httpx.ConnectError: All connection attempts failed — retrying in 2s
2026-06-30 19:08:36,438 INFO hermes_plugins.telegram_platform.adapter: [Telegram] set_my_commands OK for scope BotCommandScopeDefault (60 cmds)
2026-06-30 19:08:36,768 INFO hermes_plugins.telegram_platform.adapter: [Telegram] set_my_commands OK for scope BotCommandScopeAllPrivateChats (60 cmds)
2026-06-30 19:08:37,094 INFO hermes_plugins.telegram_platform.adapter: [Telegram] set_my_commands OK for scope BotCommandScopeAllGroupChats (60 cmds)
2026-06-30 19:08:37,094 INFO hermes_plugins.telegram_platform.adapter: [Telegram] Telegram menu: 60 commands registered, 75 hidden (over 60 limit). Use /commands for full list.
2026-06-30 19:08:37,097 INFO hermes_plugins.telegram_platform.adapter: [Telegram] Connected to Telegram (polling mode)
2026-06-30 19:08:37,100 INFO gateway.run: ✓ telegram connected
2026-06-30 19:08:37,106 INFO gateway.run: Connecting to whatsapp...
2026-06-30 19:08:37,113 WARNING hermes_plugins.whatsapp_platform.adapter: [Whatsapp] WhatsApp is enabled but not paired (no creds.json at /home/luffy/.hermes/platforms/whatsapp/session/creds.json). Run `hermes whatsapp` to pair, or remove WHATSAPP_ENABLED from your .env to disable.
2026-06-30 19:08:37,118 WARNING gateway.run: ✗ whatsapp failed to connect
2026-06-30 19:08:37,121 INFO gateway.run: Gateway running with 1 platform(s)
2026-06-30 19:08:37,126 INFO gateway.run: Channel directory built: 1 target(s)
2026-06-30 19:08:38,131 INFO gateway.run: Press Ctrl+C to stop
2026-06-30 19:08:38,179 INFO gateway.run: Gateway housekeeping started (interval=60s)
2026-06-30 19:08:38,184 INFO gateway.run: kanban dispatcher: holding singleton dispatcher lock (/home/luffy/.hermes/kanban/.dispatcher.lock)
2026-06-30 19:08:43,185 INFO gateway.run: kanban dispatcher: embedded in gateway (interval=60.0s)
2026-06-30 19:09:29,939 WARNING hermes_plugins.telegram_platform.adapter: [Telegram] Telegram network error, scheduling reconnect: httpx.ReadError: 
2026-06-30 19:09:29,941 WARNING hermes_plugins.telegram_platform.adapter: [Telegram] Telegram network error (attempt 1/10), reconnecting in 5s. Error: httpx.ReadError: 
2026-06-30 19:09:36,451 INFO hermes_plugins.telegram_platform.adapter: [Telegram] Telegram polling resumed after network error (attempt 1)
2026-06-30 21:20:38,933 WARNING hermes_plugins.telegram_platform.adapter: [Telegram] Telegram network error, scheduling reconnect: httpx.ReadError: 
2026-06-30 21:20:38,936 WARNING hermes_plugins.telegram_platform.adapter: [Telegram] Telegram network error (attempt 1/10), reconnecting in 5s. Error: httpx.ReadError: 
2026-06-30 21:20:45,562 INFO hermes_plugins.telegram_platform.adapter: [Telegram] Telegram polling resumed after network error (attempt 1)
2026-06-30 21:53:32,489 WARNING hermes_plugins.telegram_platform.adapter: [Telegram] Telegram network error, scheduling reconnect: httpx.ReadError: 
2026-06-30 21:53:32,492 WARNING hermes_plugins.telegram_platform.adapter: [Telegram] Telegram network error (attempt 1/10), reconnecting in 5s. Error: httpx.ReadError: 
2026-06-30 21:53:38,874 INFO hermes_plugins.telegram_platform.adapter: [Telegram] Telegram polling resumed after network error (attempt 1)
2026-06-30 22:15:29,606 WARNING hermes_plugins.telegram_platform.adapter: [Telegram] Telegram network error, scheduling reconnect: httpx.ReadError: 
2026-06-30 22:15:29,608 WARNING hermes_plugins.telegram_platform.adapter: [Telegram] Telegram network error (attempt 1/10), reconnecting in 5s. Error: httpx.ReadError: 
2026-06-30 22:15:36,262 INFO hermes_plugins.telegram_platform.adapter: [Telegram] Telegram polling resumed after network error (attempt 1)
2026-06-30 23:04:41,384 WARNING hermes_plugins.telegram_platform.adapter: [Telegram] Telegram network error, scheduling reconnect: httpx.ReadError: 
2026-06-30 23:04:41,386 WARNING hermes_plugins.telegram_platform.adapter: [Telegram] Telegram network error (attempt 1/10), reconnecting in 5s. Error: httpx.ReadError: 
2026-06-30 23:04:47,511 INFO hermes_plugins.telegram_platform.adapter: [Telegram] Telegram polling resumed after network error (attempt 1)
2026-06-30 23:10:44,239 WARNING hermes_plugins.telegram_platform.adapter: [Telegram] Telegram network error, scheduling reconnect: httpx.ReadError: 
2026-06-30 23:10:44,242 WARNING hermes_plugins.telegram_platform.adapter: [Telegram] Telegram network error (attempt 1/10), reconnecting in 5s. Error: httpx.ReadError: 
2026-06-30 23:10:51,210 INFO hermes_plugins.telegram_platform.adapter: [Telegram] Telegram polling resumed after network error (attempt 1)
2026-06-30 23:32:04,139 INFO gateway.run: Received SIGTERM — initiating shutdown
2026-06-30 23:32:04,140 WARNING gateway.run: Shutdown context: signal=SIGTERM under_systemd=yes parent_pid=697 parent_name=systemd loadavg_1m=1.39 parent_cmdline='/usr/lib/systemd/systemd --user'
2026-06-30 23:32:04,147 INFO gateway.run: Stopping gateway...
2026-06-30 23:32:06,006 INFO gateway.run: Sent shutdown notification to home channel telegram:5539915160
2026-06-30 23:32:06,007 INFO gateway.run: Shutdown phase: notify_active_sessions done at +1.86s
2026-06-30 23:32:06,014 INFO gateway.run: Shutdown phase: drain done at +1.87s (drain took 0.01s, timed_out=False, active_at_start=0, active_now=0)
2026-06-30 23:32:10,361 INFO hermes_plugins.telegram_platform.adapter: [Telegram] Disconnected from Telegram
2026-06-30 23:32:10,362 INFO gateway.run: ✓ telegram disconnected (4.34s)
2026-06-30 23:32:10,363 INFO gateway.run: Shutdown phase: all adapters disconnected at +6.22s
2026-06-30 23:32:10,366 INFO gateway.run: Shutdown phase: final-cleanup tool kill done at +6.22s
2026-06-30 23:32:10,368 INFO gateway.run: Shutdown phase: SessionDB close done at +6.22s
2026-06-30 23:32:10,369 INFO gateway.run: Gateway stopped by an unexpected signal — persisting gateway_state=running so container_boot auto-starts on the next boot (issue #42675)
2026-06-30 23:32:10,378 INFO gateway.run: Gateway stopped (total teardown 6.23s)
2026-06-30 23:32:10,380 INFO gateway.run: Gateway housekeeping stopped
2026-06-30 23:32:10,382 INFO gateway.run: Exiting with code 1 (signal-initiated shutdown without restart request) so systemd Restart=on-failure can revive the gateway.
2026-07-01 09:07:57,573 INFO gateway.run: Starting Hermes Gateway...
2026-07-01 09:07:57,573 INFO gateway.run: Session storage: /home/luffy/.hermes/sessions
2026-07-01 09:07:57,582 INFO gateway.run: Agent budget: max_iterations=60 (agent.max_turns from config.yaml, or HERMES_MAX_ITERATIONS from .env, or default 90)
2026-07-01 09:07:57,582 INFO gateway.run: Secret redaction: ENABLED (tool output, logs, and chat responses are scrubbed before delivery)
2026-07-01 09:07:57,590 INFO gateway.run: Previous gateway exited cleanly — skipping session suspension
2026-07-01 09:07:57,618 INFO gateway.run: Connecting to telegram...
2026-07-01 09:07:57,656 INFO plugins.platforms.telegram.telegram_network: DoH discovery yielded no usable IPs (system DNS: unknown); using seed fallback IPs 149.154.167.220
2026-07-01 09:07:57,658 INFO hermes_plugins.telegram_platform.adapter: [Telegram] Auto-discovered Telegram fallback IPs: 149.154.167.220
2026-07-01 09:07:57,658 INFO hermes_plugins.telegram_platform.adapter: [Telegram] Telegram fallback IPs active: 149.154.167.220
2026-07-01 09:07:57,686 WARNING plugins.platforms.telegram.telegram_network: [Telegram] Primary api.telegram.org connection failed ([Errno -3] Temporary failure in name resolution); trying fallback IPs 149.154.167.220
2026-07-01 09:07:57,687 WARNING plugins.platforms.telegram.telegram_network: [Telegram] Fallback IP 149.154.167.220 failed: All connection attempts failed
2026-07-01 09:07:57,687 WARNING hermes_plugins.telegram_platform.adapter: [Telegram] Connect attempt 1/8 failed: httpx.ConnectError: All connection attempts failed — retrying in 1s
2026-07-01 09:07:58,693 WARNING plugins.platforms.telegram.telegram_network: [Telegram] Primary api.telegram.org connection failed ([Errno -3] Temporary failure in name resolution); trying fallback IPs 149.154.167.220
2026-07-01 09:07:58,699 WARNING plugins.platforms.telegram.telegram_network: [Telegram] Fallback IP 149.154.167.220 failed: All connection attempts failed
2026-07-01 09:07:58,701 WARNING hermes_plugins.telegram_platform.adapter: [Telegram] Connect attempt 2/8 failed: httpx.ConnectError: All connection attempts failed — retrying in 2s
2026-07-01 09:08:00,709 WARNING plugins.platforms.telegram.telegram_network: [Telegram] Primary api.telegram.org connection failed ([Errno -3] Temporary failure in name resolution); trying fallback IPs 149.154.167.220
2026-07-01 09:08:00,714 WARNING plugins.platforms.telegram.telegram_network: [Telegram] Fallback IP 149.154.167.220 failed: All connection attempts failed
2026-07-01 09:08:00,715 WARNING hermes_plugins.telegram_platform.adapter: [Telegram] Connect attempt 3/8 failed: httpx.ConnectError: All connection attempts failed — retrying in 4s
2026-07-01 09:08:04,721 WARNING plugins.platforms.telegram.telegram_network: [Telegram] Primary api.telegram.org connection failed ([Errno -3] Temporary failure in name resolution); trying fallback IPs 149.154.167.220
2026-07-01 09:08:04,722 WARNING plugins.platforms.telegram.telegram_network: [Telegram] Fallback IP 149.154.167.220 failed: All connection attempts failed
2026-07-01 09:08:04,723 WARNING hermes_plugins.telegram_platform.adapter: [Telegram] Connect attempt 4/8 failed: httpx.ConnectError: All connection attempts failed — retrying in 8s
2026-07-01 09:08:12,732 WARNING plugins.platforms.telegram.telegram_network: [Telegram] Primary api.telegram.org connection failed ([Errno -3] Temporary failure in name resolution); trying fallback IPs 149.154.167.220
2026-07-01 09:08:12,733 WARNING plugins.platforms.telegram.telegram_network: [Telegram] Fallback IP 149.154.167.220 failed: All connection attempts failed
2026-07-01 09:08:12,734 WARNING hermes_plugins.telegram_platform.adapter: [Telegram] Connect attempt 5/8 failed: httpx.ConnectError: All connection attempts failed — retrying in 15s
2026-07-01 09:08:27,637 ERROR gateway.run: ✗ telegram error: telegram connect timed out after 30s
2026-07-01 09:08:27,645 INFO hermes_plugins.telegram_platform.adapter: [Telegram] Disconnected from Telegram
2026-07-01 09:08:27,682 INFO gateway.run: Connecting to whatsapp...
2026-07-01 09:08:27,707 WARNING hermes_plugins.whatsapp_platform.adapter: [Whatsapp] WhatsApp is enabled but not paired (no creds.json at /home/luffy/.hermes/platforms/whatsapp/session/creds.json). Run `hermes whatsapp` to pair, or remove WHATSAPP_ENABLED from your .env to disable.
2026-07-01 09:08:27,715 WARNING gateway.run: ✗ whatsapp failed to connect
2026-07-01 09:08:27,721 ERROR gateway.run: Gateway hit a non-retryable startup conflict: whatsapp: WhatsApp enabled but not paired — run `hermes whatsapp` to pair.
2026-07-01 09:08:27,729 ERROR gateway.run: Gateway exiting cleanly: whatsapp: WhatsApp enabled but not paired — run `hermes whatsapp` to pair.
2026-07-01 09:08:36,860 INFO gateway.run: Starting Hermes Gateway...
2026-07-01 09:08:36,861 INFO gateway.run: Session storage: /home/luffy/.hermes/sessions
2026-07-01 09:08:36,872 INFO gateway.run: Agent budget: max_iterations=60 (agent.max_turns from config.yaml, or HERMES_MAX_ITERATIONS from .env, or default 90)
2026-07-01 09:08:36,873 INFO gateway.run: Secret redaction: ENABLED (tool output, logs, and chat responses are scrubbed before delivery)
2026-07-01 09:08:36,930 INFO gateway.run: Connecting to telegram...
2026-07-01 09:08:36,965 INFO plugins.platforms.telegram.telegram_network: DoH discovery yielded no usable IPs (system DNS: unknown); using seed fallback IPs 149.154.167.220
2026-07-01 09:08:36,966 INFO hermes_plugins.telegram_platform.adapter: [Telegram] Auto-discovered Telegram fallback IPs: 149.154.167.220
2026-07-01 09:08:36,966 INFO hermes_plugins.telegram_platform.adapter: [Telegram] Telegram fallback IPs active: 149.154.167.220
2026-07-01 09:08:36,992 WARNING plugins.platforms.telegram.telegram_network: [Telegram] Primary api.telegram.org connection failed ([Errno -3] Temporary failure in name resolution); trying fallback IPs 149.154.167.220
2026-07-01 09:08:36,993 WARNING plugins.platforms.telegram.telegram_network: [Telegram] Fallback IP 149.154.167.220 failed: All connection attempts failed
2026-07-01 09:08:36,994 WARNING hermes_plugins.telegram_platform.adapter: [Telegram] Connect attempt 1/8 failed: httpx.ConnectError: All connection attempts failed — retrying in 1s
2026-07-01 09:08:38,000 WARNING plugins.platforms.telegram.telegram_network: [Telegram] Primary api.telegram.org connection failed ([Errno -3] Temporary failure in name resolution); trying fallback IPs 149.154.167.220
2026-07-01 09:08:38,005 WARNING plugins.platforms.telegram.telegram_network: [Telegram] Fallback IP 149.154.167.220 failed: All connection attempts failed
2026-07-01 09:08:38,007 WARNING hermes_plugins.telegram_platform.adapter: [Telegram] Connect attempt 2/8 failed: httpx.ConnectError: All connection attempts failed — retrying in 2s
2026-07-01 09:08:40,016 WARNING plugins.platforms.telegram.telegram_network: [Telegram] Primary api.telegram.org connection failed ([Errno -3] Temporary failure in name resolution); trying fallback IPs 149.154.167.220
2026-07-01 09:08:40,021 WARNING plugins.platforms.telegram.telegram_network: [Telegram] Fallback IP 149.154.167.220 failed: All connection attempts failed
2026-07-01 09:08:40,023 WARNING hermes_plugins.telegram_platform.adapter: [Telegram] Connect attempt 3/8 failed: httpx.ConnectError: All connection attempts failed — retrying in 4s
2026-07-01 09:08:44,034 WARNING plugins.platforms.telegram.telegram_network: [Telegram] Primary api.telegram.org connection failed ([Errno -3] Temporary failure in name resolution); trying fallback IPs 149.154.167.220
2026-07-01 09:08:44,039 WARNING plugins.platforms.telegram.telegram_network: [Telegram] Fallback IP 149.154.167.220 failed: All connection attempts failed
2026-07-01 09:08:44,041 WARNING hermes_plugins.telegram_platform.adapter: [Telegram] Connect attempt 4/8 failed: httpx.ConnectError: All connection attempts failed — retrying in 8s
2026-07-01 09:08:52,055 WARNING plugins.platforms.telegram.telegram_network: [Telegram] Primary api.telegram.org connection failed ([Errno -3] Temporary failure in name resolution); trying fallback IPs 149.154.167.220
2026-07-01 09:08:52,059 WARNING plugins.platforms.telegram.telegram_network: [Telegram] Fallback IP 149.154.167.220 failed: All connection attempts failed
2026-07-01 09:08:52,061 WARNING hermes_plugins.telegram_platform.adapter: [Telegram] Connect attempt 5/8 failed: httpx.ConnectError: All connection attempts failed — retrying in 15s
2026-07-01 09:09:06,947 ERROR gateway.run: ✗ telegram error: telegram connect timed out after 30s
2026-07-01 09:09:06,952 INFO hermes_plugins.telegram_platform.adapter: [Telegram] Disconnected from Telegram
2026-07-01 09:09:06,963 INFO gateway.run: Connecting to whatsapp...
2026-07-01 09:09:06,976 WARNING hermes_plugins.whatsapp_platform.adapter: [Whatsapp] WhatsApp is enabled but not paired (no creds.json at /home/luffy/.hermes/platforms/whatsapp/session/creds.json). Run `hermes whatsapp` to pair, or remove WHATSAPP_ENABLED from your .env to disable.
2026-07-01 09:09:06,980 WARNING gateway.run: ✗ whatsapp failed to connect
2026-07-01 09:09:06,982 ERROR gateway.run: Gateway hit a non-retryable startup conflict: whatsapp: WhatsApp enabled but not paired — run `hermes whatsapp` to pair.
2026-07-01 09:09:06,985 ERROR gateway.run: Gateway exiting cleanly: whatsapp: WhatsApp enabled but not paired — run `hermes whatsapp` to pair.
2026-07-01 09:09:16,267 INFO gateway.run: Starting Hermes Gateway...
2026-07-01 09:09:16,268 INFO gateway.run: Session storage: /home/luffy/.hermes/sessions
2026-07-01 09:09:16,279 INFO gateway.run: Agent budget: max_iterations=60 (agent.max_turns from config.yaml, or HERMES_MAX_ITERATIONS from .env, or default 90)
2026-07-01 09:09:16,280 INFO gateway.run: Secret redaction: ENABLED (tool output, logs, and chat responses are scrubbed before delivery)
2026-07-01 09:09:16,365 INFO gateway.run: Connecting to telegram...
2026-07-01 09:09:16,445 INFO plugins.platforms.telegram.telegram_network: DoH discovery yielded no usable IPs (system DNS: unknown); using seed fallback IPs 149.154.167.220
2026-07-01 09:09:16,446 INFO hermes_plugins.telegram_platform.adapter: [Telegram] Auto-discovered Telegram fallback IPs: 149.154.167.220
2026-07-01 09:09:16,447 INFO hermes_plugins.telegram_platform.adapter: [Telegram] Telegram fallback IPs active: 149.154.167.220
2026-07-01 09:09:16,549 WARNING plugins.platforms.telegram.telegram_network: [Telegram] Primary api.telegram.org connection failed ([Errno -3] Temporary failure in name resolution); trying fallback IPs 149.154.167.220
2026-07-01 09:09:16,553 WARNING plugins.platforms.telegram.telegram_network: [Telegram] Fallback IP 149.154.167.220 failed: All connection attempts failed
2026-07-01 09:09:16,555 WARNING hermes_plugins.telegram_platform.adapter: [Telegram] Connect attempt 1/8 failed: httpx.ConnectError: All connection attempts failed — retrying in 1s
2026-07-01 09:09:17,561 WARNING plugins.platforms.telegram.telegram_network: [Telegram] Primary api.telegram.org connection failed ([Errno -3] Temporary failure in name resolution); trying fallback IPs 149.154.167.220
2026-07-01 09:09:17,564 WARNING plugins.platforms.telegram.telegram_network: [Telegram] Fallback IP 149.154.167.220 failed: All connection attempts failed
2026-07-01 09:09:17,565 WARNING hermes_plugins.telegram_platform.adapter: [Telegram] Connect attempt 2/8 failed: httpx.ConnectError: All connection attempts failed — retrying in 2s
2026-07-01 09:09:19,572 WARNING plugins.platforms.telegram.telegram_network: [Telegram] Primary api.telegram.org connection failed ([Errno -3] Temporary failure in name resolution); trying fallback IPs 149.154.167.220
2026-07-01 09:09:19,577 WARNING plugins.platforms.telegram.telegram_network: [Telegram] Fallback IP 149.154.167.220 failed: All connection attempts failed
2026-07-01 09:09:19,579 WARNING hermes_plugins.telegram_platform.adapter: [Telegram] Connect attempt 3/8 failed: httpx.ConnectError: All connection attempts failed — retrying in 4s
2026-07-01 09:09:23,590 WARNING plugins.platforms.telegram.telegram_network: [Telegram] Primary api.telegram.org connection failed ([Errno -3] Temporary failure in name resolution); trying fallback IPs 149.154.167.220
2026-07-01 09:09:23,595 WARNING plugins.platforms.telegram.telegram_network: [Telegram] Fallback IP 149.154.167.220 failed: All connection attempts failed
2026-07-01 09:09:23,597 WARNING hermes_plugins.telegram_platform.adapter: [Telegram] Connect attempt 4/8 failed: httpx.ConnectError: All connection attempts failed — retrying in 8s
2026-07-01 09:09:31,611 WARNING plugins.platforms.telegram.telegram_network: [Telegram] Primary api.telegram.org connection failed ([Errno -3] Temporary failure in name resolution); trying fallback IPs 149.154.167.220
2026-07-01 09:09:31,615 WARNING plugins.platforms.telegram.telegram_network: [Telegram] Fallback IP 149.154.167.220 failed: All connection attempts failed
2026-07-01 09:09:31,617 WARNING hermes_plugins.telegram_platform.adapter: [Telegram] Connect attempt 5/8 failed: httpx.ConnectError: All connection attempts failed — retrying in 15s
2026-07-01 09:09:46,383 ERROR gateway.run: ✗ telegram error: telegram connect timed out after 30s
2026-07-01 09:09:46,391 INFO hermes_plugins.telegram_platform.adapter: [Telegram] Disconnected from Telegram
2026-07-01 09:09:46,426 INFO gateway.run: Connecting to whatsapp...
2026-07-01 09:09:46,452 WARNING hermes_plugins.whatsapp_platform.adapter: [Whatsapp] WhatsApp is enabled but not paired (no creds.json at /home/luffy/.hermes/platforms/whatsapp/session/creds.json). Run `hermes whatsapp` to pair, or remove WHATSAPP_ENABLED from your .env to disable.
2026-07-01 09:09:46,460 WARNING gateway.run: ✗ whatsapp failed to connect
2026-07-01 09:09:46,466 ERROR gateway.run: Gateway hit a non-retryable startup conflict: whatsapp: WhatsApp enabled but not paired — run `hermes whatsapp` to pair.
2026-07-01 09:09:46,473 ERROR gateway.run: Gateway exiting cleanly: whatsapp: WhatsApp enabled but not paired — run `hermes whatsapp` to pair.
2026-07-01 09:09:55,608 INFO gateway.run: Starting Hermes Gateway...
2026-07-01 09:09:55,609 INFO gateway.run: Session storage: /home/luffy/.hermes/sessions
2026-07-01 09:09:55,619 INFO gateway.run: Agent budget: max_iterations=60 (agent.max_turns from config.yaml, or HERMES_MAX_ITERATIONS from .env, or default 90)
2026-07-01 09:09:55,620 INFO gateway.run: Secret redaction: ENABLED (tool output, logs, and chat responses are scrubbed before delivery)
2026-07-01 09:09:55,679 INFO gateway.run: Connecting to telegram...
2026-07-01 09:09:55,760 INFO plugins.platforms.telegram.telegram_network: DoH discovery yielded no usable IPs (system DNS: 149.154.166.110); using seed fallback IPs 149.154.167.220
2026-07-01 09:09:55,762 INFO hermes_plugins.telegram_platform.adapter: [Telegram] Auto-discovered Telegram fallback IPs: 149.154.167.220
2026-07-01 09:09:55,763 INFO hermes_plugins.telegram_platform.adapter: [Telegram] Telegram fallback IPs active: 149.154.167.220
2026-07-01 09:09:55,904 WARNING plugins.platforms.telegram.telegram_network: [Telegram] Primary api.telegram.org connection failed ([SSL: CERTIFICATE_VERIFY_FAILED] certificate verify failed: self-signed certificate in certificate chain (_ssl.c:1016)); trying fallback IPs 149.154.167.220
2026-07-01 09:09:55,959 WARNING plugins.platforms.telegram.telegram_network: [Telegram] Fallback IP 149.154.167.220 failed: [SSL: CERTIFICATE_VERIFY_FAILED] certificate verify failed: self-signed certificate in certificate chain (_ssl.c:1016)
2026-07-01 09:09:55,961 WARNING hermes_plugins.telegram_platform.adapter: [Telegram] Connect attempt 1/8 failed: httpx.ConnectError: [SSL: CERTIFICATE_VERIFY_FAILED] certificate verify failed: self-signed certificate in certificate chain (_ssl.c:1016) — retrying in 1s
2026-07-01 09:09:57,042 WARNING plugins.platforms.telegram.telegram_network: [Telegram] Primary api.telegram.org connection failed ([SSL: CERTIFICATE_VERIFY_FAILED] certificate verify failed: self-signed certificate in certificate chain (_ssl.c:1016)); trying fallback IPs 149.154.167.220
2026-07-01 09:09:57,075 WARNING plugins.platforms.telegram.telegram_network: [Telegram] Fallback IP 149.154.167.220 failed: [SSL: CERTIFICATE_VERIFY_FAILED] certificate verify failed: self-signed certificate in certificate chain (_ssl.c:1016)
2026-07-01 09:09:57,076 WARNING hermes_plugins.telegram_platform.adapter: [Telegram] Connect attempt 2/8 failed: httpx.ConnectError: [SSL: CERTIFICATE_VERIFY_FAILED] certificate verify failed: self-signed certificate in certificate chain (_ssl.c:1016) — retrying in 2s
2026-07-01 09:09:59,115 WARNING plugins.platforms.telegram.telegram_network: [Telegram] Primary api.telegram.org connection failed ([SSL: CERTIFICATE_VERIFY_FAILED] certificate verify failed: self-signed certificate in certificate chain (_ssl.c:1016)); trying fallback IPs 149.154.167.220
2026-07-01 09:09:59,134 WARNING plugins.platforms.telegram.telegram_network: [Telegram] Fallback IP 149.154.167.220 failed: [SSL: CERTIFICATE_VERIFY_FAILED] certificate verify failed: self-signed certificate in certificate chain (_ssl.c:1016)
2026-07-01 09:09:59,137 WARNING hermes_plugins.telegram_platform.adapter: [Telegram] Connect attempt 3/8 failed: httpx.ConnectError: [SSL: CERTIFICATE_VERIFY_FAILED] certificate verify failed: self-signed certificate in certificate chain (_ssl.c:1016) — retrying in 4s
2026-07-01 09:10:03,207 WARNING plugins.platforms.telegram.telegram_network: [Telegram] Primary api.telegram.org connection failed ([SSL: CERTIFICATE_VERIFY_FAILED] certificate verify failed: self-signed certificate in certificate chain (_ssl.c:1016)); trying fallback IPs 149.154.167.220
2026-07-01 09:10:03,227 WARNING plugins.platforms.telegram.telegram_network: [Telegram] Fallback IP 149.154.167.220 failed: [SSL: CERTIFICATE_VERIFY_FAILED] certificate verify failed: self-signed certificate in certificate chain (_ssl.c:1016)
2026-07-01 09:10:03,230 WARNING hermes_plugins.telegram_platform.adapter: [Telegram] Connect attempt 4/8 failed: httpx.ConnectError: [SSL: CERTIFICATE_VERIFY_FAILED] certificate verify failed: self-signed certificate in certificate chain (_ssl.c:1016) — retrying in 8s
2026-07-01 09:10:11,275 WARNING plugins.platforms.telegram.telegram_network: [Telegram] Primary api.telegram.org connection failed ([SSL: CERTIFICATE_VERIFY_FAILED] certificate verify failed: self-signed certificate in certificate chain (_ssl.c:1016)); trying fallback IPs 149.154.167.220
2026-07-01 09:10:11,296 WARNING plugins.platforms.telegram.telegram_network: [Telegram] Fallback IP 149.154.167.220 failed: [SSL: CERTIFICATE_VERIFY_FAILED] certificate verify failed: self-signed certificate in certificate chain (_ssl.c:1016)
2026-07-01 09:10:11,298 WARNING hermes_plugins.telegram_platform.adapter: [Telegram] Connect attempt 5/8 failed: httpx.ConnectError: [SSL: CERTIFICATE_VERIFY_FAILED] certificate verify failed: self-signed certificate in certificate chain (_ssl.c:1016) — retrying in 15s
2026-07-01 09:10:25,687 ERROR gateway.run: ✗ telegram error: telegram connect timed out after 30s
2026-07-01 09:10:25,695 INFO hermes_plugins.telegram_platform.adapter: [Telegram] Disconnected from Telegram
2026-07-01 09:10:25,726 INFO gateway.run: Connecting to whatsapp...
2026-07-01 09:10:25,754 WARNING hermes_plugins.whatsapp_platform.adapter: [Whatsapp] WhatsApp is enabled but not paired (no creds.json at /home/luffy/.hermes/platforms/whatsapp/session/creds.json). Run `hermes whatsapp` to pair, or remove WHATSAPP_ENABLED from your .env to disable.
2026-07-01 09:10:25,761 WARNING gateway.run: ✗ whatsapp failed to connect
2026-07-01 09:10:25,768 ERROR gateway.run: Gateway hit a non-retryable startup conflict: whatsapp: WhatsApp enabled but not paired — run `hermes whatsapp` to pair.
2026-07-01 09:10:25,774 ERROR gateway.run: Gateway exiting cleanly: whatsapp: WhatsApp enabled but not paired — run `hermes whatsapp` to pair.
2026-07-01 09:10:34,888 INFO gateway.run: Starting Hermes Gateway...
2026-07-01 09:10:34,888 INFO gateway.run: Session storage: /home/luffy/.hermes/sessions
2026-07-01 09:10:34,900 INFO gateway.run: Agent budget: max_iterations=60 (agent.max_turns from config.yaml, or HERMES_MAX_ITERATIONS from .env, or default 90)
2026-07-01 09:10:34,901 INFO gateway.run: Secret redaction: ENABLED (tool output, logs, and chat responses are scrubbed before delivery)
2026-07-01 09:10:35,008 INFO gateway.run: Connecting to telegram...
2026-07-01 09:10:35,108 INFO plugins.platforms.telegram.telegram_network: DoH discovery yielded no usable IPs (system DNS: 149.154.166.110); using seed fallback IPs 149.154.167.220
2026-07-01 09:10:35,113 INFO hermes_plugins.telegram_platform.adapter: [Telegram] Auto-discovered Telegram fallback IPs: 149.154.167.220
2026-07-01 09:10:35,114 INFO hermes_plugins.telegram_platform.adapter: [Telegram] Telegram fallback IPs active: 149.154.167.220
2026-07-01 09:10:35,206 WARNING plugins.platforms.telegram.telegram_network: [Telegram] Primary api.telegram.org connection failed ([SSL: CERTIFICATE_VERIFY_FAILED] certificate verify failed: self-signed certificate in certificate chain (_ssl.c:1016)); trying fallback IPs 149.154.167.220
2026-07-01 09:10:35,225 WARNING plugins.platforms.telegram.telegram_network: [Telegram] Fallback IP 149.154.167.220 failed: [SSL: CERTIFICATE_VERIFY_FAILED] certificate verify failed: self-signed certificate in certificate chain (_ssl.c:1016)
2026-07-01 09:10:35,228 WARNING hermes_plugins.telegram_platform.adapter: [Telegram] Connect attempt 1/8 failed: httpx.ConnectError: [SSL: CERTIFICATE_VERIFY_FAILED] certificate verify failed: self-signed certificate in certificate chain (_ssl.c:1016) — retrying in 1s
2026-07-01 09:10:36,273 WARNING plugins.platforms.telegram.telegram_network: [Telegram] Primary api.telegram.org connection failed ([SSL: CERTIFICATE_VERIFY_FAILED] certificate verify failed: self-signed certificate in certificate chain (_ssl.c:1016)); trying fallback IPs 149.154.167.220
2026-07-01 09:10:36,302 WARNING plugins.platforms.telegram.telegram_network: [Telegram] Fallback IP 149.154.167.220 failed: [SSL: CERTIFICATE_VERIFY_FAILED] certificate verify failed: self-signed certificate in certificate chain (_ssl.c:1016)
2026-07-01 09:10:36,306 WARNING hermes_plugins.telegram_platform.adapter: [Telegram] Connect attempt 2/8 failed: httpx.ConnectError: [SSL: CERTIFICATE_VERIFY_FAILED] certificate verify failed: self-signed certificate in certificate chain (_ssl.c:1016) — retrying in 2s
2026-07-01 09:10:38,351 WARNING plugins.platforms.telegram.telegram_network: [Telegram] Primary api.telegram.org connection failed ([SSL: CERTIFICATE_VERIFY_FAILED] certificate verify failed: self-signed certificate in certificate chain (_ssl.c:1016)); trying fallback IPs 149.154.167.220
2026-07-01 09:10:38,373 WARNING plugins.platforms.telegram.telegram_network: [Telegram] Fallback IP 149.154.167.220 failed: [SSL: CERTIFICATE_VERIFY_FAILED] certificate verify failed: self-signed certificate in certificate chain (_ssl.c:1016)
2026-07-01 09:10:38,375 WARNING hermes_plugins.telegram_platform.adapter: [Telegram] Connect attempt 3/8 failed: httpx.ConnectError: [SSL: CERTIFICATE_VERIFY_FAILED] certificate verify failed: self-signed certificate in certificate chain (_ssl.c:1016) — retrying in 4s
2026-07-01 09:10:42,411 WARNING plugins.platforms.telegram.telegram_network: [Telegram] Primary api.telegram.org connection failed ([SSL: CERTIFICATE_VERIFY_FAILED] certificate verify failed: self-signed certificate in certificate chain (_ssl.c:1016)); trying fallback IPs 149.154.167.220
2026-07-01 09:10:42,439 WARNING plugins.platforms.telegram.telegram_network: [Telegram] Fallback IP 149.154.167.220 failed: [SSL: CERTIFICATE_VERIFY_FAILED] certificate verify failed: self-signed certificate in certificate chain (_ssl.c:1016)
2026-07-01 09:10:42,441 WARNING hermes_plugins.telegram_platform.adapter: [Telegram] Connect attempt 4/8 failed: httpx.ConnectError: [SSL: CERTIFICATE_VERIFY_FAILED] certificate verify failed: self-signed certificate in certificate chain (_ssl.c:1016) — retrying in 8s
2026-07-01 09:10:50,516 WARNING plugins.platforms.telegram.telegram_network: [Telegram] Primary api.telegram.org connection failed ([SSL: CERTIFICATE_VERIFY_FAILED] certificate verify failed: self-signed certificate in certificate chain (_ssl.c:1016)); trying fallback IPs 149.154.167.220
2026-07-01 09:10:50,543 WARNING plugins.platforms.telegram.telegram_network: [Telegram] Fallback IP 149.154.167.220 failed: [SSL: CERTIFICATE_VERIFY_FAILED] certificate verify failed: self-signed certificate in certificate chain (_ssl.c:1016)
2026-07-01 09:10:50,545 WARNING hermes_plugins.telegram_platform.adapter: [Telegram] Connect attempt 5/8 failed: httpx.ConnectError: [SSL: CERTIFICATE_VERIFY_FAILED] certificate verify failed: self-signed certificate in certificate chain (_ssl.c:1016) — retrying in 15s
2026-07-01 09:11:05,850 ERROR gateway.run: ✗ telegram error: telegram connect timed out after 30s
2026-07-01 09:11:05,858 INFO hermes_plugins.telegram_platform.adapter: [Telegram] Disconnected from Telegram
2026-07-01 09:11:05,885 INFO gateway.run: Connecting to whatsapp...
2026-07-01 09:11:05,905 WARNING hermes_plugins.whatsapp_platform.adapter: [Whatsapp] WhatsApp is enabled but not paired (no creds.json at /home/luffy/.hermes/platforms/whatsapp/session/creds.json). Run `hermes whatsapp` to pair, or remove WHATSAPP_ENABLED from your .env to disable.
2026-07-01 09:11:05,911 WARNING gateway.run: ✗ whatsapp failed to connect
2026-07-01 09:11:05,917 ERROR gateway.run: Gateway hit a non-retryable startup conflict: whatsapp: WhatsApp enabled but not paired — run `hermes whatsapp` to pair.
2026-07-01 09:11:05,925 ERROR gateway.run: Gateway exiting cleanly: whatsapp: WhatsApp enabled but not paired — run `hermes whatsapp` to pair.
2026-07-01 09:11:15,533 INFO gateway.run: Starting Hermes Gateway...
2026-07-01 09:11:15,534 INFO gateway.run: Session storage: /home/luffy/.hermes/sessions
2026-07-01 09:11:15,546 INFO gateway.run: Agent budget: max_iterations=60 (agent.max_turns from config.yaml, or HERMES_MAX_ITERATIONS from .env, or default 90)
2026-07-01 09:11:15,547 INFO gateway.run: Secret redaction: ENABLED (tool output, logs, and chat responses are scrubbed before delivery)
2026-07-01 09:11:15,606 INFO gateway.run: Connecting to telegram...
2026-07-01 09:11:15,713 INFO plugins.platforms.telegram.telegram_network: DoH discovery yielded no usable IPs (system DNS: 149.154.166.110); using seed fallback IPs 149.154.167.220
2026-07-01 09:11:15,714 INFO hermes_plugins.telegram_platform.adapter: [Telegram] Auto-discovered Telegram fallback IPs: 149.154.167.220
2026-07-01 09:11:15,715 INFO hermes_plugins.telegram_platform.adapter: [Telegram] Telegram fallback IPs active: 149.154.167.220
2026-07-01 09:11:17,636 INFO hermes_plugins.telegram_platform.adapter: [Telegram] set_my_commands OK for scope BotCommandScopeDefault (60 cmds)
2026-07-01 09:11:17,992 INFO hermes_plugins.telegram_platform.adapter: [Telegram] set_my_commands OK for scope BotCommandScopeAllPrivateChats (60 cmds)
2026-07-01 09:11:18,351 INFO hermes_plugins.telegram_platform.adapter: [Telegram] set_my_commands OK for scope BotCommandScopeAllGroupChats (60 cmds)
2026-07-01 09:11:18,353 INFO hermes_plugins.telegram_platform.adapter: [Telegram] Telegram menu: 60 commands registered, 74 hidden (over 60 limit). Use /commands for full list.
2026-07-01 09:11:18,360 INFO hermes_plugins.telegram_platform.adapter: [Telegram] Connected to Telegram (polling mode)
2026-07-01 09:11:18,371 INFO gateway.run: ✓ telegram connected
2026-07-01 09:11:18,393 INFO gateway.run: Connecting to whatsapp...
2026-07-01 09:11:18,420 WARNING hermes_plugins.whatsapp_platform.adapter: [Whatsapp] WhatsApp is enabled but not paired (no creds.json at /home/luffy/.hermes/platforms/whatsapp/session/creds.json). Run `hermes whatsapp` to pair, or remove WHATSAPP_ENABLED from your .env to disable.
2026-07-01 09:11:18,428 WARNING gateway.run: ✗ whatsapp failed to connect
2026-07-01 09:11:18,439 INFO gateway.run: Gateway running with 1 platform(s)
2026-07-01 09:11:18,450 INFO gateway.run: Channel directory built: 1 target(s)
2026-07-01 09:11:19,458 INFO gateway.run: Press Ctrl+C to stop
2026-07-01 09:11:19,575 INFO gateway.run: Gateway housekeeping started (interval=60s)
2026-07-01 09:11:19,634 INFO gateway.run: kanban dispatcher: holding singleton dispatcher lock (/home/luffy/.hermes/kanban/.dispatcher.lock)
2026-07-01 09:11:24,643 INFO gateway.run: kanban dispatcher: embedded in gateway (interval=60.0s)
2026-07-01 12:14:44,548 INFO gateway.run: Received SIGTERM — initiating shutdown
2026-07-01 12:14:44,549 WARNING gateway.run: Shutdown context: signal=SIGTERM under_systemd=yes parent_pid=702 parent_name=systemd loadavg_1m=3.07 parent_cmdline='/usr/lib/systemd/systemd --user'
2026-07-01 12:14:44,555 INFO gateway.run: Stopping gateway...
2026-07-01 12:14:44,608 WARNING plugins.platforms.telegram.telegram_network: [Telegram] Primary api.telegram.org connection failed ([SSL: CERTIFICATE_VERIFY_FAILED] certificate verify failed: self-signed certificate in certificate chain (_ssl.c:1016)); trying fallback IPs 149.154.167.220
2026-07-01 12:14:44,622 WARNING plugins.platforms.telegram.telegram_network: [Telegram] Fallback IP 149.154.167.220 failed: [SSL: CERTIFICATE_VERIFY_FAILED] certificate verify failed: self-signed certificate in certificate chain (_ssl.c:1016)
2026-07-01 12:14:44,625 WARNING hermes_plugins.telegram_platform.adapter: [Telegram] Network error on send (attempt 1/3), retrying in 1s: httpx.ConnectError: [SSL: CERTIFICATE_VERIFY_FAILED] certificate verify failed: self-signed certificate in certificate chain (_ssl.c:1016)
2026-07-01 12:14:45,656 WARNING plugins.platforms.telegram.telegram_network: [Telegram] Primary api.telegram.org connection failed ([SSL: CERTIFICATE_VERIFY_FAILED] certificate verify failed: self-signed certificate in certificate chain (_ssl.c:1016)); trying fallback IPs 149.154.167.220
2026-07-01 12:14:45,679 WARNING plugins.platforms.telegram.telegram_network: [Telegram] Fallback IP 149.154.167.220 failed: [SSL: CERTIFICATE_VERIFY_FAILED] certificate verify failed: self-signed certificate in certificate chain (_ssl.c:1016)
2026-07-01 12:14:45,682 WARNING hermes_plugins.telegram_platform.adapter: [Telegram] Network error on send (attempt 2/3), retrying in 2s: httpx.ConnectError: [SSL: CERTIFICATE_VERIFY_FAILED] certificate verify failed: self-signed certificate in certificate chain (_ssl.c:1016)
2026-07-01 12:14:45,956 WARNING plugins.platforms.telegram.telegram_network: [Telegram] Primary api.telegram.org connection failed ([SSL: CERTIFICATE_VERIFY_FAILED] certificate verify failed: self-signed certificate in certificate chain (_ssl.c:1016)); trying fallback IPs 149.154.167.220
2026-07-01 12:14:45,979 WARNING plugins.platforms.telegram.telegram_network: [Telegram] Fallback IP 149.154.167.220 failed: [SSL: CERTIFICATE_VERIFY_FAILED] certificate verify failed: self-signed certificate in certificate chain (_ssl.c:1016)
2026-07-01 12:14:45,982 WARNING hermes_plugins.telegram_platform.adapter: [Telegram] Telegram network error, scheduling reconnect: httpx.ConnectError: [SSL: CERTIFICATE_VERIFY_FAILED] certificate verify failed: self-signed certificate in certificate chain (_ssl.c:1016)
2026-07-01 12:14:45,985 WARNING hermes_plugins.telegram_platform.adapter: [Telegram] Telegram network error (attempt 1/10), reconnecting in 5s. Error: httpx.ConnectError: [SSL: CERTIFICATE_VERIFY_FAILED] certificate verify failed: self-signed certificate in certificate chain (_ssl.c:1016)
2026-07-01 12:14:47,016 WARNING plugins.platforms.telegram.telegram_network: [Telegram] Primary api.telegram.org connection failed ([SSL: CERTIFICATE_VERIFY_FAILED] certificate verify failed: self-signed certificate in certificate chain (_ssl.c:1016)); trying fallback IPs 149.154.167.220
2026-07-01 12:14:47,036 WARNING plugins.platforms.telegram.telegram_network: [Telegram] Fallback IP 149.154.167.220 failed: [SSL: CERTIFICATE_VERIFY_FAILED] certificate verify failed: self-signed certificate in certificate chain (_ssl.c:1016)
2026-07-01 12:14:47,711 WARNING plugins.platforms.telegram.telegram_network: [Telegram] Primary api.telegram.org connection failed ([SSL: CERTIFICATE_VERIFY_FAILED] certificate verify failed: self-signed certificate in certificate chain (_ssl.c:1016)); trying fallback IPs 149.154.167.220
2026-07-01 12:14:47,732 WARNING plugins.platforms.telegram.telegram_network: [Telegram] Fallback IP 149.154.167.220 failed: [SSL: CERTIFICATE_VERIFY_FAILED] certificate verify failed: self-signed certificate in certificate chain (_ssl.c:1016)
2026-07-01 12:14:47,736 ERROR hermes_plugins.telegram_platform.adapter: [Telegram] Failed to send Telegram message: httpx.ConnectError: [SSL: CERTIFICATE_VERIFY_FAILED] certificate verify failed: self-signed certificate in certificate chain (_ssl.c:1016)
Traceback (most recent call last):
  File "/home/luffy/.hermes/hermes-agent/venv/lib/python3.11/site-packages/httpx/_transports/default.py", line 101, in map_httpcore_exceptions
    yield
  File "/home/luffy/.hermes/hermes-agent/venv/lib/python3.11/site-packages/httpx/_transports/default.py", line 394, in handle_async_request
    resp = await self._pool.handle_async_request(req)
           ^^^^^^^^^^^^^^^^^^^^^^^^^^^^^^^^^^^^^^^^^^
  File "/home/luffy/.hermes/hermes-agent/venv/lib/python3.11/site-packages/httpcore/_async/connection_pool.py", line 256, in handle_async_request
    raise exc from None
  File "/home/luffy/.hermes/hermes-agent/venv/lib/python3.11/site-packages/httpcore/_async/connection_pool.py", line 236, in handle_async_request
    response = await connection.handle_async_request(
               ^^^^^^^^^^^^^^^^^^^^^^^^^^^^^^^^^^^^^^
  File "/home/luffy/.hermes/hermes-agent/venv/lib/python3.11/site-packages/httpcore/_async/connection.py", line 101, in handle_async_request
    raise exc
  File "/home/luffy/.hermes/hermes-agent/venv/lib/python3.11/site-packages/httpcore/_async/connection.py", line 78, in handle_async_request
    stream = await self._connect(request)
             ^^^^^^^^^^^^^^^^^^^^^^^^^^^^
  File "/home/luffy/.hermes/hermes-agent/venv/lib/python3.11/site-packages/httpcore/_async/connection.py", line 156, in _connect
    stream = await stream.start_tls(**kwargs)
             ^^^^^^^^^^^^^^^^^^^^^^^^^^^^^^^^
  File "/home/luffy/.hermes/hermes-agent/venv/lib/python3.11/site-packages/httpcore/_backends/anyio.py", line 67, in start_tls
    with map_exceptions(exc_map):
  File "/home/luffy/.local/share/uv/python/cpython-3.11.15-linux-x86_64-gnu/lib/python3.11/contextlib.py", line 158, in __exit__
    self.gen.throw(typ, value, traceback)
  File "/home/luffy/.hermes/hermes-agent/venv/lib/python3.11/site-packages/httpcore/_exceptions.py", line 14, in map_exceptions
    raise to_exc(exc) from exc
httpcore.ConnectError: [SSL: CERTIFICATE_VERIFY_FAILED] certificate verify failed: self-signed certificate in certificate chain (_ssl.c:1016)

The above exception was the direct cause of the following exception:

Traceback (most recent call last):
  File "/home/luffy/.hermes/hermes-agent/venv/lib/python3.11/site-packages/telegram/request/_httpxrequest.py", line 279, in do_request
    res = await self._client.request(
          ^^^^^^^^^^^^^^^^^^^^^^^^^^^
  File "/home/luffy/.hermes/hermes-agent/venv/lib/python3.11/site-packages/httpx/_client.py", line 1540, in request
    return await self.send(request, auth=auth, follow_redirects=follow_redirects)
           ^^^^^^^^^^^^^^^^^^^^^^^^^^^^^^^^^^^^^^^^^^^^^^^^^^^^^^^^^^^^^^^^^^^^^^
  File "/home/luffy/.hermes/hermes-agent/venv/lib/python3.11/site-packages/httpx/_client.py", line 1629, in send
    response = await self._send_handling_auth(
               ^^^^^^^^^^^^^^^^^^^^^^^^^^^^^^^
  File "/home/luffy/.hermes/hermes-agent/venv/lib/python3.11/site-packages/httpx/_client.py", line 1657, in _send_handling_auth
    response = await self._send_handling_redirects(
               ^^^^^^^^^^^^^^^^^^^^^^^^^^^^^^^^^^^^
  File "/home/luffy/.hermes/hermes-agent/venv/lib/python3.11/site-packages/httpx/_client.py", line 1694, in _send_handling_redirects
    response = await self._send_single_request(request)
               ^^^^^^^^^^^^^^^^^^^^^^^^^^^^^^^^^^^^^^^^
  File "/home/luffy/.hermes/hermes-agent/venv/lib/python3.11/site-packages/httpx/_client.py", line 1730, in _send_single_request
    response = await transport.handle_async_request(request)
               ^^^^^^^^^^^^^^^^^^^^^^^^^^^^^^^^^^^^^^^^^^^^^
  File "/home/luffy/.hermes/hermes-agent/plugins/platforms/telegram/telegram_network.py", line 124, in handle_async_request
    raise last_error
  File "/home/luffy/.hermes/hermes-agent/plugins/platforms/telegram/telegram_network.py", line 90, in handle_async_request
    response = await transport.handle_async_request(candidate)
               ^^^^^^^^^^^^^^^^^^^^^^^^^^^^^^^^^^^^^^^^^^^^^^^
  File "/home/luffy/.hermes/hermes-agent/venv/lib/python3.11/site-packages/httpx/_transports/default.py", line 393, in handle_async_request
    with map_httpcore_exceptions():
  File "/home/luffy/.local/share/uv/python/cpython-3.11.15-linux-x86_64-gnu/lib/python3.11/contextlib.py", line 158, in __exit__
    self.gen.throw(typ, value, traceback)
  File "/home/luffy/.hermes/hermes-agent/venv/lib/python3.11/site-packages/httpx/_transports/default.py", line 118, in map_httpcore_exceptions
    raise mapped_exc(message) from exc
httpx.ConnectError: [SSL: CERTIFICATE_VERIFY_FAILED] certificate verify failed: self-signed certificate in certificate chain (_ssl.c:1016)

The above exception was the direct cause of the following exception:

Traceback (most recent call last):
  File "/home/luffy/.hermes/hermes-agent/plugins/platforms/telegram/adapter.py", line 2929, in send
    msg = await self._bot.send_message(
          ^^^^^^^^^^^^^^^^^^^^^^^^^^^^^
  File "/home/luffy/.hermes/hermes-agent/venv/lib/python3.11/site-packages/telegram/ext/_extbot.py", line 3115, in send_message
    return await super().send_message(
           ^^^^^^^^^^^^^^^^^^^^^^^^^^^
  File "/home/luffy/.hermes/hermes-agent/venv/lib/python3.11/site-packages/telegram/_bot.py", line 1122, in send_message
    return await self._send_message(
           ^^^^^^^^^^^^^^^^^^^^^^^^^
  File "/home/luffy/.hermes/hermes-agent/venv/lib/python3.11/site-packages/telegram/ext/_extbot.py", line 629, in _send_message
    result = await super()._send_message(
             ^^^^^^^^^^^^^^^^^^^^^^^^^^^^
  File "/home/luffy/.hermes/hermes-agent/venv/lib/python3.11/site-packages/telegram/_bot.py", line 819, in _send_message
    result = await self._post(
             ^^^^^^^^^^^^^^^^^
  File "/home/luffy/.hermes/hermes-agent/venv/lib/python3.11/site-packages/telegram/_bot.py", line 703, in _post
    return await self._do_post(
           ^^^^^^^^^^^^^^^^^^^^
  File "/home/luffy/.hermes/hermes-agent/venv/lib/python3.11/site-packages/telegram/ext/_extbot.py", line 369, in _do_post
    return await super()._do_post(
           ^^^^^^^^^^^^^^^^^^^^^^^
  File "/home/luffy/.hermes/hermes-agent/venv/lib/python3.11/site-packages/telegram/_bot.py", line 732, in _do_post
    result = await request.post(
             ^^^^^^^^^^^^^^^^^^^
  File "/home/luffy/.hermes/hermes-agent/venv/lib/python3.11/site-packages/telegram/request/_baserequest.py", line 198, in post
    result = await self._request_wrapper(
             ^^^^^^^^^^^^^^^^^^^^^^^^^^^^
  File "/home/luffy/.hermes/hermes-agent/venv/lib/python3.11/site-packages/telegram/request/_baserequest.py", line 305, in _request_wrapper
    code, payload = await self.do_request(
                    ^^^^^^^^^^^^^^^^^^^^^^
  File "/home/luffy/.hermes/hermes-agent/venv/lib/python3.11/site-packages/telegram/request/_httpxrequest.py", line 303, in do_request
    raise NetworkError(f"httpx.{err.__class__.__name__}: {err}") from err
telegram.error.NetworkError: httpx.ConnectError: [SSL: CERTIFICATE_VERIFY_FAILED] certificate verify failed: self-signed certificate in certificate chain (_ssl.c:1016)
2026-07-01 12:14:47,849 INFO gateway.run: Shutdown phase: notify_active_sessions done at +3.29s
2026-07-01 12:14:47,853 INFO gateway.run: Shutdown phase: drain done at +3.30s (drain took 0.00s, timed_out=False, active_at_start=0, active_now=0)
2026-07-01 12:14:48,595 WARNING plugins.platforms.telegram.telegram_network: [Telegram] Primary api.telegram.org connection failed ([SSL: CERTIFICATE_VERIFY_FAILED] certificate verify failed: self-signed certificate in certificate chain (_ssl.c:1016)); trying fallback IPs 149.154.167.220
2026-07-01 12:14:48,617 WARNING plugins.platforms.telegram.telegram_network: [Telegram] Fallback IP 149.154.167.220 failed: [SSL: CERTIFICATE_VERIFY_FAILED] certificate verify failed: self-signed certificate in certificate chain (_ssl.c:1016)
2026-07-01 12:14:48,729 INFO hermes_plugins.telegram_platform.adapter: [Telegram] Disconnected from Telegram
2026-07-01 12:14:48,729 INFO gateway.run: ✓ telegram disconnected (0.88s)
2026-07-01 12:14:48,729 INFO gateway.run: Shutdown phase: all adapters disconnected at +4.17s
2026-07-01 12:14:48,790 INFO gateway.run: Shutdown phase: final-cleanup tool kill done at +4.23s
2026-07-01 12:14:48,790 INFO gateway.run: Shutdown phase: SessionDB close done at +4.23s
2026-07-01 12:14:48,790 INFO gateway.run: Gateway stopped by an unexpected signal — persisting gateway_state=running so container_boot auto-starts on the next boot (issue #42675)
2026-07-01 12:14:48,794 INFO gateway.run: Gateway stopped (total teardown 4.24s)
2026-07-01 12:14:48,794 INFO gateway.run: Gateway housekeeping stopped
2026-07-01 12:14:48,795 INFO gateway.run: Exiting with code 1 (signal-initiated shutdown without restart request) so systemd Restart=on-failure can revive the gateway.
2026-07-01 20:12:00,753 INFO gateway.run: Starting Hermes Gateway...
2026-07-01 20:12:00,753 INFO gateway.run: Session storage: /home/luffy/.hermes/sessions
2026-07-01 20:12:00,761 INFO gateway.run: Agent budget: max_iterations=60 (agent.max_turns from config.yaml, or HERMES_MAX_ITERATIONS from .env, or default 90)
2026-07-01 20:12:00,761 INFO gateway.run: Secret redaction: ENABLED (tool output, logs, and chat responses are scrubbed before delivery)
2026-07-01 20:12:00,769 INFO gateway.run: Previous gateway exited cleanly — skipping session suspension
2026-07-01 20:12:00,797 INFO gateway.run: Connecting to telegram...
2026-07-01 20:12:01,184 INFO hermes_plugins.telegram_platform.adapter: [Telegram] Auto-discovered Telegram fallback IPs: 149.154.166.110
2026-07-01 20:12:01,185 INFO hermes_plugins.telegram_platform.adapter: [Telegram] Telegram fallback IPs active: 149.154.166.110
2026-07-01 20:12:02,705 INFO hermes_plugins.telegram_platform.adapter: [Telegram] set_my_commands OK for scope BotCommandScopeDefault (60 cmds)
2026-07-01 20:12:03,107 INFO hermes_plugins.telegram_platform.adapter: [Telegram] set_my_commands OK for scope BotCommandScopeAllPrivateChats (60 cmds)
2026-07-01 20:12:03,471 INFO hermes_plugins.telegram_platform.adapter: [Telegram] set_my_commands OK for scope BotCommandScopeAllGroupChats (60 cmds)
2026-07-01 20:12:03,473 INFO hermes_plugins.telegram_platform.adapter: [Telegram] Telegram menu: 60 commands registered, 74 hidden (over 60 limit). Use /commands for full list.
2026-07-01 20:12:03,480 INFO hermes_plugins.telegram_platform.adapter: [Telegram] Connected to Telegram (polling mode)
2026-07-01 20:12:03,496 INFO gateway.run: ✓ telegram connected
2026-07-01 20:12:03,525 INFO gateway.run: Connecting to whatsapp...
2026-07-01 20:12:03,552 WARNING hermes_plugins.whatsapp_platform.adapter: [Whatsapp] WhatsApp is enabled but not paired (no creds.json at /home/luffy/.hermes/platforms/whatsapp/session/creds.json). Run `hermes whatsapp` to pair, or remove WHATSAPP_ENABLED from your .env to disable.
2026-07-01 20:12:03,565 WARNING gateway.run: ✗ whatsapp failed to connect
2026-07-01 20:12:03,581 INFO gateway.run: Gateway running with 1 platform(s)
2026-07-01 20:12:03,596 INFO gateway.run: Channel directory built: 1 target(s)
2026-07-01 20:12:04,604 INFO gateway.run: Press Ctrl+C to stop
2026-07-01 20:12:04,684 INFO gateway.run: Gateway housekeeping started (interval=60s)
2026-07-01 20:12:04,703 INFO gateway.run: kanban dispatcher: holding singleton dispatcher lock (/home/luffy/.hermes/kanban/.dispatcher.lock)
2026-07-01 20:12:09,705 INFO gateway.run: kanban dispatcher: embedded in gateway (interval=60.0s)
2026-07-01 21:11:06,858 INFO gateway.run: curator: curator: snapshot created (2026-07-01T15-41-04Z)
2026-07-01 21:11:07,457 INFO gateway.run: curator: curator: auto: no changes; llm: skipped (consolidation off)
2026-07-01 22:11:42,433 INFO gateway.run: Received SIGTERM — initiating shutdown
2026-07-01 22:11:42,434 WARNING gateway.run: Shutdown context: signal=SIGTERM under_systemd=yes parent_pid=700 parent_name=systemd loadavg_1m=4.21 parent_cmdline='/usr/lib/systemd/systemd --user'
2026-07-01 22:11:42,439 INFO gateway.run: Stopping gateway...
2026-07-01 22:11:44,226 INFO gateway.run: Sent shutdown notification to home channel telegram:5539915160
2026-07-01 22:11:44,227 INFO gateway.run: Shutdown phase: notify_active_sessions done at +1.79s
2026-07-01 22:11:44,233 INFO gateway.run: Shutdown phase: drain done at +1.79s (drain took 0.00s, timed_out=False, active_at_start=0, active_now=0)
2026-07-01 22:11:45,157 INFO hermes_plugins.telegram_platform.adapter: [Telegram] Disconnected from Telegram
2026-07-01 22:11:45,158 INFO gateway.run: ✓ telegram disconnected (0.92s)
2026-07-01 22:11:45,159 INFO gateway.run: Shutdown phase: all adapters disconnected at +2.72s
2026-07-01 22:11:45,255 INFO gateway.run: Shutdown phase: final-cleanup tool kill done at +2.82s
2026-07-01 22:11:45,261 INFO gateway.run: Shutdown phase: SessionDB close done at +2.82s
2026-07-01 22:11:45,262 INFO gateway.run: Gateway stopped by an unexpected signal — persisting gateway_state=running so container_boot auto-starts on the next boot (issue #42675)
2026-07-01 22:11:45,265 INFO gateway.run: Gateway stopped (total teardown 2.83s)
2026-07-01 22:11:45,266 INFO gateway.run: Gateway housekeeping stopped
2026-07-01 22:11:45,267 INFO gateway.run: Exiting with code 1 (signal-initiated shutdown without restart request) so systemd Restart=on-failure can revive the gateway.
2026-07-02 09:07:50,673 INFO gateway.run: Starting Hermes Gateway...
2026-07-02 09:07:50,673 INFO gateway.run: Session storage: /home/luffy/.hermes/sessions
2026-07-02 09:07:50,683 INFO gateway.run: Agent budget: max_iterations=60 (agent.max_turns from config.yaml, or HERMES_MAX_ITERATIONS from .env, or default 90)
2026-07-02 09:07:50,684 INFO gateway.run: Secret redaction: ENABLED (tool output, logs, and chat responses are scrubbed before delivery)
2026-07-02 09:07:50,692 INFO gateway.run: Previous gateway exited cleanly — skipping session suspension
2026-07-02 09:07:50,735 INFO gateway.run: Connecting to telegram...
2026-07-02 09:07:50,834 INFO plugins.platforms.telegram.telegram_network: DoH discovery yielded no usable IPs (system DNS: 149.154.166.110); using seed fallback IPs 149.154.167.220
2026-07-02 09:07:50,838 INFO hermes_plugins.telegram_platform.adapter: [Telegram] Auto-discovered Telegram fallback IPs: 149.154.167.220
2026-07-02 09:07:50,839 INFO hermes_plugins.telegram_platform.adapter: [Telegram] Telegram fallback IPs active: 149.154.167.220
2026-07-02 09:07:50,947 WARNING plugins.platforms.telegram.telegram_network: [Telegram] Primary api.telegram.org connection failed ([SSL: CERTIFICATE_VERIFY_FAILED] certificate verify failed: self-signed certificate in certificate chain (_ssl.c:1016)); trying fallback IPs 149.154.167.220
2026-07-02 09:07:51,023 WARNING plugins.platforms.telegram.telegram_network: [Telegram] Fallback IP 149.154.167.220 failed: [SSL: CERTIFICATE_VERIFY_FAILED] certificate verify failed: self-signed certificate in certificate chain (_ssl.c:1016)
2026-07-02 09:07:51,025 WARNING hermes_plugins.telegram_platform.adapter: [Telegram] Connect attempt 1/8 failed: httpx.ConnectError: [SSL: CERTIFICATE_VERIFY_FAILED] certificate verify failed: self-signed certificate in certificate chain (_ssl.c:1016) — retrying in 1s
2026-07-02 09:07:52,055 WARNING plugins.platforms.telegram.telegram_network: [Telegram] Primary api.telegram.org connection failed ([SSL: CERTIFICATE_VERIFY_FAILED] certificate verify failed: self-signed certificate in certificate chain (_ssl.c:1016)); trying fallback IPs 149.154.167.220
2026-07-02 09:07:52,087 WARNING plugins.platforms.telegram.telegram_network: [Telegram] Fallback IP 149.154.167.220 failed: [SSL: CERTIFICATE_VERIFY_FAILED] certificate verify failed: self-signed certificate in certificate chain (_ssl.c:1016)
2026-07-02 09:07:52,090 WARNING hermes_plugins.telegram_platform.adapter: [Telegram] Connect attempt 2/8 failed: httpx.ConnectError: [SSL: CERTIFICATE_VERIFY_FAILED] certificate verify failed: self-signed certificate in certificate chain (_ssl.c:1016) — retrying in 2s
2026-07-02 09:07:54,124 WARNING plugins.platforms.telegram.telegram_network: [Telegram] Primary api.telegram.org connection failed ([SSL: CERTIFICATE_VERIFY_FAILED] certificate verify failed: self-signed certificate in certificate chain (_ssl.c:1016)); trying fallback IPs 149.154.167.220
2026-07-02 09:07:54,171 WARNING plugins.platforms.telegram.telegram_network: [Telegram] Fallback IP 149.154.167.220 failed: [SSL: CERTIFICATE_VERIFY_FAILED] certificate verify failed: self-signed certificate in certificate chain (_ssl.c:1016)
2026-07-02 09:07:54,171 WARNING hermes_plugins.telegram_platform.adapter: [Telegram] Connect attempt 3/8 failed: httpx.ConnectError: [SSL: CERTIFICATE_VERIFY_FAILED] certificate verify failed: self-signed certificate in certificate chain (_ssl.c:1016) — retrying in 4s
2026-07-02 09:07:58,231 WARNING plugins.platforms.telegram.telegram_network: [Telegram] Primary api.telegram.org connection failed ([SSL: CERTIFICATE_VERIFY_FAILED] certificate verify failed: self-signed certificate in certificate chain (_ssl.c:1016)); trying fallback IPs 149.154.167.220
2026-07-02 09:07:58,242 WARNING plugins.platforms.telegram.telegram_network: [Telegram] Fallback IP 149.154.167.220 failed: [SSL: CERTIFICATE_VERIFY_FAILED] certificate verify failed: self-signed certificate in certificate chain (_ssl.c:1016)
2026-07-02 09:07:58,243 WARNING hermes_plugins.telegram_platform.adapter: [Telegram] Connect attempt 4/8 failed: httpx.ConnectError: [SSL: CERTIFICATE_VERIFY_FAILED] certificate verify failed: self-signed certificate in certificate chain (_ssl.c:1016) — retrying in 8s
2026-07-02 09:08:06,287 WARNING plugins.platforms.telegram.telegram_network: [Telegram] Primary api.telegram.org connection failed ([SSL: CERTIFICATE_VERIFY_FAILED] certificate verify failed: self-signed certificate in certificate chain (_ssl.c:1016)); trying fallback IPs 149.154.167.220
2026-07-02 09:08:06,299 WARNING plugins.platforms.telegram.telegram_network: [Telegram] Fallback IP 149.154.167.220 failed: [SSL: CERTIFICATE_VERIFY_FAILED] certificate verify failed: self-signed certificate in certificate chain (_ssl.c:1016)
2026-07-02 09:08:06,301 WARNING hermes_plugins.telegram_platform.adapter: [Telegram] Connect attempt 5/8 failed: httpx.ConnectError: [SSL: CERTIFICATE_VERIFY_FAILED] certificate verify failed: self-signed certificate in certificate chain (_ssl.c:1016) — retrying in 15s
2026-07-02 09:08:20,755 ERROR gateway.run: ✗ telegram error: telegram connect timed out after 30s
2026-07-02 09:08:20,763 INFO hermes_plugins.telegram_platform.adapter: [Telegram] Disconnected from Telegram
2026-07-02 09:08:20,800 INFO gateway.run: Connecting to whatsapp...
2026-07-02 09:08:20,827 WARNING hermes_plugins.whatsapp_platform.adapter: [Whatsapp] WhatsApp is enabled but not paired (no creds.json at /home/luffy/.hermes/platforms/whatsapp/session/creds.json). Run `hermes whatsapp` to pair, or remove WHATSAPP_ENABLED from your .env to disable.
2026-07-02 09:08:20,834 WARNING gateway.run: ✗ whatsapp failed to connect
2026-07-02 09:08:20,841 ERROR gateway.run: Gateway hit a non-retryable startup conflict: whatsapp: WhatsApp enabled but not paired — run `hermes whatsapp` to pair.
2026-07-02 09:08:20,847 ERROR gateway.run: Gateway exiting cleanly: whatsapp: WhatsApp enabled but not paired — run `hermes whatsapp` to pair.
2026-07-02 09:08:29,918 INFO gateway.run: Starting Hermes Gateway...
2026-07-02 09:08:29,918 INFO gateway.run: Session storage: /home/luffy/.hermes/sessions
2026-07-02 09:08:29,930 INFO gateway.run: Agent budget: max_iterations=60 (agent.max_turns from config.yaml, or HERMES_MAX_ITERATIONS from .env, or default 90)
2026-07-02 09:08:29,931 INFO gateway.run: Secret redaction: ENABLED (tool output, logs, and chat responses are scrubbed before delivery)
2026-07-02 09:08:30,013 INFO gateway.run: Connecting to telegram...
2026-07-02 09:08:30,288 INFO plugins.platforms.telegram.telegram_network: DoH discovery yielded no usable IPs (system DNS: 149.154.166.110); using seed fallback IPs 149.154.167.220
2026-07-02 09:08:30,292 INFO hermes_plugins.telegram_platform.adapter: [Telegram] Auto-discovered Telegram fallback IPs: 149.154.167.220
2026-07-02 09:08:30,293 INFO hermes_plugins.telegram_platform.adapter: [Telegram] Telegram fallback IPs active: 149.154.167.220
2026-07-02 09:08:30,548 WARNING plugins.platforms.telegram.telegram_network: [Telegram] Primary api.telegram.org connection failed ([SSL: CERTIFICATE_VERIFY_FAILED] certificate verify failed: self-signed certificate in certificate chain (_ssl.c:1016)); trying fallback IPs 149.154.167.220
2026-07-02 09:08:30,869 WARNING plugins.platforms.telegram.telegram_network: [Telegram] Fallback IP 149.154.167.220 failed: [SSL: CERTIFICATE_VERIFY_FAILED] certificate verify failed: self-signed certificate in certificate chain (_ssl.c:1016)
2026-07-02 09:08:30,872 WARNING hermes_plugins.telegram_platform.adapter: [Telegram] Connect attempt 1/8 failed: httpx.ConnectError: [SSL: CERTIFICATE_VERIFY_FAILED] certificate verify failed: self-signed certificate in certificate chain (_ssl.c:1016) — retrying in 1s
2026-07-02 09:08:32,005 WARNING plugins.platforms.telegram.telegram_network: [Telegram] Primary api.telegram.org connection failed ([SSL: CERTIFICATE_VERIFY_FAILED] certificate verify failed: self-signed certificate in certificate chain (_ssl.c:1016)); trying fallback IPs 149.154.167.220
2026-07-02 09:08:32,188 WARNING plugins.platforms.telegram.telegram_network: [Telegram] Fallback IP 149.154.167.220 failed: [SSL: CERTIFICATE_VERIFY_FAILED] certificate verify failed: self-signed certificate in certificate chain (_ssl.c:1016)
2026-07-02 09:08:32,191 WARNING hermes_plugins.telegram_platform.adapter: [Telegram] Connect attempt 2/8 failed: httpx.ConnectError: [SSL: CERTIFICATE_VERIFY_FAILED] certificate verify failed: self-signed certificate in certificate chain (_ssl.c:1016) — retrying in 2s
2026-07-02 09:08:34,247 WARNING plugins.platforms.telegram.telegram_network: [Telegram] Primary api.telegram.org connection failed ([SSL: CERTIFICATE_VERIFY_FAILED] certificate verify failed: self-signed certificate in certificate chain (_ssl.c:1016)); trying fallback IPs 149.154.167.220
2026-07-02 09:08:34,275 WARNING plugins.platforms.telegram.telegram_network: [Telegram] Fallback IP 149.154.167.220 failed: [SSL: CERTIFICATE_VERIFY_FAILED] certificate verify failed: self-signed certificate in certificate chain (_ssl.c:1016)
2026-07-02 09:08:34,278 WARNING hermes_plugins.telegram_platform.adapter: [Telegram] Connect attempt 3/8 failed: httpx.ConnectError: [SSL: CERTIFICATE_VERIFY_FAILED] certificate verify failed: self-signed certificate in certificate chain (_ssl.c:1016) — retrying in 4s
2026-07-02 09:08:38,321 WARNING plugins.platforms.telegram.telegram_network: [Telegram] Primary api.telegram.org connection failed ([SSL: CERTIFICATE_VERIFY_FAILED] certificate verify failed: self-signed certificate in certificate chain (_ssl.c:1016)); trying fallback IPs 149.154.167.220
2026-07-02 09:08:38,355 WARNING plugins.platforms.telegram.telegram_network: [Telegram] Fallback IP 149.154.167.220 failed: [SSL: CERTIFICATE_VERIFY_FAILED] certificate verify failed: self-signed certificate in certificate chain (_ssl.c:1016)
2026-07-02 09:08:38,358 WARNING hermes_plugins.telegram_platform.adapter: [Telegram] Connect attempt 4/8 failed: httpx.ConnectError: [SSL: CERTIFICATE_VERIFY_FAILED] certificate verify failed: self-signed certificate in certificate chain (_ssl.c:1016) — retrying in 8s
2026-07-02 09:08:46,443 WARNING plugins.platforms.telegram.telegram_network: [Telegram] Primary api.telegram.org connection failed ([SSL: CERTIFICATE_VERIFY_FAILED] certificate verify failed: self-signed certificate in certificate chain (_ssl.c:1016)); trying fallback IPs 149.154.167.220
2026-07-02 09:08:46,469 WARNING plugins.platforms.telegram.telegram_network: [Telegram] Fallback IP 149.154.167.220 failed: [SSL: CERTIFICATE_VERIFY_FAILED] certificate verify failed: self-signed certificate in certificate chain (_ssl.c:1016)
2026-07-02 09:08:46,472 WARNING hermes_plugins.telegram_platform.adapter: [Telegram] Connect attempt 5/8 failed: httpx.ConnectError: [SSL: CERTIFICATE_VERIFY_FAILED] certificate verify failed: self-signed certificate in certificate chain (_ssl.c:1016) — retrying in 15s
2026-07-02 09:09:00,033 ERROR gateway.run: ✗ telegram error: telegram connect timed out after 30s
2026-07-02 09:09:00,041 INFO hermes_plugins.telegram_platform.adapter: [Telegram] Disconnected from Telegram
2026-07-02 09:09:00,072 INFO gateway.run: Connecting to whatsapp...
2026-07-02 09:09:00,099 WARNING hermes_plugins.whatsapp_platform.adapter: [Whatsapp] WhatsApp is enabled but not paired (no creds.json at /home/luffy/.hermes/platforms/whatsapp/session/creds.json). Run `hermes whatsapp` to pair, or remove WHATSAPP_ENABLED from your .env to disable.
2026-07-02 09:09:00,106 WARNING gateway.run: ✗ whatsapp failed to connect
2026-07-02 09:09:00,112 ERROR gateway.run: Gateway hit a non-retryable startup conflict: whatsapp: WhatsApp enabled but not paired — run `hermes whatsapp` to pair.
2026-07-02 09:09:00,118 ERROR gateway.run: Gateway exiting cleanly: whatsapp: WhatsApp enabled but not paired — run `hermes whatsapp` to pair.
2026-07-02 09:09:09,466 INFO gateway.run: Starting Hermes Gateway...
2026-07-02 09:09:09,466 INFO gateway.run: Session storage: /home/luffy/.hermes/sessions
2026-07-02 09:09:09,476 INFO gateway.run: Agent budget: max_iterations=60 (agent.max_turns from config.yaml, or HERMES_MAX_ITERATIONS from .env, or default 90)
2026-07-02 09:09:09,478 INFO gateway.run: Secret redaction: ENABLED (tool output, logs, and chat responses are scrubbed before delivery)
2026-07-02 09:09:09,574 INFO gateway.run: Connecting to telegram...
2026-07-02 09:09:09,703 INFO plugins.platforms.telegram.telegram_network: DoH discovery yielded no usable IPs (system DNS: 149.154.166.110); using seed fallback IPs 149.154.167.220
2026-07-02 09:09:09,707 INFO hermes_plugins.telegram_platform.adapter: [Telegram] Auto-discovered Telegram fallback IPs: 149.154.167.220
2026-07-02 09:09:09,709 INFO hermes_plugins.telegram_platform.adapter: [Telegram] Telegram fallback IPs active: 149.154.167.220
2026-07-02 09:09:09,951 WARNING plugins.platforms.telegram.telegram_network: [Telegram] Primary api.telegram.org connection failed ([SSL: CERTIFICATE_VERIFY_FAILED] certificate verify failed: self-signed certificate in certificate chain (_ssl.c:1016)); trying fallback IPs 149.154.167.220
2026-07-02 09:09:09,994 WARNING plugins.platforms.telegram.telegram_network: [Telegram] Fallback IP 149.154.167.220 failed: [SSL: CERTIFICATE_VERIFY_FAILED] certificate verify failed: self-signed certificate in certificate chain (_ssl.c:1016)
2026-07-02 09:09:09,997 WARNING hermes_plugins.telegram_platform.adapter: [Telegram] Connect attempt 1/8 failed: httpx.ConnectError: [SSL: CERTIFICATE_VERIFY_FAILED] certificate verify failed: self-signed certificate in certificate chain (_ssl.c:1016) — retrying in 1s
2026-07-02 09:09:11,351 WARNING plugins.platforms.telegram.telegram_network: [Telegram] Primary api.telegram.org connection failed ([SSL: CERTIFICATE_VERIFY_FAILED] certificate verify failed: self-signed certificate in certificate chain (_ssl.c:1016)); trying fallback IPs 149.154.167.220
2026-07-02 09:09:11,532 WARNING plugins.platforms.telegram.telegram_network: [Telegram] Fallback IP 149.154.167.220 failed: [SSL: CERTIFICATE_VERIFY_FAILED] certificate verify failed: self-signed certificate in certificate chain (_ssl.c:1016)
2026-07-02 09:09:11,534 WARNING hermes_plugins.telegram_platform.adapter: [Telegram] Connect attempt 2/8 failed: httpx.ConnectError: [SSL: CERTIFICATE_VERIFY_FAILED] certificate verify failed: self-signed certificate in certificate chain (_ssl.c:1016) — retrying in 2s
2026-07-02 09:09:13,691 WARNING plugins.platforms.telegram.telegram_network: [Telegram] Primary api.telegram.org connection failed ([SSL: CERTIFICATE_VERIFY_FAILED] certificate verify failed: self-signed certificate in certificate chain (_ssl.c:1016)); trying fallback IPs 149.154.167.220
2026-07-02 09:09:13,852 WARNING plugins.platforms.telegram.telegram_network: [Telegram] Fallback IP 149.154.167.220 failed: [SSL: CERTIFICATE_VERIFY_FAILED] certificate verify failed: self-signed certificate in certificate chain (_ssl.c:1016)
2026-07-02 09:09:13,856 WARNING hermes_plugins.telegram_platform.adapter: [Telegram] Connect attempt 3/8 failed: httpx.ConnectError: [SSL: CERTIFICATE_VERIFY_FAILED] certificate verify failed: self-signed certificate in certificate chain (_ssl.c:1016) — retrying in 4s
2026-07-02 09:09:17,961 WARNING plugins.platforms.telegram.telegram_network: [Telegram] Primary api.telegram.org connection failed ([SSL: CERTIFICATE_VERIFY_FAILED] certificate verify failed: self-signed certificate in certificate chain (_ssl.c:1016)); trying fallback IPs 149.154.167.220
2026-07-02 09:09:18,052 WARNING plugins.platforms.telegram.telegram_network: [Telegram] Fallback IP 149.154.167.220 failed: [SSL: CERTIFICATE_VERIFY_FAILED] certificate verify failed: self-signed certificate in certificate chain (_ssl.c:1016)
2026-07-02 09:09:18,055 WARNING hermes_plugins.telegram_platform.adapter: [Telegram] Connect attempt 4/8 failed: httpx.ConnectError: [SSL: CERTIFICATE_VERIFY_FAILED] certificate verify failed: self-signed certificate in certificate chain (_ssl.c:1016) — retrying in 8s
2026-07-02 09:09:26,094 WARNING plugins.platforms.telegram.telegram_network: [Telegram] Primary api.telegram.org connection failed ([SSL: CERTIFICATE_VERIFY_FAILED] certificate verify failed: self-signed certificate in certificate chain (_ssl.c:1016)); trying fallback IPs 149.154.167.220
2026-07-02 09:09:26,121 WARNING plugins.platforms.telegram.telegram_network: [Telegram] Fallback IP 149.154.167.220 failed: [SSL: CERTIFICATE_VERIFY_FAILED] certificate verify failed: self-signed certificate in certificate chain (_ssl.c:1016)
2026-07-02 09:09:26,124 WARNING hermes_plugins.telegram_platform.adapter: [Telegram] Connect attempt 5/8 failed: httpx.ConnectError: [SSL: CERTIFICATE_VERIFY_FAILED] certificate verify failed: self-signed certificate in certificate chain (_ssl.c:1016) — retrying in 15s
2026-07-02 09:09:39,592 ERROR gateway.run: ✗ telegram error: telegram connect timed out after 30s
2026-07-02 09:09:39,599 INFO hermes_plugins.telegram_platform.adapter: [Telegram] Disconnected from Telegram
2026-07-02 09:09:39,630 INFO gateway.run: Connecting to whatsapp...
2026-07-02 09:09:39,657 WARNING hermes_plugins.whatsapp_platform.adapter: [Whatsapp] WhatsApp is enabled but not paired (no creds.json at /home/luffy/.hermes/platforms/whatsapp/session/creds.json). Run `hermes whatsapp` to pair, or remove WHATSAPP_ENABLED from your .env to disable.
2026-07-02 09:09:39,664 WARNING gateway.run: ✗ whatsapp failed to connect
2026-07-02 09:09:39,671 ERROR gateway.run: Gateway hit a non-retryable startup conflict: whatsapp: WhatsApp enabled but not paired — run `hermes whatsapp` to pair.
2026-07-02 09:09:39,677 ERROR gateway.run: Gateway exiting cleanly: whatsapp: WhatsApp enabled but not paired — run `hermes whatsapp` to pair.
2026-07-02 09:09:48,727 INFO gateway.run: Starting Hermes Gateway...
2026-07-02 09:09:48,728 INFO gateway.run: Session storage: /home/luffy/.hermes/sessions
2026-07-02 09:09:48,740 INFO gateway.run: Agent budget: max_iterations=60 (agent.max_turns from config.yaml, or HERMES_MAX_ITERATIONS from .env, or default 90)
2026-07-02 09:09:48,742 INFO gateway.run: Secret redaction: ENABLED (tool output, logs, and chat responses are scrubbed before delivery)
2026-07-02 09:09:48,798 INFO gateway.run: Connecting to telegram...
2026-07-02 09:09:48,882 INFO plugins.platforms.telegram.telegram_network: DoH discovery yielded no usable IPs (system DNS: 149.154.166.110); using seed fallback IPs 149.154.167.220
2026-07-02 09:09:48,887 INFO hermes_plugins.telegram_platform.adapter: [Telegram] Auto-discovered Telegram fallback IPs: 149.154.167.220
2026-07-02 09:09:48,888 INFO hermes_plugins.telegram_platform.adapter: [Telegram] Telegram fallback IPs active: 149.154.167.220
2026-07-02 09:09:49,023 WARNING plugins.platforms.telegram.telegram_network: [Telegram] Primary api.telegram.org connection failed ([SSL: CERTIFICATE_VERIFY_FAILED] certificate verify failed: self-signed certificate in certificate chain (_ssl.c:1016)); trying fallback IPs 149.154.167.220
2026-07-02 09:09:49,048 WARNING plugins.platforms.telegram.telegram_network: [Telegram] Fallback IP 149.154.167.220 failed: [SSL: CERTIFICATE_VERIFY_FAILED] certificate verify failed: self-signed certificate in certificate chain (_ssl.c:1016)
2026-07-02 09:09:49,051 WARNING hermes_plugins.telegram_platform.adapter: [Telegram] Connect attempt 1/8 failed: httpx.ConnectError: [SSL: CERTIFICATE_VERIFY_FAILED] certificate verify failed: self-signed certificate in certificate chain (_ssl.c:1016) — retrying in 1s
2026-07-02 09:09:50,104 WARNING plugins.platforms.telegram.telegram_network: [Telegram] Primary api.telegram.org connection failed ([SSL: CERTIFICATE_VERIFY_FAILED] certificate verify failed: self-signed certificate in certificate chain (_ssl.c:1016)); trying fallback IPs 149.154.167.220
2026-07-02 09:09:50,134 WARNING plugins.platforms.telegram.telegram_network: [Telegram] Fallback IP 149.154.167.220 failed: [SSL: CERTIFICATE_VERIFY_FAILED] certificate verify failed: self-signed certificate in certificate chain (_ssl.c:1016)
2026-07-02 09:09:50,137 WARNING hermes_plugins.telegram_platform.adapter: [Telegram] Connect attempt 2/8 failed: httpx.ConnectError: [SSL: CERTIFICATE_VERIFY_FAILED] certificate verify failed: self-signed certificate in certificate chain (_ssl.c:1016) — retrying in 2s
2026-07-02 09:09:52,217 WARNING plugins.platforms.telegram.telegram_network: [Telegram] Primary api.telegram.org connection failed ([SSL: CERTIFICATE_VERIFY_FAILED] certificate verify failed: self-signed certificate in certificate chain (_ssl.c:1016)); trying fallback IPs 149.154.167.220
2026-07-02 09:09:52,246 WARNING plugins.platforms.telegram.telegram_network: [Telegram] Fallback IP 149.154.167.220 failed: [SSL: CERTIFICATE_VERIFY_FAILED] certificate verify failed: self-signed certificate in certificate chain (_ssl.c:1016)
2026-07-02 09:09:52,251 WARNING hermes_plugins.telegram_platform.adapter: [Telegram] Connect attempt 3/8 failed: httpx.ConnectError: [SSL: CERTIFICATE_VERIFY_FAILED] certificate verify failed: self-signed certificate in certificate chain (_ssl.c:1016) — retrying in 4s
2026-07-02 09:09:56,330 WARNING plugins.platforms.telegram.telegram_network: [Telegram] Primary api.telegram.org connection failed ([SSL: CERTIFICATE_VERIFY_FAILED] certificate verify failed: self-signed certificate in certificate chain (_ssl.c:1016)); trying fallback IPs 149.154.167.220
2026-07-02 09:09:56,439 WARNING plugins.platforms.telegram.telegram_network: [Telegram] Fallback IP 149.154.167.220 failed: [SSL: CERTIFICATE_VERIFY_FAILED] certificate verify failed: self-signed certificate in certificate chain (_ssl.c:1016)
2026-07-02 09:09:56,444 WARNING hermes_plugins.telegram_platform.adapter: [Telegram] Connect attempt 4/8 failed: httpx.ConnectError: [SSL: CERTIFICATE_VERIFY_FAILED] certificate verify failed: self-signed certificate in certificate chain (_ssl.c:1016) — retrying in 8s
2026-07-02 09:10:04,669 WARNING plugins.platforms.telegram.telegram_network: [Telegram] Primary api.telegram.org connection failed ([SSL: CERTIFICATE_VERIFY_FAILED] certificate verify failed: self-signed certificate in certificate chain (_ssl.c:1016)); trying fallback IPs 149.154.167.220
2026-07-02 09:10:04,732 WARNING plugins.platforms.telegram.telegram_network: [Telegram] Fallback IP 149.154.167.220 failed: [SSL: CERTIFICATE_VERIFY_FAILED] certificate verify failed: self-signed certificate in certificate chain (_ssl.c:1016)
2026-07-02 09:10:04,735 WARNING hermes_plugins.telegram_platform.adapter: [Telegram] Connect attempt 5/8 failed: httpx.ConnectError: [SSL: CERTIFICATE_VERIFY_FAILED] certificate verify failed: self-signed certificate in certificate chain (_ssl.c:1016) — retrying in 15s
2026-07-02 09:10:18,816 ERROR gateway.run: ✗ telegram error: telegram connect timed out after 30s
2026-07-02 09:10:18,824 INFO hermes_plugins.telegram_platform.adapter: [Telegram] Disconnected from Telegram
2026-07-02 09:10:18,854 INFO gateway.run: Connecting to whatsapp...
2026-07-02 09:10:18,879 WARNING hermes_plugins.whatsapp_platform.adapter: [Whatsapp] WhatsApp is enabled but not paired (no creds.json at /home/luffy/.hermes/platforms/whatsapp/session/creds.json). Run `hermes whatsapp` to pair, or remove WHATSAPP_ENABLED from your .env to disable.
2026-07-02 09:10:18,886 WARNING gateway.run: ✗ whatsapp failed to connect
2026-07-02 09:10:18,892 ERROR gateway.run: Gateway hit a non-retryable startup conflict: whatsapp: WhatsApp enabled but not paired — run `hermes whatsapp` to pair.
2026-07-02 09:10:18,899 ERROR gateway.run: Gateway exiting cleanly: whatsapp: WhatsApp enabled but not paired — run `hermes whatsapp` to pair.
2026-07-02 09:10:28,170 INFO gateway.run: Starting Hermes Gateway...
2026-07-02 09:10:28,170 INFO gateway.run: Session storage: /home/luffy/.hermes/sessions
2026-07-02 09:10:28,183 INFO gateway.run: Agent budget: max_iterations=60 (agent.max_turns from config.yaml, or HERMES_MAX_ITERATIONS from .env, or default 90)
2026-07-02 09:10:28,184 INFO gateway.run: Secret redaction: ENABLED (tool output, logs, and chat responses are scrubbed before delivery)
2026-07-02 09:10:28,250 INFO gateway.run: Connecting to telegram...
2026-07-02 09:10:28,329 INFO plugins.platforms.telegram.telegram_network: DoH discovery yielded no usable IPs (system DNS: 149.154.166.110); using seed fallback IPs 149.154.167.220
2026-07-02 09:10:28,332 INFO hermes_plugins.telegram_platform.adapter: [Telegram] Auto-discovered Telegram fallback IPs: 149.154.167.220
2026-07-02 09:10:28,333 INFO hermes_plugins.telegram_platform.adapter: [Telegram] Telegram fallback IPs active: 149.154.167.220
2026-07-02 09:10:28,392 WARNING plugins.platforms.telegram.telegram_network: [Telegram] Primary api.telegram.org connection failed ([SSL: CERTIFICATE_VERIFY_FAILED] certificate verify failed: self-signed certificate in certificate chain (_ssl.c:1016)); trying fallback IPs 149.154.167.220
2026-07-02 09:10:28,439 WARNING plugins.platforms.telegram.telegram_network: [Telegram] Fallback IP 149.154.167.220 failed: [SSL: CERTIFICATE_VERIFY_FAILED] certificate verify failed: self-signed certificate in certificate chain (_ssl.c:1016)
2026-07-02 09:10:28,444 WARNING hermes_plugins.telegram_platform.adapter: [Telegram] Connect attempt 1/8 failed: httpx.ConnectError: [SSL: CERTIFICATE_VERIFY_FAILED] certificate verify failed: self-signed certificate in certificate chain (_ssl.c:1016) — retrying in 1s
2026-07-02 09:10:29,488 WARNING plugins.platforms.telegram.telegram_network: [Telegram] Primary api.telegram.org connection failed ([SSL: CERTIFICATE_VERIFY_FAILED] certificate verify failed: self-signed certificate in certificate chain (_ssl.c:1016)); trying fallback IPs 149.154.167.220
2026-07-02 09:10:29,511 WARNING plugins.platforms.telegram.telegram_network: [Telegram] Fallback IP 149.154.167.220 failed: [SSL: CERTIFICATE_VERIFY_FAILED] certificate verify failed: self-signed certificate in certificate chain (_ssl.c:1016)
2026-07-02 09:10:29,514 WARNING hermes_plugins.telegram_platform.adapter: [Telegram] Connect attempt 2/8 failed: httpx.ConnectError: [SSL: CERTIFICATE_VERIFY_FAILED] certificate verify failed: self-signed certificate in certificate chain (_ssl.c:1016) — retrying in 2s
2026-07-02 09:10:31,658 WARNING plugins.platforms.telegram.telegram_network: [Telegram] Primary api.telegram.org connection failed ([SSL: CERTIFICATE_VERIFY_FAILED] certificate verify failed: self-signed certificate in certificate chain (_ssl.c:1016)); trying fallback IPs 149.154.167.220
2026-07-02 09:10:31,704 WARNING plugins.platforms.telegram.telegram_network: [Telegram] Fallback IP 149.154.167.220 failed: [SSL: CERTIFICATE_VERIFY_FAILED] certificate verify failed: self-signed certificate in certificate chain (_ssl.c:1016)
2026-07-02 09:10:31,707 WARNING hermes_plugins.telegram_platform.adapter: [Telegram] Connect attempt 3/8 failed: httpx.ConnectError: [SSL: CERTIFICATE_VERIFY_FAILED] certificate verify failed: self-signed certificate in certificate chain (_ssl.c:1016) — retrying in 4s
2026-07-02 09:10:35,751 WARNING plugins.platforms.telegram.telegram_network: [Telegram] Primary api.telegram.org connection failed ([SSL: CERTIFICATE_VERIFY_FAILED] certificate verify failed: self-signed certificate in certificate chain (_ssl.c:1016)); trying fallback IPs 149.154.167.220
2026-07-02 09:10:35,818 WARNING plugins.platforms.telegram.telegram_network: [Telegram] Fallback IP 149.154.167.220 failed: [SSL: CERTIFICATE_VERIFY_FAILED] certificate verify failed: self-signed certificate in certificate chain (_ssl.c:1016)
2026-07-02 09:10:35,821 WARNING hermes_plugins.telegram_platform.adapter: [Telegram] Connect attempt 4/8 failed: httpx.ConnectError: [SSL: CERTIFICATE_VERIFY_FAILED] certificate verify failed: self-signed certificate in certificate chain (_ssl.c:1016) — retrying in 8s
2026-07-02 09:10:43,952 WARNING plugins.platforms.telegram.telegram_network: [Telegram] Primary api.telegram.org connection failed ([SSL: CERTIFICATE_VERIFY_FAILED] certificate verify failed: self-signed certificate in certificate chain (_ssl.c:1016)); trying fallback IPs 149.154.167.220
2026-07-02 09:10:44,074 WARNING plugins.platforms.telegram.telegram_network: [Telegram] Fallback IP 149.154.167.220 failed: [SSL: CERTIFICATE_VERIFY_FAILED] certificate verify failed: self-signed certificate in certificate chain (_ssl.c:1016)
2026-07-02 09:10:44,075 WARNING hermes_plugins.telegram_platform.adapter: [Telegram] Connect attempt 5/8 failed: httpx.ConnectError: [SSL: CERTIFICATE_VERIFY_FAILED] certificate verify failed: self-signed certificate in certificate chain (_ssl.c:1016) — retrying in 15s
2026-07-02 09:10:58,268 ERROR gateway.run: ✗ telegram error: telegram connect timed out after 30s
2026-07-02 09:10:58,276 INFO hermes_plugins.telegram_platform.adapter: [Telegram] Disconnected from Telegram
2026-07-02 09:10:58,310 INFO gateway.run: Connecting to whatsapp...
2026-07-02 09:10:58,334 WARNING hermes_plugins.whatsapp_platform.adapter: [Whatsapp] WhatsApp is enabled but not paired (no creds.json at /home/luffy/.hermes/platforms/whatsapp/session/creds.json). Run `hermes whatsapp` to pair, or remove WHATSAPP_ENABLED from your .env to disable.
2026-07-02 09:10:58,341 WARNING gateway.run: ✗ whatsapp failed to connect
2026-07-02 09:10:58,347 ERROR gateway.run: Gateway hit a non-retryable startup conflict: whatsapp: WhatsApp enabled but not paired — run `hermes whatsapp` to pair.
2026-07-02 09:10:58,353 ERROR gateway.run: Gateway exiting cleanly: whatsapp: WhatsApp enabled but not paired — run `hermes whatsapp` to pair.
2026-07-02 09:11:07,590 INFO gateway.run: Starting Hermes Gateway...
2026-07-02 09:11:07,590 INFO gateway.run: Session storage: /home/luffy/.hermes/sessions
2026-07-02 09:11:07,604 INFO gateway.run: Agent budget: max_iterations=60 (agent.max_turns from config.yaml, or HERMES_MAX_ITERATIONS from .env, or default 90)
2026-07-02 09:11:07,605 INFO gateway.run: Secret redaction: ENABLED (tool output, logs, and chat responses are scrubbed before delivery)
2026-07-02 09:11:07,758 INFO gateway.run: Connecting to telegram...
2026-07-02 09:11:08,268 INFO plugins.platforms.telegram.telegram_network: DoH discovery yielded no usable IPs (system DNS: 149.154.166.110); using seed fallback IPs 149.154.167.220
2026-07-02 09:11:08,272 INFO hermes_plugins.telegram_platform.adapter: [Telegram] Auto-discovered Telegram fallback IPs: 149.154.167.220
2026-07-02 09:11:08,273 INFO hermes_plugins.telegram_platform.adapter: [Telegram] Telegram fallback IPs active: 149.154.167.220
2026-07-02 09:11:08,560 WARNING plugins.platforms.telegram.telegram_network: [Telegram] Primary api.telegram.org connection failed ([SSL: CERTIFICATE_VERIFY_FAILED] certificate verify failed: self-signed certificate in certificate chain (_ssl.c:1016)); trying fallback IPs 149.154.167.220
2026-07-02 09:11:08,688 WARNING plugins.platforms.telegram.telegram_network: [Telegram] Fallback IP 149.154.167.220 failed: [SSL: CERTIFICATE_VERIFY_FAILED] certificate verify failed: self-signed certificate in certificate chain (_ssl.c:1016)
2026-07-02 09:11:08,691 WARNING hermes_plugins.telegram_platform.adapter: [Telegram] Connect attempt 1/8 failed: httpx.ConnectError: [SSL: CERTIFICATE_VERIFY_FAILED] certificate verify failed: self-signed certificate in certificate chain (_ssl.c:1016) — retrying in 1s
2026-07-02 09:11:09,927 WARNING plugins.platforms.telegram.telegram_network: [Telegram] Primary api.telegram.org connection failed ([SSL: CERTIFICATE_VERIFY_FAILED] certificate verify failed: self-signed certificate in certificate chain (_ssl.c:1016)); trying fallback IPs 149.154.167.220
2026-07-02 09:11:10,068 WARNING plugins.platforms.telegram.telegram_network: [Telegram] Fallback IP 149.154.167.220 failed: [SSL: CERTIFICATE_VERIFY_FAILED] certificate verify failed: self-signed certificate in certificate chain (_ssl.c:1016)
2026-07-02 09:11:10,071 WARNING hermes_plugins.telegram_platform.adapter: [Telegram] Connect attempt 2/8 failed: httpx.ConnectError: [SSL: CERTIFICATE_VERIFY_FAILED] certificate verify failed: self-signed certificate in certificate chain (_ssl.c:1016) — retrying in 2s
2026-07-02 09:11:12,381 WARNING plugins.platforms.telegram.telegram_network: [Telegram] Primary api.telegram.org connection failed ([SSL: CERTIFICATE_VERIFY_FAILED] certificate verify failed: self-signed certificate in certificate chain (_ssl.c:1016)); trying fallback IPs 149.154.167.220
2026-07-02 09:11:12,466 WARNING plugins.platforms.telegram.telegram_network: [Telegram] Fallback IP 149.154.167.220 failed: [SSL: CERTIFICATE_VERIFY_FAILED] certificate verify failed: self-signed certificate in certificate chain (_ssl.c:1016)
2026-07-02 09:11:12,469 WARNING hermes_plugins.telegram_platform.adapter: [Telegram] Connect attempt 3/8 failed: httpx.ConnectError: [SSL: CERTIFICATE_VERIFY_FAILED] certificate verify failed: self-signed certificate in certificate chain (_ssl.c:1016) — retrying in 4s
2026-07-02 09:11:16,691 WARNING plugins.platforms.telegram.telegram_network: [Telegram] Primary api.telegram.org connection failed ([SSL: CERTIFICATE_VERIFY_FAILED] certificate verify failed: self-signed certificate in certificate chain (_ssl.c:1016)); trying fallback IPs 149.154.167.220
2026-07-02 09:11:16,816 WARNING plugins.platforms.telegram.telegram_network: [Telegram] Fallback IP 149.154.167.220 failed: [SSL: CERTIFICATE_VERIFY_FAILED] certificate verify failed: self-signed certificate in certificate chain (_ssl.c:1016)
2026-07-02 09:11:16,819 WARNING hermes_plugins.telegram_platform.adapter: [Telegram] Connect attempt 4/8 failed: httpx.ConnectError: [SSL: CERTIFICATE_VERIFY_FAILED] certificate verify failed: self-signed certificate in certificate chain (_ssl.c:1016) — retrying in 8s
2026-07-02 09:11:25,001 WARNING plugins.platforms.telegram.telegram_network: [Telegram] Primary api.telegram.org connection failed ([SSL: CERTIFICATE_VERIFY_FAILED] certificate verify failed: self-signed certificate in certificate chain (_ssl.c:1016)); trying fallback IPs 149.154.167.220
2026-07-02 09:11:25,148 WARNING plugins.platforms.telegram.telegram_network: [Telegram] Fallback IP 149.154.167.220 failed: [SSL: CERTIFICATE_VERIFY_FAILED] certificate verify failed: self-signed certificate in certificate chain (_ssl.c:1016)
2026-07-02 09:11:25,151 WARNING hermes_plugins.telegram_platform.adapter: [Telegram] Connect attempt 5/8 failed: httpx.ConnectError: [SSL: CERTIFICATE_VERIFY_FAILED] certificate verify failed: self-signed certificate in certificate chain (_ssl.c:1016) — retrying in 15s
2026-07-02 09:11:37,778 ERROR gateway.run: ✗ telegram error: telegram connect timed out after 30s
2026-07-02 09:11:37,786 INFO hermes_plugins.telegram_platform.adapter: [Telegram] Disconnected from Telegram
2026-07-02 09:11:37,819 INFO gateway.run: Connecting to whatsapp...
2026-07-02 09:11:37,848 WARNING hermes_plugins.whatsapp_platform.adapter: [Whatsapp] WhatsApp is enabled but not paired (no creds.json at /home/luffy/.hermes/platforms/whatsapp/session/creds.json). Run `hermes whatsapp` to pair, or remove WHATSAPP_ENABLED from your .env to disable.
2026-07-02 09:11:37,858 WARNING gateway.run: ✗ whatsapp failed to connect
2026-07-02 09:11:37,864 ERROR gateway.run: Gateway hit a non-retryable startup conflict: whatsapp: WhatsApp enabled but not paired — run `hermes whatsapp` to pair.
2026-07-02 09:11:37,871 ERROR gateway.run: Gateway exiting cleanly: whatsapp: WhatsApp enabled but not paired — run `hermes whatsapp` to pair.
2026-07-02 09:11:47,365 INFO gateway.run: Starting Hermes Gateway...
2026-07-02 09:11:47,365 INFO gateway.run: Session storage: /home/luffy/.hermes/sessions
2026-07-02 09:11:47,378 INFO gateway.run: Agent budget: max_iterations=60 (agent.max_turns from config.yaml, or HERMES_MAX_ITERATIONS from .env, or default 90)
2026-07-02 09:11:47,380 INFO gateway.run: Secret redaction: ENABLED (tool output, logs, and chat responses are scrubbed before delivery)
2026-07-02 09:11:47,453 INFO gateway.run: Connecting to telegram...
2026-07-02 09:11:47,858 INFO plugins.platforms.telegram.telegram_network: DoH discovery yielded no usable IPs (system DNS: 149.154.166.110); using seed fallback IPs 149.154.167.220
2026-07-02 09:11:47,863 INFO hermes_plugins.telegram_platform.adapter: [Telegram] Auto-discovered Telegram fallback IPs: 149.154.167.220
2026-07-02 09:11:47,864 INFO hermes_plugins.telegram_platform.adapter: [Telegram] Telegram fallback IPs active: 149.154.167.220
2026-07-02 09:11:48,094 WARNING plugins.platforms.telegram.telegram_network: [Telegram] Primary api.telegram.org connection failed ([SSL: CERTIFICATE_VERIFY_FAILED] certificate verify failed: self-signed certificate in certificate chain (_ssl.c:1016)); trying fallback IPs 149.154.167.220
2026-07-02 09:11:48,349 WARNING plugins.platforms.telegram.telegram_network: [Telegram] Fallback IP 149.154.167.220 failed: [SSL: CERTIFICATE_VERIFY_FAILED] certificate verify failed: self-signed certificate in certificate chain (_ssl.c:1016)
2026-07-02 09:11:48,352 WARNING hermes_plugins.telegram_platform.adapter: [Telegram] Connect attempt 1/8 failed: httpx.ConnectError: [SSL: CERTIFICATE_VERIFY_FAILED] certificate verify failed: self-signed certificate in certificate chain (_ssl.c:1016) — retrying in 1s
2026-07-02 09:11:49,460 WARNING plugins.platforms.telegram.telegram_network: [Telegram] Primary api.telegram.org connection failed ([SSL: CERTIFICATE_VERIFY_FAILED] certificate verify failed: self-signed certificate in certificate chain (_ssl.c:1016)); trying fallback IPs 149.154.167.220
2026-07-02 09:11:49,517 WARNING plugins.platforms.telegram.telegram_network: [Telegram] Fallback IP 149.154.167.220 failed: [SSL: CERTIFICATE_VERIFY_FAILED] certificate verify failed: self-signed certificate in certificate chain (_ssl.c:1016)
2026-07-02 09:11:49,520 WARNING hermes_plugins.telegram_platform.adapter: [Telegram] Connect attempt 2/8 failed: httpx.ConnectError: [SSL: CERTIFICATE_VERIFY_FAILED] certificate verify failed: self-signed certificate in certificate chain (_ssl.c:1016) — retrying in 2s
2026-07-02 09:11:51,579 WARNING plugins.platforms.telegram.telegram_network: [Telegram] Primary api.telegram.org connection failed ([SSL: CERTIFICATE_VERIFY_FAILED] certificate verify failed: self-signed certificate in certificate chain (_ssl.c:1016)); trying fallback IPs 149.154.167.220
2026-07-02 09:11:51,621 WARNING plugins.platforms.telegram.telegram_network: [Telegram] Fallback IP 149.154.167.220 failed: [SSL: CERTIFICATE_VERIFY_FAILED] certificate verify failed: self-signed certificate in certificate chain (_ssl.c:1016)
2026-07-02 09:11:51,624 WARNING hermes_plugins.telegram_platform.adapter: [Telegram] Connect attempt 3/8 failed: httpx.ConnectError: [SSL: CERTIFICATE_VERIFY_FAILED] certificate verify failed: self-signed certificate in certificate chain (_ssl.c:1016) — retrying in 4s
2026-07-02 09:11:55,665 WARNING plugins.platforms.telegram.telegram_network: [Telegram] Primary api.telegram.org connection failed ([SSL: CERTIFICATE_VERIFY_FAILED] certificate verify failed: self-signed certificate in certificate chain (_ssl.c:1016)); trying fallback IPs 149.154.167.220
2026-07-02 09:11:55,693 WARNING plugins.platforms.telegram.telegram_network: [Telegram] Fallback IP 149.154.167.220 failed: [SSL: CERTIFICATE_VERIFY_FAILED] certificate verify failed: self-signed certificate in certificate chain (_ssl.c:1016)
2026-07-02 09:11:55,696 WARNING hermes_plugins.telegram_platform.adapter: [Telegram] Connect attempt 4/8 failed: httpx.ConnectError: [SSL: CERTIFICATE_VERIFY_FAILED] certificate verify failed: self-signed certificate in certificate chain (_ssl.c:1016) — retrying in 8s
2026-07-02 09:12:03,815 WARNING plugins.platforms.telegram.telegram_network: [Telegram] Primary api.telegram.org connection failed ([SSL: CERTIFICATE_VERIFY_FAILED] certificate verify failed: self-signed certificate in certificate chain (_ssl.c:1016)); trying fallback IPs 149.154.167.220
2026-07-02 09:12:03,929 WARNING plugins.platforms.telegram.telegram_network: [Telegram] Fallback IP 149.154.167.220 failed: [SSL: CERTIFICATE_VERIFY_FAILED] certificate verify failed: self-signed certificate in certificate chain (_ssl.c:1016)
2026-07-02 09:12:03,932 WARNING hermes_plugins.telegram_platform.adapter: [Telegram] Connect attempt 5/8 failed: httpx.ConnectError: [SSL: CERTIFICATE_VERIFY_FAILED] certificate verify failed: self-signed certificate in certificate chain (_ssl.c:1016) — retrying in 15s
2026-07-02 09:12:17,471 ERROR gateway.run: ✗ telegram error: telegram connect timed out after 30s
2026-07-02 09:12:17,480 INFO hermes_plugins.telegram_platform.adapter: [Telegram] Disconnected from Telegram
2026-07-02 09:12:17,516 INFO gateway.run: Connecting to whatsapp...
2026-07-02 09:12:17,541 WARNING hermes_plugins.whatsapp_platform.adapter: [Whatsapp] WhatsApp is enabled but not paired (no creds.json at /home/luffy/.hermes/platforms/whatsapp/session/creds.json). Run `hermes whatsapp` to pair, or remove WHATSAPP_ENABLED from your .env to disable.
2026-07-02 09:12:17,550 WARNING gateway.run: ✗ whatsapp failed to connect
2026-07-02 09:12:17,556 ERROR gateway.run: Gateway hit a non-retryable startup conflict: whatsapp: WhatsApp enabled but not paired — run `hermes whatsapp` to pair.
2026-07-02 09:12:17,562 ERROR gateway.run: Gateway exiting cleanly: whatsapp: WhatsApp enabled but not paired — run `hermes whatsapp` to pair.
2026-07-02 09:12:27,071 INFO gateway.run: Starting Hermes Gateway...
2026-07-02 09:12:27,072 INFO gateway.run: Session storage: /home/luffy/.hermes/sessions
2026-07-02 09:12:27,084 INFO gateway.run: Agent budget: max_iterations=60 (agent.max_turns from config.yaml, or HERMES_MAX_ITERATIONS from .env, or default 90)
2026-07-02 09:12:27,085 INFO gateway.run: Secret redaction: ENABLED (tool output, logs, and chat responses are scrubbed before delivery)
2026-07-02 09:12:27,150 INFO gateway.run: Connecting to telegram...
2026-07-02 09:12:27,458 INFO plugins.platforms.telegram.telegram_network: DoH discovery yielded no usable IPs (system DNS: 149.154.166.110); using seed fallback IPs 149.154.167.220
2026-07-02 09:12:27,459 INFO hermes_plugins.telegram_platform.adapter: [Telegram] Auto-discovered Telegram fallback IPs: 149.154.167.220
2026-07-02 09:12:27,461 INFO hermes_plugins.telegram_platform.adapter: [Telegram] Telegram fallback IPs active: 149.154.167.220
2026-07-02 09:12:30,475 INFO hermes_plugins.telegram_platform.adapter: [Telegram] set_my_commands OK for scope BotCommandScopeDefault (60 cmds)
2026-07-02 09:12:30,925 INFO hermes_plugins.telegram_platform.adapter: [Telegram] set_my_commands OK for scope BotCommandScopeAllPrivateChats (60 cmds)
2026-07-02 09:12:31,305 INFO hermes_plugins.telegram_platform.adapter: [Telegram] set_my_commands OK for scope BotCommandScopeAllGroupChats (60 cmds)
2026-07-02 09:12:31,307 INFO hermes_plugins.telegram_platform.adapter: [Telegram] Telegram menu: 60 commands registered, 74 hidden (over 60 limit). Use /commands for full list.
2026-07-02 09:12:31,314 INFO hermes_plugins.telegram_platform.adapter: [Telegram] Connected to Telegram (polling mode)
2026-07-02 09:12:31,325 INFO gateway.run: ✓ telegram connected
2026-07-02 09:12:31,348 INFO gateway.run: Connecting to whatsapp...
2026-07-02 09:12:31,380 WARNING hermes_plugins.whatsapp_platform.adapter: [Whatsapp] WhatsApp is enabled but not paired (no creds.json at /home/luffy/.hermes/platforms/whatsapp/session/creds.json). Run `hermes whatsapp` to pair, or remove WHATSAPP_ENABLED from your .env to disable.
2026-07-02 09:12:31,388 WARNING gateway.run: ✗ whatsapp failed to connect
2026-07-02 09:12:31,399 INFO gateway.run: Gateway running with 1 platform(s)
2026-07-02 09:12:31,412 INFO gateway.run: Channel directory built: 1 target(s)
2026-07-02 09:12:32,422 INFO gateway.run: Press Ctrl+C to stop
2026-07-02 09:12:32,543 INFO gateway.run: Gateway housekeeping started (interval=60s)
2026-07-02 09:12:32,625 INFO gateway.run: kanban dispatcher: holding singleton dispatcher lock (/home/luffy/.hermes/kanban/.dispatcher.lock)
2026-07-02 09:12:37,628 INFO gateway.run: kanban dispatcher: embedded in gateway (interval=60.0s)
2026-07-02 09:21:45,904 INFO gateway.run: Stopping gateway for restart...
2026-07-02 09:21:47,467 INFO gateway.run: Sent shutdown notification to home channel telegram:5539915160
2026-07-02 09:21:47,468 INFO gateway.run: Shutdown phase: notify_active_sessions done at +1.56s
2026-07-02 09:21:47,474 INFO gateway.run: Shutdown phase: drain done at +1.57s (drain took 0.00s, timed_out=False, active_at_start=0, active_now=0)
2026-07-02 09:21:51,273 INFO hermes_plugins.telegram_platform.adapter: [Telegram] Disconnected from Telegram
2026-07-02 09:21:51,274 INFO gateway.run: ✓ telegram disconnected (3.80s)
2026-07-02 09:21:51,275 INFO gateway.run: Shutdown phase: all adapters disconnected at +5.37s
2026-07-02 09:21:51,573 INFO gateway.run: Shutdown phase: final-cleanup tool kill done at +5.67s
2026-07-02 09:21:51,579 INFO gateway.run: Shutdown phase: SessionDB close done at +5.67s
2026-07-02 09:21:51,596 INFO gateway.run: Launched systemd planned-restart helper for hermes-gateway (pid=68028)
2026-07-02 09:21:51,602 INFO gateway.run: Gateway stopped (total teardown 5.70s)
2026-07-02 09:21:51,604 INFO gateway.run: Gateway housekeeping stopped
2026-07-02 09:21:57,581 INFO gateway.run: Starting Hermes Gateway...
2026-07-02 09:21:57,581 INFO gateway.run: Session storage: /home/luffy/.hermes/sessions
2026-07-02 09:21:57,594 INFO gateway.run: Agent budget: max_iterations=60 (agent.max_turns from config.yaml, or HERMES_MAX_ITERATIONS from .env, or default 90)
2026-07-02 09:21:57,596 INFO gateway.run: Secret redaction: ENABLED (tool output, logs, and chat responses are scrubbed before delivery)
2026-07-02 09:21:57,612 INFO gateway.run: Previous gateway exited cleanly — skipping session suspension
2026-07-02 09:21:57,659 INFO gateway.run: Connecting to telegram...
2026-07-02 09:21:57,664 WARNING hermes_plugins.telegram_platform.adapter: [Telegram] Discovering Telegram API fallback IPs via DNS-over-HTTPS…
2026-07-02 09:21:57,991 INFO plugins.platforms.telegram.telegram_network: DoH discovery yielded no usable IPs (system DNS: 149.154.166.110); using seed fallback IPs 149.154.166.110, 149.154.167.220
2026-07-02 09:21:57,992 INFO hermes_plugins.telegram_platform.adapter: [Telegram] Auto-discovered Telegram fallback IPs: 149.154.166.110, 149.154.167.220
2026-07-02 09:21:57,992 INFO hermes_plugins.telegram_platform.adapter: [Telegram] Telegram fallback IPs active: 149.154.166.110, 149.154.167.220
2026-07-02 09:21:58,029 WARNING hermes_plugins.telegram_platform.adapter: [Telegram] Connecting to Telegram (attempt 1/8)…
2026-07-02 09:21:59,153 INFO hermes_plugins.telegram_platform.adapter: [Telegram] Connected to Telegram (polling mode)
2026-07-02 09:21:59,304 INFO gateway.run: ✓ telegram connected
2026-07-02 09:21:59,310 INFO gateway.run: Connecting to whatsapp...
2026-07-02 09:21:59,318 WARNING hermes_plugins.whatsapp_platform.adapter: [Whatsapp] WhatsApp is enabled but not paired (no creds.json at /home/luffy/.hermes/platforms/whatsapp/session/creds.json). Run `hermes whatsapp` to pair, or remove WHATSAPP_ENABLED from your .env to disable.
2026-07-02 09:21:59,322 WARNING gateway.run: ✗ whatsapp failed to connect
2026-07-02 09:21:59,327 INFO gateway.run: Gateway running with 1 platform(s)
2026-07-02 09:21:59,335 INFO gateway.run: Channel directory built: 1 target(s)
2026-07-02 09:21:59,763 INFO hermes_plugins.telegram_platform.adapter: [Telegram] set_my_commands OK for scope BotCommandScopeDefault (60 cmds)
2026-07-02 09:22:00,175 INFO hermes_plugins.telegram_platform.adapter: [Telegram] set_my_commands OK for scope BotCommandScopeAllPrivateChats (60 cmds)
2026-07-02 09:22:00,577 INFO hermes_plugins.telegram_platform.adapter: [Telegram] set_my_commands OK for scope BotCommandScopeAllGroupChats (60 cmds)
2026-07-02 09:22:00,579 INFO hermes_plugins.telegram_platform.adapter: [Telegram] Telegram menu: 60 commands registered, 74 hidden (over 60 limit). Use /commands for full list.
2026-07-02 09:22:01,605 INFO gateway.run: Sent home-channel startup notification to telegram:5539915160
2026-07-02 09:22:01,617 INFO gateway.run: Press Ctrl+C to stop
2026-07-02 09:22:01,751 INFO gateway.run: Gateway housekeeping started (interval=60s)
2026-07-02 09:22:01,754 INFO gateway.run: kanban dispatcher: holding singleton dispatcher lock (/home/luffy/.hermes/kanban/.dispatcher.lock)
2026-07-02 09:22:06,756 INFO gateway.run: kanban dispatcher: embedded in gateway (interval=60.0s)
2026-07-02 12:24:43,542 INFO gateway.run: Received SIGTERM — initiating shutdown
2026-07-02 12:24:43,543 WARNING gateway.run: Shutdown context: signal=SIGTERM under_systemd=yes parent_pid=700 parent_name=systemd loadavg_1m=2.63 parent_cmdline='/usr/lib/systemd/systemd --user'
2026-07-02 12:24:43,548 INFO gateway.run: Stopping gateway...
2026-07-02 12:24:44,831 INFO gateway.run: Sent shutdown notification to home channel telegram:5539915160
2026-07-02 12:24:44,833 INFO gateway.run: Shutdown phase: notify_active_sessions done at +1.29s
2026-07-02 12:24:44,839 INFO gateway.run: Shutdown phase: drain done at +1.29s (drain took 0.00s, timed_out=False, active_at_start=0, active_now=0)
2026-07-02 12:24:45,447 INFO hermes_plugins.telegram_platform.adapter: [Telegram] Disconnected from Telegram
2026-07-02 12:24:45,448 INFO gateway.run: ✓ telegram disconnected (0.61s)
2026-07-02 12:24:45,449 INFO gateway.run: Shutdown phase: all adapters disconnected at +1.90s
2026-07-02 12:24:45,568 INFO gateway.run: Shutdown phase: final-cleanup tool kill done at +2.02s
2026-07-02 12:24:45,573 INFO gateway.run: Shutdown phase: SessionDB close done at +2.02s
2026-07-02 12:24:45,573 INFO gateway.run: Gateway stopped by an unexpected signal — persisting gateway_state=running so container_boot auto-starts on the next boot (issue #42675)
2026-07-02 12:24:45,576 INFO gateway.run: Gateway stopped (total teardown 2.03s)
2026-07-02 12:24:45,577 INFO gateway.run: Gateway housekeeping stopped
2026-07-02 12:24:45,577 INFO gateway.run: Exiting with code 1 (signal-initiated shutdown without restart request) so systemd Restart=on-failure can revive the gateway.
2026-07-02 15:03:00,815 INFO gateway.run: Starting Hermes Gateway...
2026-07-02 15:03:00,816 INFO gateway.run: Session storage: /home/luffy/.hermes/sessions
2026-07-02 15:03:00,825 INFO gateway.run: Agent budget: max_iterations=60 (agent.max_turns from config.yaml, or HERMES_MAX_ITERATIONS from .env, or default 90)
2026-07-02 15:03:00,826 INFO gateway.run: Secret redaction: ENABLED (tool output, logs, and chat responses are scrubbed before delivery)
2026-07-02 15:03:00,834 INFO gateway.run: Previous gateway exited cleanly — skipping session suspension
2026-07-02 15:03:00,872 INFO gateway.run: Connecting to telegram...
2026-07-02 15:03:00,876 WARNING hermes_plugins.telegram_platform.adapter: [Telegram] Discovering Telegram API fallback IPs via DNS-over-HTTPS…
2026-07-02 15:03:00,977 INFO plugins.platforms.telegram.telegram_network: DoH discovery yielded no usable IPs (system DNS: unknown); using seed fallback IPs 149.154.166.110, 149.154.167.220
2026-07-02 15:03:00,978 INFO hermes_plugins.telegram_platform.adapter: [Telegram] Auto-discovered Telegram fallback IPs: 149.154.166.110, 149.154.167.220
2026-07-02 15:03:00,978 INFO hermes_plugins.telegram_platform.adapter: [Telegram] Telegram fallback IPs active: 149.154.166.110, 149.154.167.220
2026-07-02 15:03:00,999 WARNING hermes_plugins.telegram_platform.adapter: [Telegram] Connecting to Telegram (attempt 1/8)…
2026-07-02 15:03:01,000 WARNING plugins.platforms.telegram.telegram_network: [Telegram] Primary api.telegram.org connection failed ([Errno -3] Temporary failure in name resolution); trying fallback IPs 149.154.166.110, 149.154.167.220
2026-07-02 15:03:01,001 WARNING plugins.platforms.telegram.telegram_network: [Telegram] Fallback IP 149.154.166.110 failed: All connection attempts failed
2026-07-02 15:03:01,001 WARNING plugins.platforms.telegram.telegram_network: [Telegram] Fallback IP 149.154.167.220 failed: All connection attempts failed
2026-07-02 15:03:01,002 WARNING hermes_plugins.telegram_platform.adapter: [Telegram] Connect attempt 1/8 failed: httpx.ConnectError: All connection attempts failed — retrying in 1s
2026-07-02 15:03:02,003 WARNING hermes_plugins.telegram_platform.adapter: [Telegram] Connecting to Telegram (attempt 2/8)…
2026-07-02 15:03:02,008 WARNING plugins.platforms.telegram.telegram_network: [Telegram] Primary api.telegram.org connection failed ([Errno -3] Temporary failure in name resolution); trying fallback IPs 149.154.166.110, 149.154.167.220
2026-07-02 15:03:02,013 WARNING plugins.platforms.telegram.telegram_network: [Telegram] Fallback IP 149.154.166.110 failed: All connection attempts failed
2026-07-02 15:03:02,018 WARNING plugins.platforms.telegram.telegram_network: [Telegram] Fallback IP 149.154.167.220 failed: All connection attempts failed
2026-07-02 15:03:02,021 WARNING hermes_plugins.telegram_platform.adapter: [Telegram] Connect attempt 2/8 failed: httpx.ConnectError: All connection attempts failed — retrying in 2s
2026-07-02 15:03:04,024 WARNING hermes_plugins.telegram_platform.adapter: [Telegram] Connecting to Telegram (attempt 3/8)…
2026-07-02 15:03:04,026 WARNING plugins.platforms.telegram.telegram_network: [Telegram] Primary api.telegram.org connection failed ([Errno -3] Temporary failure in name resolution); trying fallback IPs 149.154.166.110, 149.154.167.220
2026-07-02 15:03:04,027 WARNING plugins.platforms.telegram.telegram_network: [Telegram] Fallback IP 149.154.166.110 failed: All connection attempts failed
2026-07-02 15:03:04,027 WARNING plugins.platforms.telegram.telegram_network: [Telegram] Fallback IP 149.154.167.220 failed: All connection attempts failed
2026-07-02 15:03:04,027 WARNING hermes_plugins.telegram_platform.adapter: [Telegram] Connect attempt 3/8 failed: httpx.ConnectError: All connection attempts failed — retrying in 4s
2026-07-02 15:03:08,032 WARNING hermes_plugins.telegram_platform.adapter: [Telegram] Connecting to Telegram (attempt 4/8)…
2026-07-02 15:03:10,064 WARNING plugins.platforms.telegram.telegram_network: [Telegram] Primary api.telegram.org connection failed ([SSL: CERTIFICATE_VERIFY_FAILED] certificate verify failed: self-signed certificate in certificate chain (_ssl.c:1016)); trying fallback IPs 149.154.166.110, 149.154.167.220
2026-07-02 15:03:10,121 WARNING plugins.platforms.telegram.telegram_network: [Telegram] Fallback IP 149.154.166.110 failed: [SSL: CERTIFICATE_VERIFY_FAILED] certificate verify failed: self-signed certificate in certificate chain (_ssl.c:1016)
2026-07-02 15:03:10,131 WARNING plugins.platforms.telegram.telegram_network: [Telegram] Fallback IP 149.154.167.220 failed: [SSL: CERTIFICATE_VERIFY_FAILED] certificate verify failed: self-signed certificate in certificate chain (_ssl.c:1016)
2026-07-02 15:03:10,131 WARNING hermes_plugins.telegram_platform.adapter: [Telegram] Connect attempt 4/8 failed: httpx.ConnectError: [SSL: CERTIFICATE_VERIFY_FAILED] certificate verify failed: self-signed certificate in certificate chain (_ssl.c:1016) — retrying in 8s
2026-07-02 15:03:18,140 WARNING hermes_plugins.telegram_platform.adapter: [Telegram] Connecting to Telegram (attempt 5/8)…
2026-07-02 15:03:18,217 WARNING plugins.platforms.telegram.telegram_network: [Telegram] Primary api.telegram.org connection failed ([SSL: CERTIFICATE_VERIFY_FAILED] certificate verify failed: self-signed certificate in certificate chain (_ssl.c:1016)); trying fallback IPs 149.154.166.110, 149.154.167.220
2026-07-02 15:03:18,237 WARNING plugins.platforms.telegram.telegram_network: [Telegram] Fallback IP 149.154.166.110 failed: [SSL: CERTIFICATE_VERIFY_FAILED] certificate verify failed: self-signed certificate in certificate chain (_ssl.c:1016)
2026-07-02 15:03:18,248 WARNING plugins.platforms.telegram.telegram_network: [Telegram] Fallback IP 149.154.167.220 failed: [SSL: CERTIFICATE_VERIFY_FAILED] certificate verify failed: self-signed certificate in certificate chain (_ssl.c:1016)
2026-07-02 15:03:18,249 WARNING hermes_plugins.telegram_platform.adapter: [Telegram] Connect attempt 5/8 failed: httpx.ConnectError: [SSL: CERTIFICATE_VERIFY_FAILED] certificate verify failed: self-signed certificate in certificate chain (_ssl.c:1016) — retrying in 15s
2026-07-02 15:03:30,888 ERROR gateway.run: ✗ telegram error: telegram connect timed out after 30s
2026-07-02 15:03:30,896 INFO hermes_plugins.telegram_platform.adapter: [Telegram] Disconnected from Telegram
2026-07-02 15:03:30,926 INFO gateway.run: Connecting to whatsapp...
2026-07-02 15:03:30,952 WARNING hermes_plugins.whatsapp_platform.adapter: [Whatsapp] WhatsApp is enabled but not paired (no creds.json at /home/luffy/.hermes/platforms/whatsapp/session/creds.json). Run `hermes whatsapp` to pair, or remove WHATSAPP_ENABLED from your .env to disable.
2026-07-02 15:03:30,959 WARNING gateway.run: ✗ whatsapp failed to connect
2026-07-02 15:03:30,965 ERROR gateway.run: Gateway hit a non-retryable startup conflict: whatsapp: WhatsApp enabled but not paired — run `hermes whatsapp` to pair.
2026-07-02 15:03:30,971 ERROR gateway.run: Gateway exiting cleanly: whatsapp: WhatsApp enabled but not paired — run `hermes whatsapp` to pair.
2026-07-02 15:03:40,137 INFO gateway.run: Starting Hermes Gateway...
2026-07-02 15:03:40,137 INFO gateway.run: Session storage: /home/luffy/.hermes/sessions
2026-07-02 15:03:40,147 INFO gateway.run: Agent budget: max_iterations=60 (agent.max_turns from config.yaml, or HERMES_MAX_ITERATIONS from .env, or default 90)
2026-07-02 15:03:40,149 INFO gateway.run: Secret redaction: ENABLED (tool output, logs, and chat responses are scrubbed before delivery)
2026-07-02 15:03:40,206 INFO gateway.run: Connecting to telegram...
2026-07-02 15:03:40,211 WARNING hermes_plugins.telegram_platform.adapter: [Telegram] Discovering Telegram API fallback IPs via DNS-over-HTTPS…
2026-07-02 15:03:40,538 INFO plugins.platforms.telegram.telegram_network: DoH discovery yielded no usable IPs (system DNS: 149.154.166.110); using seed fallback IPs 149.154.166.110, 149.154.167.220
2026-07-02 15:03:40,542 INFO hermes_plugins.telegram_platform.adapter: [Telegram] Auto-discovered Telegram fallback IPs: 149.154.166.110, 149.154.167.220
2026-07-02 15:03:40,544 INFO hermes_plugins.telegram_platform.adapter: [Telegram] Telegram fallback IPs active: 149.154.166.110, 149.154.167.220
2026-07-02 15:03:40,625 WARNING hermes_plugins.telegram_platform.adapter: [Telegram] Connecting to Telegram (attempt 1/8)…
2026-07-02 15:03:40,645 WARNING plugins.platforms.telegram.telegram_network: [Telegram] Primary api.telegram.org connection failed ([SSL: CERTIFICATE_VERIFY_FAILED] certificate verify failed: self-signed certificate in certificate chain (_ssl.c:1016)); trying fallback IPs 149.154.166.110, 149.154.167.220
2026-07-02 15:03:40,666 WARNING plugins.platforms.telegram.telegram_network: [Telegram] Fallback IP 149.154.166.110 failed: [SSL: CERTIFICATE_VERIFY_FAILED] certificate verify failed: self-signed certificate in certificate chain (_ssl.c:1016)
2026-07-02 15:03:40,685 WARNING plugins.platforms.telegram.telegram_network: [Telegram] Fallback IP 149.154.167.220 failed: [SSL: CERTIFICATE_VERIFY_FAILED] certificate verify failed: self-signed certificate in certificate chain (_ssl.c:1016)
2026-07-02 15:03:40,687 WARNING hermes_plugins.telegram_platform.adapter: [Telegram] Connect attempt 1/8 failed: httpx.ConnectError: [SSL: CERTIFICATE_VERIFY_FAILED] certificate verify failed: self-signed certificate in certificate chain (_ssl.c:1016) — retrying in 1s
2026-07-02 15:03:41,690 WARNING hermes_plugins.telegram_platform.adapter: [Telegram] Connecting to Telegram (attempt 2/8)…
2026-07-02 15:03:41,777 WARNING plugins.platforms.telegram.telegram_network: [Telegram] Primary api.telegram.org connection failed ([SSL: CERTIFICATE_VERIFY_FAILED] certificate verify failed: self-signed certificate in certificate chain (_ssl.c:1016)); trying fallback IPs 149.154.166.110, 149.154.167.220
2026-07-02 15:03:41,800 WARNING plugins.platforms.telegram.telegram_network: [Telegram] Fallback IP 149.154.166.110 failed: [SSL: CERTIFICATE_VERIFY_FAILED] certificate verify failed: self-signed certificate in certificate chain (_ssl.c:1016)
2026-07-02 15:03:41,853 WARNING plugins.platforms.telegram.telegram_network: [Telegram] Fallback IP 149.154.167.220 failed: [SSL: CERTIFICATE_VERIFY_FAILED] certificate verify failed: self-signed certificate in certificate chain (_ssl.c:1016)
2026-07-02 15:03:41,856 WARNING hermes_plugins.telegram_platform.adapter: [Telegram] Connect attempt 2/8 failed: httpx.ConnectError: [SSL: CERTIFICATE_VERIFY_FAILED] certificate verify failed: self-signed certificate in certificate chain (_ssl.c:1016) — retrying in 2s
2026-07-02 15:03:43,861 WARNING hermes_plugins.telegram_platform.adapter: [Telegram] Connecting to Telegram (attempt 3/8)…
2026-07-02 15:03:43,967 WARNING plugins.platforms.telegram.telegram_network: [Telegram] Primary api.telegram.org connection failed ([SSL: CERTIFICATE_VERIFY_FAILED] certificate verify failed: self-signed certificate in certificate chain (_ssl.c:1016)); trying fallback IPs 149.154.166.110, 149.154.167.220
2026-07-02 15:03:44,155 WARNING plugins.platforms.telegram.telegram_network: [Telegram] Fallback IP 149.154.166.110 failed: [SSL: CERTIFICATE_VERIFY_FAILED] certificate verify failed: self-signed certificate in certificate chain (_ssl.c:1016)
2026-07-02 15:03:44,430 WARNING plugins.platforms.telegram.telegram_network: [Telegram] Fallback IP 149.154.167.220 failed: [SSL: CERTIFICATE_VERIFY_FAILED] certificate verify failed: self-signed certificate in certificate chain (_ssl.c:1016)
2026-07-02 15:03:44,433 WARNING hermes_plugins.telegram_platform.adapter: [Telegram] Connect attempt 3/8 failed: httpx.ConnectError: [SSL: CERTIFICATE_VERIFY_FAILED] certificate verify failed: self-signed certificate in certificate chain (_ssl.c:1016) — retrying in 4s
2026-07-02 15:03:48,440 WARNING hermes_plugins.telegram_platform.adapter: [Telegram] Connecting to Telegram (attempt 4/8)…
2026-07-02 15:03:48,473 WARNING plugins.platforms.telegram.telegram_network: [Telegram] Primary api.telegram.org connection failed ([SSL: CERTIFICATE_VERIFY_FAILED] certificate verify failed: self-signed certificate in certificate chain (_ssl.c:1016)); trying fallback IPs 149.154.166.110, 149.154.167.220
2026-07-02 15:03:48,521 WARNING plugins.platforms.telegram.telegram_network: [Telegram] Fallback IP 149.154.166.110 failed: [SSL: CERTIFICATE_VERIFY_FAILED] certificate verify failed: self-signed certificate in certificate chain (_ssl.c:1016)
2026-07-02 15:03:48,568 WARNING plugins.platforms.telegram.telegram_network: [Telegram] Fallback IP 149.154.167.220 failed: [SSL: CERTIFICATE_VERIFY_FAILED] certificate verify failed: self-signed certificate in certificate chain (_ssl.c:1016)
2026-07-02 15:03:48,571 WARNING hermes_plugins.telegram_platform.adapter: [Telegram] Connect attempt 4/8 failed: httpx.ConnectError: [SSL: CERTIFICATE_VERIFY_FAILED] certificate verify failed: self-signed certificate in certificate chain (_ssl.c:1016) — retrying in 8s
2026-07-02 15:03:56,582 WARNING hermes_plugins.telegram_platform.adapter: [Telegram] Connecting to Telegram (attempt 5/8)…
2026-07-02 15:03:56,649 WARNING plugins.platforms.telegram.telegram_network: [Telegram] Primary api.telegram.org connection failed ([SSL: CERTIFICATE_VERIFY_FAILED] certificate verify failed: self-signed certificate in certificate chain (_ssl.c:1016)); trying fallback IPs 149.154.166.110, 149.154.167.220
2026-07-02 15:03:56,739 WARNING plugins.platforms.telegram.telegram_network: [Telegram] Fallback IP 149.154.166.110 failed: [SSL: CERTIFICATE_VERIFY_FAILED] certificate verify failed: self-signed certificate in certificate chain (_ssl.c:1016)
2026-07-02 15:03:56,762 WARNING plugins.platforms.telegram.telegram_network: [Telegram] Fallback IP 149.154.167.220 failed: [SSL: CERTIFICATE_VERIFY_FAILED] certificate verify failed: self-signed certificate in certificate chain (_ssl.c:1016)
2026-07-02 15:03:56,765 WARNING hermes_plugins.telegram_platform.adapter: [Telegram] Connect attempt 5/8 failed: httpx.ConnectError: [SSL: CERTIFICATE_VERIFY_FAILED] certificate verify failed: self-signed certificate in certificate chain (_ssl.c:1016) — retrying in 15s
2026-07-02 15:04:10,224 ERROR gateway.run: ✗ telegram error: telegram connect timed out after 30s
2026-07-02 15:04:10,233 INFO hermes_plugins.telegram_platform.adapter: [Telegram] Disconnected from Telegram
2026-07-02 15:04:10,265 INFO gateway.run: Connecting to whatsapp...
2026-07-02 15:04:10,296 WARNING hermes_plugins.whatsapp_platform.adapter: [Whatsapp] WhatsApp is enabled but not paired (no creds.json at /home/luffy/.hermes/platforms/whatsapp/session/creds.json). Run `hermes whatsapp` to pair, or remove WHATSAPP_ENABLED from your .env to disable.
2026-07-02 15:04:10,305 WARNING gateway.run: ✗ whatsapp failed to connect
2026-07-02 15:04:10,312 ERROR gateway.run: Gateway hit a non-retryable startup conflict: whatsapp: WhatsApp enabled but not paired — run `hermes whatsapp` to pair.
2026-07-02 15:04:10,318 ERROR gateway.run: Gateway exiting cleanly: whatsapp: WhatsApp enabled but not paired — run `hermes whatsapp` to pair.
2026-07-02 15:04:19,688 INFO gateway.run: Starting Hermes Gateway...
2026-07-02 15:04:19,689 INFO gateway.run: Session storage: /home/luffy/.hermes/sessions
2026-07-02 15:04:19,702 INFO gateway.run: Agent budget: max_iterations=60 (agent.max_turns from config.yaml, or HERMES_MAX_ITERATIONS from .env, or default 90)
2026-07-02 15:04:19,706 INFO gateway.run: Secret redaction: ENABLED (tool output, logs, and chat responses are scrubbed before delivery)
2026-07-02 15:04:19,790 INFO gateway.run: Connecting to telegram...
2026-07-02 15:04:19,797 WARNING hermes_plugins.telegram_platform.adapter: [Telegram] Discovering Telegram API fallback IPs via DNS-over-HTTPS…
2026-07-02 15:04:20,158 INFO plugins.platforms.telegram.telegram_network: DoH discovery yielded no usable IPs (system DNS: 149.154.166.110); using seed fallback IPs 149.154.166.110, 149.154.167.220
2026-07-02 15:04:20,164 INFO hermes_plugins.telegram_platform.adapter: [Telegram] Auto-discovered Telegram fallback IPs: 149.154.166.110, 149.154.167.220
2026-07-02 15:04:20,167 INFO hermes_plugins.telegram_platform.adapter: [Telegram] Telegram fallback IPs active: 149.154.166.110, 149.154.167.220
2026-07-02 15:04:20,315 WARNING hermes_plugins.telegram_platform.adapter: [Telegram] Connecting to Telegram (attempt 1/8)…
2026-07-02 15:04:20,369 WARNING plugins.platforms.telegram.telegram_network: [Telegram] Primary api.telegram.org connection failed ([SSL: CERTIFICATE_VERIFY_FAILED] certificate verify failed: self-signed certificate in certificate chain (_ssl.c:1016)); trying fallback IPs 149.154.166.110, 149.154.167.220
2026-07-02 15:04:20,390 WARNING plugins.platforms.telegram.telegram_network: [Telegram] Fallback IP 149.154.166.110 failed: [SSL: CERTIFICATE_VERIFY_FAILED] certificate verify failed: self-signed certificate in certificate chain (_ssl.c:1016)
2026-07-02 15:04:20,410 WARNING plugins.platforms.telegram.telegram_network: [Telegram] Fallback IP 149.154.167.220 failed: [SSL: CERTIFICATE_VERIFY_FAILED] certificate verify failed: self-signed certificate in certificate chain (_ssl.c:1016)
2026-07-02 15:04:20,413 WARNING hermes_plugins.telegram_platform.adapter: [Telegram] Connect attempt 1/8 failed: httpx.ConnectError: [SSL: CERTIFICATE_VERIFY_FAILED] certificate verify failed: self-signed certificate in certificate chain (_ssl.c:1016) — retrying in 1s
2026-07-02 15:04:21,418 WARNING hermes_plugins.telegram_platform.adapter: [Telegram] Connecting to Telegram (attempt 2/8)…
2026-07-02 15:04:21,449 WARNING plugins.platforms.telegram.telegram_network: [Telegram] Primary api.telegram.org connection failed ([SSL: CERTIFICATE_VERIFY_FAILED] certificate verify failed: self-signed certificate in certificate chain (_ssl.c:1016)); trying fallback IPs 149.154.166.110, 149.154.167.220
2026-07-02 15:04:21,472 WARNING plugins.platforms.telegram.telegram_network: [Telegram] Fallback IP 149.154.166.110 failed: [SSL: CERTIFICATE_VERIFY_FAILED] certificate verify failed: self-signed certificate in certificate chain (_ssl.c:1016)
2026-07-02 15:04:21,506 WARNING plugins.platforms.telegram.telegram_network: [Telegram] Fallback IP 149.154.167.220 failed: [SSL: CERTIFICATE_VERIFY_FAILED] certificate verify failed: self-signed certificate in certificate chain (_ssl.c:1016)
2026-07-02 15:04:21,510 WARNING hermes_plugins.telegram_platform.adapter: [Telegram] Connect attempt 2/8 failed: httpx.ConnectError: [SSL: CERTIFICATE_VERIFY_FAILED] certificate verify failed: self-signed certificate in certificate chain (_ssl.c:1016) — retrying in 2s
2026-07-02 15:04:23,515 WARNING hermes_plugins.telegram_platform.adapter: [Telegram] Connecting to Telegram (attempt 3/8)…
2026-07-02 15:04:23,549 WARNING plugins.platforms.telegram.telegram_network: [Telegram] Primary api.telegram.org connection failed ([SSL: CERTIFICATE_VERIFY_FAILED] certificate verify failed: self-signed certificate in certificate chain (_ssl.c:1016)); trying fallback IPs 149.154.166.110, 149.154.167.220
2026-07-02 15:04:23,570 WARNING plugins.platforms.telegram.telegram_network: [Telegram] Fallback IP 149.154.166.110 failed: [SSL: CERTIFICATE_VERIFY_FAILED] certificate verify failed: self-signed certificate in certificate chain (_ssl.c:1016)
2026-07-02 15:04:23,590 WARNING plugins.platforms.telegram.telegram_network: [Telegram] Fallback IP 149.154.167.220 failed: [SSL: CERTIFICATE_VERIFY_FAILED] certificate verify failed: self-signed certificate in certificate chain (_ssl.c:1016)
2026-07-02 15:04:23,594 WARNING hermes_plugins.telegram_platform.adapter: [Telegram] Connect attempt 3/8 failed: httpx.ConnectError: [SSL: CERTIFICATE_VERIFY_FAILED] certificate verify failed: self-signed certificate in certificate chain (_ssl.c:1016) — retrying in 4s
2026-07-02 15:04:27,601 WARNING hermes_plugins.telegram_platform.adapter: [Telegram] Connecting to Telegram (attempt 4/8)…
2026-07-02 15:04:27,633 WARNING plugins.platforms.telegram.telegram_network: [Telegram] Primary api.telegram.org connection failed ([SSL: CERTIFICATE_VERIFY_FAILED] certificate verify failed: self-signed certificate in certificate chain (_ssl.c:1016)); trying fallback IPs 149.154.166.110, 149.154.167.220
2026-07-02 15:04:27,654 WARNING plugins.platforms.telegram.telegram_network: [Telegram] Fallback IP 149.154.166.110 failed: [SSL: CERTIFICATE_VERIFY_FAILED] certificate verify failed: self-signed certificate in certificate chain (_ssl.c:1016)
2026-07-02 15:04:27,673 WARNING plugins.platforms.telegram.telegram_network: [Telegram] Fallback IP 149.154.167.220 failed: [SSL: CERTIFICATE_VERIFY_FAILED] certificate verify failed: self-signed certificate in certificate chain (_ssl.c:1016)
2026-07-02 15:04:27,676 WARNING hermes_plugins.telegram_platform.adapter: [Telegram] Connect attempt 4/8 failed: httpx.ConnectError: [SSL: CERTIFICATE_VERIFY_FAILED] certificate verify failed: self-signed certificate in certificate chain (_ssl.c:1016) — retrying in 8s
2026-07-02 15:04:35,687 WARNING hermes_plugins.telegram_platform.adapter: [Telegram] Connecting to Telegram (attempt 5/8)…
2026-07-02 15:04:35,725 WARNING plugins.platforms.telegram.telegram_network: [Telegram] Primary api.telegram.org connection failed ([SSL: CERTIFICATE_VERIFY_FAILED] certificate verify failed: self-signed certificate in certificate chain (_ssl.c:1016)); trying fallback IPs 149.154.166.110, 149.154.167.220
2026-07-02 15:04:35,746 WARNING plugins.platforms.telegram.telegram_network: [Telegram] Fallback IP 149.154.166.110 failed: [SSL: CERTIFICATE_VERIFY_FAILED] certificate verify failed: self-signed certificate in certificate chain (_ssl.c:1016)
2026-07-02 15:04:35,767 WARNING plugins.platforms.telegram.telegram_network: [Telegram] Fallback IP 149.154.167.220 failed: [SSL: CERTIFICATE_VERIFY_FAILED] certificate verify failed: self-signed certificate in certificate chain (_ssl.c:1016)
2026-07-02 15:04:35,770 WARNING hermes_plugins.telegram_platform.adapter: [Telegram] Connect attempt 5/8 failed: httpx.ConnectError: [SSL: CERTIFICATE_VERIFY_FAILED] certificate verify failed: self-signed certificate in certificate chain (_ssl.c:1016) — retrying in 15s
2026-07-02 15:04:50,294 ERROR gateway.run: ✗ telegram error: telegram connect timed out after 30s
2026-07-02 15:04:50,304 INFO hermes_plugins.telegram_platform.adapter: [Telegram] Disconnected from Telegram
2026-07-02 15:04:50,332 INFO gateway.run: Connecting to whatsapp...
2026-07-02 15:04:50,358 WARNING hermes_plugins.whatsapp_platform.adapter: [Whatsapp] WhatsApp is enabled but not paired (no creds.json at /home/luffy/.hermes/platforms/whatsapp/session/creds.json). Run `hermes whatsapp` to pair, or remove WHATSAPP_ENABLED from your .env to disable.
2026-07-02 15:04:50,366 WARNING gateway.run: ✗ whatsapp failed to connect
2026-07-02 15:04:50,372 ERROR gateway.run: Gateway hit a non-retryable startup conflict: whatsapp: WhatsApp enabled but not paired — run `hermes whatsapp` to pair.
2026-07-02 15:04:50,378 ERROR gateway.run: Gateway exiting cleanly: whatsapp: WhatsApp enabled but not paired — run `hermes whatsapp` to pair.
2026-07-02 15:04:59,395 INFO gateway.run: Starting Hermes Gateway...
2026-07-02 15:04:59,396 INFO gateway.run: Session storage: /home/luffy/.hermes/sessions
2026-07-02 15:04:59,406 INFO gateway.run: Agent budget: max_iterations=60 (agent.max_turns from config.yaml, or HERMES_MAX_ITERATIONS from .env, or default 90)
2026-07-02 15:04:59,410 INFO gateway.run: Secret redaction: ENABLED (tool output, logs, and chat responses are scrubbed before delivery)
2026-07-02 15:04:59,469 INFO gateway.run: Connecting to telegram...
2026-07-02 15:04:59,474 WARNING hermes_plugins.telegram_platform.adapter: [Telegram] Discovering Telegram API fallback IPs via DNS-over-HTTPS…
2026-07-02 15:04:59,670 INFO plugins.platforms.telegram.telegram_network: DoH discovery yielded no usable IPs (system DNS: 149.154.166.110); using seed fallback IPs 149.154.166.110, 149.154.167.220
2026-07-02 15:04:59,672 INFO hermes_plugins.telegram_platform.adapter: [Telegram] Auto-discovered Telegram fallback IPs: 149.154.166.110, 149.154.167.220
2026-07-02 15:04:59,673 INFO hermes_plugins.telegram_platform.adapter: [Telegram] Telegram fallback IPs active: 149.154.166.110, 149.154.167.220
2026-07-02 15:04:59,788 WARNING hermes_plugins.telegram_platform.adapter: [Telegram] Connecting to Telegram (attempt 1/8)…
2026-07-02 15:05:00,871 INFO hermes_plugins.telegram_platform.adapter: [Telegram] Connected to Telegram (polling mode)
2026-07-02 15:05:01,154 INFO gateway.run: ✓ telegram connected
2026-07-02 15:05:01,171 INFO gateway.run: Connecting to whatsapp...
2026-07-02 15:05:01,197 WARNING hermes_plugins.whatsapp_platform.adapter: [Whatsapp] WhatsApp is enabled but not paired (no creds.json at /home/luffy/.hermes/platforms/whatsapp/session/creds.json). Run `hermes whatsapp` to pair, or remove WHATSAPP_ENABLED from your .env to disable.
2026-07-02 15:05:01,207 WARNING gateway.run: ✗ whatsapp failed to connect
2026-07-02 15:05:01,221 INFO gateway.run: Gateway running with 1 platform(s)
2026-07-02 15:05:01,234 INFO gateway.run: Channel directory built: 1 target(s)
2026-07-02 15:05:01,587 INFO hermes_plugins.telegram_platform.adapter: [Telegram] set_my_commands OK for scope BotCommandScopeDefault (60 cmds)
2026-07-02 15:05:01,992 INFO hermes_plugins.telegram_platform.adapter: [Telegram] set_my_commands OK for scope BotCommandScopeAllPrivateChats (60 cmds)
2026-07-02 15:05:02,242 INFO gateway.run: Press Ctrl+C to stop
2026-07-02 15:05:02,361 INFO gateway.run: Gateway housekeeping started (interval=60s)
2026-07-02 15:05:02,455 INFO gateway.run: kanban dispatcher: holding singleton dispatcher lock (/home/luffy/.hermes/kanban/.dispatcher.lock)
2026-07-02 15:05:02,463 INFO hermes_plugins.telegram_platform.adapter: [Telegram] set_my_commands OK for scope BotCommandScopeAllGroupChats (60 cmds)
2026-07-02 15:05:02,464 INFO hermes_plugins.telegram_platform.adapter: [Telegram] Telegram menu: 60 commands registered, 74 hidden (over 60 limit). Use /commands for full list.
2026-07-02 15:05:07,464 INFO gateway.run: kanban dispatcher: embedded in gateway (interval=60.0s)
2026-07-02 15:09:56,420 INFO gateway.run: Received SIGTERM — initiating shutdown
2026-07-02 15:09:56,421 WARNING gateway.run: Shutdown context: signal=SIGTERM under_systemd=yes parent_pid=696 parent_name=systemd loadavg_1m=3.38 parent_cmdline='/usr/lib/systemd/systemd --user'
2026-07-02 15:09:56,428 INFO gateway.run: Stopping gateway...
2026-07-02 15:09:57,748 INFO gateway.run: Sent shutdown notification to home channel telegram:5539915160
2026-07-02 15:09:57,749 INFO gateway.run: Shutdown phase: notify_active_sessions done at +1.32s
2026-07-02 15:09:57,754 INFO gateway.run: Shutdown phase: drain done at +1.33s (drain took 0.00s, timed_out=False, active_at_start=0, active_now=0)
2026-07-02 15:09:58,365 INFO hermes_plugins.telegram_platform.adapter: [Telegram] Disconnected from Telegram
2026-07-02 15:09:58,366 INFO gateway.run: ✓ telegram disconnected (0.61s)
2026-07-02 15:09:58,367 INFO gateway.run: Shutdown phase: all adapters disconnected at +1.94s
2026-07-02 15:09:58,487 INFO gateway.run: Shutdown phase: final-cleanup tool kill done at +2.06s
2026-07-02 15:09:58,488 INFO gateway.run: Shutdown phase: SessionDB close done at +2.06s
2026-07-02 15:09:58,488 INFO gateway.run: Gateway stopped by an unexpected signal — persisting gateway_state=running so container_boot auto-starts on the next boot (issue #42675)
2026-07-02 15:09:58,491 INFO gateway.run: Gateway stopped (total teardown 2.06s)
2026-07-02 15:09:58,492 INFO gateway.run: Gateway housekeeping stopped
2026-07-02 15:09:58,493 INFO gateway.run: Exiting with code 1 (signal-initiated shutdown without restart request) so systemd Restart=on-failure can revive the gateway.
2026-07-02 15:13:00,180 INFO gateway.run: Starting Hermes Gateway...
2026-07-02 15:13:00,181 INFO gateway.run: Session storage: /home/luffy/.hermes/sessions
2026-07-02 15:13:00,189 INFO gateway.run: Agent budget: max_iterations=60 (agent.max_turns from config.yaml, or HERMES_MAX_ITERATIONS from .env, or default 90)
2026-07-02 15:13:00,190 INFO gateway.run: Secret redaction: ENABLED (tool output, logs, and chat responses are scrubbed before delivery)
2026-07-02 15:13:00,197 INFO gateway.run: Previous gateway exited cleanly — skipping session suspension
2026-07-02 15:13:00,225 INFO gateway.run: Connecting to telegram...
2026-07-02 15:13:00,241 WARNING hermes_plugins.telegram_platform.adapter: [Telegram] Discovering Telegram API fallback IPs via DNS-over-HTTPS…
2026-07-02 15:13:00,391 INFO plugins.platforms.telegram.telegram_network: DoH discovery yielded no usable IPs (system DNS: 149.154.166.110); using seed fallback IPs 149.154.166.110, 149.154.167.220
2026-07-02 15:13:00,392 INFO hermes_plugins.telegram_platform.adapter: [Telegram] Auto-discovered Telegram fallback IPs: 149.154.166.110, 149.154.167.220
2026-07-02 15:13:00,393 INFO hermes_plugins.telegram_platform.adapter: [Telegram] Telegram fallback IPs active: 149.154.166.110, 149.154.167.220
2026-07-02 15:13:00,416 WARNING hermes_plugins.telegram_platform.adapter: [Telegram] Connecting to Telegram (attempt 1/8)…
2026-07-02 15:13:01,335 INFO hermes_plugins.telegram_platform.adapter: [Telegram] Connected to Telegram (polling mode)
2026-07-02 15:13:01,437 INFO gateway.run: ✓ telegram connected
2026-07-02 15:13:01,442 INFO gateway.run: Connecting to whatsapp...
2026-07-02 15:13:01,450 WARNING hermes_plugins.whatsapp_platform.adapter: [Whatsapp] WhatsApp is enabled but not paired (no creds.json at /home/luffy/.hermes/platforms/whatsapp/session/creds.json). Run `hermes whatsapp` to pair, or remove WHATSAPP_ENABLED from your .env to disable.
2026-07-02 15:13:01,455 WARNING gateway.run: ✗ whatsapp failed to connect
2026-07-02 15:13:01,460 INFO gateway.run: Gateway running with 1 platform(s)
2026-07-02 15:13:01,465 INFO gateway.run: Channel directory built: 1 target(s)
2026-07-02 15:13:01,807 INFO hermes_plugins.telegram_platform.adapter: [Telegram] set_my_commands OK for scope BotCommandScopeDefault (60 cmds)
2026-07-02 15:13:02,156 INFO hermes_plugins.telegram_platform.adapter: [Telegram] set_my_commands OK for scope BotCommandScopeAllPrivateChats (60 cmds)
2026-07-02 15:13:02,485 INFO gateway.run: Press Ctrl+C to stop
2026-07-02 15:13:02,561 INFO gateway.run: Gateway housekeeping started (interval=60s)
2026-07-02 15:13:02,583 INFO gateway.run: kanban dispatcher: holding singleton dispatcher lock (/home/luffy/.hermes/kanban/.dispatcher.lock)
2026-07-02 15:13:02,612 INFO hermes_plugins.telegram_platform.adapter: [Telegram] set_my_commands OK for scope BotCommandScopeAllGroupChats (60 cmds)
2026-07-02 15:13:02,612 INFO hermes_plugins.telegram_platform.adapter: [Telegram] Telegram menu: 60 commands registered, 74 hidden (over 60 limit). Use /commands for full list.
2026-07-02 15:13:07,595 INFO gateway.run: kanban dispatcher: embedded in gateway (interval=60.0s)
2026-07-02 15:13:20,064 INFO gateway.run: Received SIGTERM — initiating shutdown
2026-07-02 15:13:20,065 WARNING gateway.run: Shutdown context: signal=SIGTERM under_systemd=yes parent_pid=703 parent_name=systemd loadavg_1m=1.52 parent_cmdline='/usr/lib/systemd/systemd --user'
2026-07-02 15:13:20,068 INFO gateway.run: Stopping gateway...
2026-07-02 15:13:21,338 INFO gateway.run: Sent shutdown notification to home channel telegram:5539915160
2026-07-02 15:13:21,339 INFO gateway.run: Shutdown phase: notify_active_sessions done at +1.27s
2026-07-02 15:13:21,356 INFO gateway.run: Shutdown phase: drain done at +1.29s (drain took 0.02s, timed_out=False, active_at_start=0, active_now=0)
2026-07-02 15:13:22,061 INFO hermes_plugins.telegram_platform.adapter: [Telegram] Disconnected from Telegram
2026-07-02 15:13:22,062 INFO gateway.run: ✓ telegram disconnected (0.70s)
2026-07-02 15:13:22,063 INFO gateway.run: Shutdown phase: all adapters disconnected at +1.99s
2026-07-02 15:13:22,213 INFO gateway.run: Shutdown phase: final-cleanup tool kill done at +2.14s
2026-07-02 15:13:22,213 INFO gateway.run: Shutdown phase: SessionDB close done at +2.15s
2026-07-02 15:13:22,214 INFO gateway.run: Gateway stopped by an unexpected signal — persisting gateway_state=running so container_boot auto-starts on the next boot (issue #42675)
2026-07-02 15:13:22,217 INFO gateway.run: Gateway stopped (total teardown 2.15s)
2026-07-02 15:13:22,217 INFO gateway.run: Gateway housekeeping stopped
2026-07-02 15:13:22,218 INFO gateway.run: Exiting with code 1 (signal-initiated shutdown without restart request) so systemd Restart=on-failure can revive the gateway.
2026-07-02 15:26:56,309 INFO gateway.run: Starting Hermes Gateway...
2026-07-02 15:26:56,309 INFO gateway.run: Session storage: /home/luffy/.hermes/sessions
2026-07-02 15:26:56,316 INFO gateway.run: Agent budget: max_iterations=60 (agent.max_turns from config.yaml, or HERMES_MAX_ITERATIONS from .env, or default 90)
2026-07-02 15:26:56,317 INFO gateway.run: Secret redaction: ENABLED (tool output, logs, and chat responses are scrubbed before delivery)
2026-07-02 15:26:56,324 INFO gateway.run: Previous gateway exited cleanly — skipping session suspension
2026-07-02 15:26:56,353 INFO gateway.run: Connecting to telegram...
2026-07-02 15:26:56,357 WARNING hermes_plugins.telegram_platform.adapter: [Telegram] Discovering Telegram API fallback IPs via DNS-over-HTTPS…
2026-07-02 15:26:56,490 INFO plugins.platforms.telegram.telegram_network: DoH discovery yielded no usable IPs (system DNS: 149.154.166.110); using seed fallback IPs 149.154.166.110, 149.154.167.220
2026-07-02 15:26:56,490 INFO hermes_plugins.telegram_platform.adapter: [Telegram] Auto-discovered Telegram fallback IPs: 149.154.166.110, 149.154.167.220
2026-07-02 15:26:56,490 INFO hermes_plugins.telegram_platform.adapter: [Telegram] Telegram fallback IPs active: 149.154.166.110, 149.154.167.220
2026-07-02 15:26:56,512 WARNING hermes_plugins.telegram_platform.adapter: [Telegram] Connecting to Telegram (attempt 1/8)…
2026-07-02 15:26:57,382 INFO hermes_plugins.telegram_platform.adapter: [Telegram] Connected to Telegram (polling mode)
2026-07-02 15:26:57,494 INFO gateway.run: ✓ telegram connected
2026-07-02 15:26:57,499 INFO gateway.run: Connecting to whatsapp...
2026-07-02 15:26:57,504 WARNING hermes_plugins.whatsapp_platform.adapter: [Whatsapp] WhatsApp is enabled but not paired (no creds.json at /home/luffy/.hermes/platforms/whatsapp/session/creds.json). Run `hermes whatsapp` to pair, or remove WHATSAPP_ENABLED from your .env to disable.
2026-07-02 15:26:57,509 WARNING gateway.run: ✗ whatsapp failed to connect
2026-07-02 15:26:57,513 INFO gateway.run: Gateway running with 1 platform(s)
2026-07-02 15:26:57,518 INFO gateway.run: Channel directory built: 1 target(s)
2026-07-02 15:26:57,843 INFO hermes_plugins.telegram_platform.adapter: [Telegram] set_my_commands OK for scope BotCommandScopeDefault (60 cmds)
2026-07-02 15:26:58,181 INFO hermes_plugins.telegram_platform.adapter: [Telegram] set_my_commands OK for scope BotCommandScopeAllPrivateChats (60 cmds)
2026-07-02 15:26:58,522 INFO hermes_plugins.telegram_platform.adapter: [Telegram] set_my_commands OK for scope BotCommandScopeAllGroupChats (60 cmds)
2026-07-02 15:26:58,523 INFO hermes_plugins.telegram_platform.adapter: [Telegram] Telegram menu: 60 commands registered, 74 hidden (over 60 limit). Use /commands for full list.
2026-07-02 15:26:58,526 INFO gateway.run: Press Ctrl+C to stop
2026-07-02 15:26:58,616 INFO gateway.run: Gateway housekeeping started (interval=60s)
2026-07-02 15:26:58,639 INFO gateway.run: kanban dispatcher: holding singleton dispatcher lock (/home/luffy/.hermes/kanban/.dispatcher.lock)
2026-07-02 15:27:03,651 INFO gateway.run: kanban dispatcher: embedded in gateway (interval=60.0s)
2026-07-02 15:44:13,038 INFO gateway.run: Stopping gateway for restart...
2026-07-02 15:44:14,692 INFO gateway.run: Sent shutdown notification to home channel telegram:5539915160
2026-07-02 15:44:14,693 INFO gateway.run: Shutdown phase: notify_active_sessions done at +1.65s
2026-07-02 15:44:14,713 INFO gateway.run: Shutdown phase: drain done at +1.67s (drain took 0.02s, timed_out=False, active_at_start=0, active_now=0)
2026-07-02 15:44:15,495 INFO hermes_plugins.telegram_platform.adapter: [Telegram] Disconnected from Telegram
2026-07-02 15:44:15,497 INFO gateway.run: ✓ telegram disconnected (0.78s)
2026-07-02 15:44:15,497 INFO gateway.run: Shutdown phase: all adapters disconnected at +2.45s
2026-07-02 15:44:15,678 INFO gateway.run: Shutdown phase: final-cleanup tool kill done at +2.63s
2026-07-02 15:44:15,679 INFO gateway.run: Shutdown phase: SessionDB close done at +2.63s
2026-07-02 15:44:15,723 INFO gateway.run: Launched systemd planned-restart helper for hermes-gateway (pid=733, scope=user)
2026-07-02 15:44:15,730 INFO gateway.run: Gateway stopped (total teardown 2.68s)
2026-07-02 15:44:15,732 INFO gateway.run: Gateway housekeeping stopped
2026-07-02 15:44:20,851 INFO gateway.run: Starting Hermes Gateway...
2026-07-02 15:44:20,852 INFO gateway.run: Session storage: /home/luffy/.hermes/sessions
2026-07-02 15:44:20,886 INFO gateway.run: Agent budget: max_iterations=60 (agent.max_turns from config.yaml, or HERMES_MAX_ITERATIONS from .env, or default 90)
2026-07-02 15:44:20,896 INFO gateway.run: Secret redaction: ENABLED (tool output, logs, and chat responses are scrubbed before delivery)
2026-07-02 15:44:20,947 INFO gateway.run: Previous gateway exited cleanly — skipping session suspension
2026-07-02 15:44:21,027 INFO gateway.run: Connecting to telegram...
2026-07-02 15:44:21,046 WARNING hermes_plugins.telegram_platform.adapter: [Telegram] Discovering Telegram API fallback IPs via DNS-over-HTTPS…
2026-07-02 15:44:21,666 INFO plugins.platforms.telegram.telegram_network: DoH discovery yielded no usable IPs (system DNS: 149.154.166.110); using seed fallback IPs 149.154.166.110, 149.154.167.220
2026-07-02 15:44:21,668 INFO hermes_plugins.telegram_platform.adapter: [Telegram] Auto-discovered Telegram fallback IPs: 149.154.166.110, 149.154.167.220
2026-07-02 15:44:21,669 INFO hermes_plugins.telegram_platform.adapter: [Telegram] Telegram fallback IPs active: 149.154.166.110, 149.154.167.220
2026-07-02 15:44:21,764 WARNING hermes_plugins.telegram_platform.adapter: [Telegram] Connecting to Telegram (attempt 1/8)…
2026-07-02 15:44:22,744 INFO hermes_plugins.telegram_platform.adapter: [Telegram] Connected to Telegram (polling mode)
2026-07-02 15:44:22,919 INFO gateway.run: ✓ telegram connected
2026-07-02 15:44:22,930 INFO gateway.run: Connecting to whatsapp...
2026-07-02 15:44:22,948 WARNING hermes_plugins.whatsapp_platform.adapter: [Whatsapp] WhatsApp is enabled but not paired (no creds.json at /home/luffy/.hermes/platforms/whatsapp/session/creds.json). Run `hermes whatsapp` to pair, or remove WHATSAPP_ENABLED from your .env to disable.
2026-07-02 15:44:22,956 WARNING gateway.run: ✗ whatsapp failed to connect
2026-07-02 15:44:22,964 INFO gateway.run: Gateway running with 1 platform(s)
2026-07-02 15:44:22,974 INFO gateway.run: Channel directory built: 1 target(s)
2026-07-02 15:44:23,296 INFO hermes_plugins.telegram_platform.adapter: [Telegram] set_my_commands OK for scope BotCommandScopeDefault (60 cmds)
2026-07-02 15:44:23,721 INFO hermes_plugins.telegram_platform.adapter: [Telegram] set_my_commands OK for scope BotCommandScopeAllPrivateChats (60 cmds)
2026-07-02 15:44:24,088 INFO hermes_plugins.telegram_platform.adapter: [Telegram] set_my_commands OK for scope BotCommandScopeAllGroupChats (60 cmds)
2026-07-02 15:44:24,090 INFO hermes_plugins.telegram_platform.adapter: [Telegram] Telegram menu: 60 commands registered, 74 hidden (over 60 limit). Use /commands for full list.
2026-07-02 15:44:25,235 INFO gateway.run: Sent home-channel startup notification to telegram:5539915160
2026-07-02 15:44:25,249 INFO gateway.run: Press Ctrl+C to stop
2026-07-02 15:44:25,283 INFO gateway.run: Gateway housekeeping started (interval=60s)
2026-07-02 15:44:25,302 INFO gateway.run: kanban dispatcher: holding singleton dispatcher lock (/home/luffy/.hermes/kanban/.dispatcher.lock)
2026-07-02 15:44:30,314 INFO gateway.run: kanban dispatcher: embedded in gateway (interval=60.0s)
2026-07-02 15:47:22,348 INFO gateway.run: Stopping gateway for restart...
2026-07-02 15:47:23,688 INFO gateway.run: Sent shutdown notification to home channel telegram:5539915160
2026-07-02 15:47:23,689 INFO gateway.run: Shutdown phase: notify_active_sessions done at +1.34s
2026-07-02 15:47:23,695 INFO gateway.run: Shutdown phase: drain done at +1.34s (drain took 0.00s, timed_out=False, active_at_start=0, active_now=0)
2026-07-02 15:47:25,614 INFO hermes_plugins.telegram_platform.adapter: [Telegram] Disconnected from Telegram
2026-07-02 15:47:25,615 INFO gateway.run: ✓ telegram disconnected (1.92s)
2026-07-02 15:47:25,616 INFO gateway.run: Shutdown phase: all adapters disconnected at +3.27s
2026-07-02 15:47:25,765 INFO gateway.run: Shutdown phase: final-cleanup tool kill done at +3.42s
2026-07-02 15:47:25,770 INFO gateway.run: Shutdown phase: SessionDB close done at +3.42s
2026-07-02 15:47:25,800 INFO gateway.run: Launched systemd planned-restart helper for hermes-gateway (pid=35254, scope=user)
2026-07-02 15:47:25,807 INFO gateway.run: Gateway stopped (total teardown 3.46s)
2026-07-02 15:47:25,809 INFO gateway.run: Gateway housekeeping stopped
2026-07-02 15:47:30,685 INFO gateway.run: Starting Hermes Gateway...
2026-07-02 15:47:30,685 INFO gateway.run: Session storage: /home/luffy/.hermes/sessions
2026-07-02 15:47:30,698 INFO gateway.run: Agent budget: max_iterations=60 (agent.max_turns from config.yaml, or HERMES_MAX_ITERATIONS from .env, or default 90)
2026-07-02 15:47:30,701 INFO gateway.run: Secret redaction: ENABLED (tool output, logs, and chat responses are scrubbed before delivery)
2026-07-02 15:47:30,713 INFO gateway.run: Previous gateway exited cleanly — skipping session suspension
2026-07-02 15:47:30,761 INFO gateway.run: Connecting to telegram...
2026-07-02 15:47:30,764 WARNING hermes_plugins.telegram_platform.adapter: [Telegram] Discovering Telegram API fallback IPs via DNS-over-HTTPS…
2026-07-02 15:47:35,093 INFO plugins.platforms.telegram.telegram_network: DoH discovery yielded no usable IPs (system DNS: 149.154.166.110); using seed fallback IPs 149.154.166.110, 149.154.167.220
2026-07-02 15:47:35,094 INFO hermes_plugins.telegram_platform.adapter: [Telegram] Auto-discovered Telegram fallback IPs: 149.154.166.110, 149.154.167.220
2026-07-02 15:47:35,096 INFO hermes_plugins.telegram_platform.adapter: [Telegram] Telegram fallback IPs active: 149.154.166.110, 149.154.167.220
2026-07-02 15:47:35,190 WARNING hermes_plugins.telegram_platform.adapter: [Telegram] Connecting to Telegram (attempt 1/8)…
2026-07-02 15:47:36,263 INFO hermes_plugins.telegram_platform.adapter: [Telegram] Connected to Telegram (polling mode)
2026-07-02 15:47:36,475 INFO gateway.run: ✓ telegram connected
2026-07-02 15:47:36,481 INFO gateway.run: Connecting to whatsapp...
2026-07-02 15:47:36,491 WARNING hermes_plugins.whatsapp_platform.adapter: [Whatsapp] WhatsApp is enabled but not paired (no creds.json at /home/luffy/.hermes/platforms/whatsapp/session/creds.json). Run `hermes whatsapp` to pair, or remove WHATSAPP_ENABLED from your .env to disable.
2026-07-02 15:47:36,495 WARNING gateway.run: ✗ whatsapp failed to connect
2026-07-02 15:47:36,500 INFO gateway.run: Gateway running with 1 platform(s)
2026-07-02 15:47:36,509 INFO gateway.run: Channel directory built: 1 target(s)
2026-07-02 15:47:36,876 INFO hermes_plugins.telegram_platform.adapter: [Telegram] set_my_commands OK for scope BotCommandScopeDefault (60 cmds)
2026-07-02 15:47:37,252 INFO hermes_plugins.telegram_platform.adapter: [Telegram] set_my_commands OK for scope BotCommandScopeAllPrivateChats (60 cmds)
2026-07-02 15:47:38,461 INFO hermes_plugins.telegram_platform.adapter: [Telegram] set_my_commands OK for scope BotCommandScopeAllGroupChats (60 cmds)
2026-07-02 15:47:38,462 INFO hermes_plugins.telegram_platform.adapter: [Telegram] Telegram menu: 60 commands registered, 74 hidden (over 60 limit). Use /commands for full list.
2026-07-02 15:47:47,514 WARNING plugins.platforms.telegram.telegram_network: [Telegram] Primary api.telegram.org connection failed (); trying fallback IPs 149.154.166.110, 149.154.167.220
2026-07-02 15:47:48,331 WARNING plugins.platforms.telegram.telegram_network: [Telegram] Primary api.telegram.org path unreachable; using sticky fallback IP 149.154.166.110
2026-07-02 15:47:48,697 INFO gateway.run: Sent home-channel startup notification to telegram:5539915160
2026-07-02 15:47:48,699 INFO gateway.run: Press Ctrl+C to stop
2026-07-02 15:47:48,726 INFO gateway.run: Gateway housekeeping started (interval=60s)
2026-07-02 15:47:48,729 INFO gateway.run: kanban dispatcher: holding singleton dispatcher lock (/home/luffy/.hermes/kanban/.dispatcher.lock)
2026-07-02 15:47:53,735 INFO gateway.run: kanban dispatcher: embedded in gateway (interval=60.0s)
2026-07-02 16:28:49,198 INFO gateway.run: Received SIGTERM — initiating shutdown
2026-07-02 16:28:49,205 WARNING gateway.run: Shutdown context: signal=SIGTERM under_systemd=yes parent_pid=694 parent_name=systemd loadavg_1m=2.67 parent_cmdline='/usr/lib/systemd/systemd --user'
2026-07-02 16:28:49,212 INFO gateway.run: Stopping gateway...
2026-07-02 16:28:50,447 INFO gateway.run: Sent shutdown notification to home channel telegram:5539915160
2026-07-02 16:28:50,448 INFO gateway.run: Shutdown phase: notify_active_sessions done at +1.24s
2026-07-02 16:28:50,451 INFO gateway.run: Shutdown phase: drain done at +1.24s (drain took 0.00s, timed_out=False, active_at_start=0, active_now=0)
2026-07-02 16:28:51,071 INFO hermes_plugins.telegram_platform.adapter: [Telegram] Disconnected from Telegram
2026-07-02 16:28:51,072 INFO gateway.run: ✓ telegram disconnected (0.62s)
2026-07-02 16:28:51,072 INFO gateway.run: Shutdown phase: all adapters disconnected at +1.86s
2026-07-02 16:28:51,202 INFO gateway.run: Shutdown phase: final-cleanup tool kill done at +1.99s
2026-07-02 16:28:51,217 INFO gateway.run: Shutdown phase: SessionDB close done at +2.00s
2026-07-02 16:28:51,218 INFO gateway.run: Gateway stopped by an unexpected signal — persisting gateway_state=running so container_boot auto-starts on the next boot (issue #42675)
2026-07-02 16:28:51,222 INFO gateway.run: Gateway stopped (total teardown 2.01s)
2026-07-02 16:28:51,222 INFO gateway.run: Gateway housekeeping stopped
2026-07-02 16:28:51,224 INFO gateway.run: Exiting with code 1 (signal-initiated shutdown without restart request) so systemd Restart=on-failure can revive the gateway.
2026-07-02 21:35:07,727 INFO gateway.run: Starting Hermes Gateway...
2026-07-02 21:35:07,727 INFO gateway.run: Session storage: /home/luffy/.hermes/sessions
2026-07-02 21:35:07,734 INFO gateway.run: Agent budget: max_iterations=60 (agent.max_turns from config.yaml, or HERMES_MAX_ITERATIONS from .env, or default 90)
2026-07-02 21:35:07,735 INFO gateway.run: Secret redaction: ENABLED (tool output, logs, and chat responses are scrubbed before delivery)
2026-07-02 21:35:07,742 INFO gateway.run: Previous gateway exited cleanly — skipping session suspension
2026-07-02 21:35:07,769 INFO gateway.run: Connecting to telegram...
2026-07-02 21:35:07,772 WARNING hermes_plugins.telegram_platform.adapter: [Telegram] Discovering Telegram API fallback IPs via DNS-over-HTTPS…
2026-07-02 21:35:08,099 INFO hermes_plugins.telegram_platform.adapter: [Telegram] Auto-discovered Telegram fallback IPs: 149.154.166.110
2026-07-02 21:35:08,100 INFO hermes_plugins.telegram_platform.adapter: [Telegram] Telegram fallback IPs active: 149.154.166.110
2026-07-02 21:35:08,117 WARNING hermes_plugins.telegram_platform.adapter: [Telegram] Connecting to Telegram (attempt 1/8)…
2026-07-02 21:35:08,960 INFO hermes_plugins.telegram_platform.adapter: [Telegram] Connected to Telegram (polling mode)
2026-07-02 21:35:09,057 INFO gateway.run: ✓ telegram connected
2026-07-02 21:35:09,061 INFO gateway.run: Connecting to whatsapp...
2026-07-02 21:35:09,068 WARNING hermes_plugins.whatsapp_platform.adapter: [Whatsapp] WhatsApp is enabled but not paired (no creds.json at /home/luffy/.hermes/platforms/whatsapp/session/creds.json). Run `hermes whatsapp` to pair, or remove WHATSAPP_ENABLED from your .env to disable.
2026-07-02 21:35:09,073 WARNING gateway.run: ✗ whatsapp failed to connect
2026-07-02 21:35:09,079 INFO gateway.run: Gateway running with 1 platform(s)
2026-07-02 21:35:09,086 INFO gateway.run: Channel directory built: 1 target(s)
2026-07-02 21:35:09,423 INFO hermes_plugins.telegram_platform.adapter: [Telegram] set_my_commands OK for scope BotCommandScopeDefault (60 cmds)
2026-07-02 21:35:09,865 INFO hermes_plugins.telegram_platform.adapter: [Telegram] set_my_commands OK for scope BotCommandScopeAllPrivateChats (60 cmds)
2026-07-02 21:35:10,091 INFO gateway.run: Press Ctrl+C to stop
2026-07-02 21:35:10,169 INFO gateway.run: Gateway housekeeping started (interval=60s)
2026-07-02 21:35:10,177 INFO gateway.run: kanban dispatcher: holding singleton dispatcher lock (/home/luffy/.hermes/kanban/.dispatcher.lock)
2026-07-02 21:35:10,367 INFO hermes_plugins.telegram_platform.adapter: [Telegram] set_my_commands OK for scope BotCommandScopeAllGroupChats (60 cmds)
2026-07-02 21:35:10,367 INFO hermes_plugins.telegram_platform.adapter: [Telegram] Telegram menu: 60 commands registered, 74 hidden (over 60 limit). Use /commands for full list.
2026-07-02 21:35:15,179 INFO gateway.run: kanban dispatcher: embedded in gateway (interval=60.0s)
2026-07-02 21:58:31,851 INFO gateway.run: Stopping gateway for restart...
2026-07-02 21:58:33,467 INFO gateway.run: Sent shutdown notification to home channel telegram:5539915160
2026-07-02 21:58:33,468 INFO gateway.run: Shutdown phase: notify_active_sessions done at +1.62s
2026-07-02 21:58:33,474 INFO gateway.run: Shutdown phase: drain done at +1.62s (drain took 0.00s, timed_out=False, active_at_start=0, active_now=0)
2026-07-02 21:58:37,439 INFO hermes_plugins.telegram_platform.adapter: [Telegram] Disconnected from Telegram
2026-07-02 21:58:37,441 INFO gateway.run: ✓ telegram disconnected (3.96s)
2026-07-02 21:58:37,442 INFO gateway.run: Shutdown phase: all adapters disconnected at +5.59s
2026-07-02 21:58:37,721 INFO gateway.run: Shutdown phase: final-cleanup tool kill done at +5.87s
2026-07-02 21:58:37,726 INFO gateway.run: Shutdown phase: SessionDB close done at +5.87s
2026-07-02 21:58:37,746 INFO gateway.run: Launched systemd planned-restart helper for hermes-gateway (pid=736, scope=user)
2026-07-02 21:58:37,751 INFO gateway.run: Gateway stopped (total teardown 5.90s)
2026-07-02 21:58:37,751 INFO gateway.run: Gateway housekeeping stopped
2026-07-02 21:58:42,954 INFO gateway.run: Starting Hermes Gateway...
2026-07-02 21:58:42,954 INFO gateway.run: Session storage: /home/luffy/.hermes/sessions
2026-07-02 21:58:42,971 INFO gateway.run: Agent budget: max_iterations=60 (agent.max_turns from config.yaml, or HERMES_MAX_ITERATIONS from .env, or default 90)
2026-07-02 21:58:42,972 INFO gateway.run: Secret redaction: ENABLED (tool output, logs, and chat responses are scrubbed before delivery)
2026-07-02 21:58:43,001 INFO gateway.run: Previous gateway exited cleanly — skipping session suspension
2026-07-02 21:58:43,087 INFO gateway.run: Connecting to telegram...
2026-07-02 21:58:43,093 WARNING hermes_plugins.telegram_platform.adapter: [Telegram] Discovering Telegram API fallback IPs via DNS-over-HTTPS…
2026-07-02 21:58:43,362 INFO hermes_plugins.telegram_platform.adapter: [Telegram] Auto-discovered Telegram fallback IPs: 149.154.166.110
2026-07-02 21:58:43,363 INFO hermes_plugins.telegram_platform.adapter: [Telegram] Telegram fallback IPs active: 149.154.166.110
2026-07-02 21:58:43,428 WARNING hermes_plugins.telegram_platform.adapter: [Telegram] Connecting to Telegram (attempt 1/8)…
2026-07-02 21:58:45,063 INFO hermes_plugins.telegram_platform.adapter: [Telegram] Connected to Telegram (polling mode)
2026-07-02 21:58:45,266 INFO gateway.run: ✓ telegram connected
2026-07-02 21:58:45,273 INFO gateway.run: Connecting to whatsapp...
2026-07-02 21:58:45,281 WARNING hermes_plugins.whatsapp_platform.adapter: [Whatsapp] WhatsApp is enabled but not paired (no creds.json at /home/luffy/.hermes/platforms/whatsapp/session/creds.json). Run `hermes whatsapp` to pair, or remove WHATSAPP_ENABLED from your .env to disable.
2026-07-02 21:58:45,284 WARNING gateway.run: ✗ whatsapp failed to connect
2026-07-02 21:58:45,290 INFO gateway.run: Gateway running with 1 platform(s)
2026-07-02 21:58:45,301 INFO gateway.run: Channel directory built: 1 target(s)
2026-07-02 21:58:45,786 INFO hermes_plugins.telegram_platform.adapter: [Telegram] set_my_commands OK for scope BotCommandScopeDefault (60 cmds)
2026-07-02 21:58:46,371 INFO hermes_plugins.telegram_platform.adapter: [Telegram] set_my_commands OK for scope BotCommandScopeAllPrivateChats (60 cmds)
2026-07-02 21:58:46,834 INFO hermes_plugins.telegram_platform.adapter: [Telegram] set_my_commands OK for scope BotCommandScopeAllGroupChats (60 cmds)
2026-07-02 21:58:46,837 INFO hermes_plugins.telegram_platform.adapter: [Telegram] Telegram menu: 60 commands registered, 74 hidden (over 60 limit). Use /commands for full list.
2026-07-02 21:58:47,466 INFO gateway.run: Sent home-channel startup notification to telegram:5539915160
2026-07-02 21:58:47,480 INFO gateway.run: Press Ctrl+C to stop
2026-07-02 21:58:47,624 INFO gateway.run: Gateway housekeeping started (interval=60s)
2026-07-02 21:58:47,685 INFO gateway.run: kanban dispatcher: holding singleton dispatcher lock (/home/luffy/.hermes/kanban/.dispatcher.lock)
2026-07-02 21:58:52,686 INFO gateway.run: kanban dispatcher: embedded in gateway (interval=60.0s)
2026-07-02 22:31:39,407 WARNING plugins.platforms.telegram.telegram_network: [Telegram] Primary api.telegram.org connection failed ([Errno -3] Temporary failure in name resolution); trying fallback IPs 149.154.166.110
2026-07-02 22:31:39,412 WARNING plugins.platforms.telegram.telegram_network: [Telegram] Fallback IP 149.154.166.110 failed: All connection attempts failed
2026-07-02 22:31:39,414 WARNING hermes_plugins.telegram_platform.adapter: [Telegram] Telegram network error, scheduling reconnect: httpx.ConnectError: All connection attempts failed
2026-07-02 22:31:39,416 WARNING hermes_plugins.telegram_platform.adapter: [Telegram] Telegram network error (attempt 1/10), reconnecting in 5s. Error: httpx.ConnectError: All connection attempts failed
2026-07-02 22:31:40,423 WARNING plugins.platforms.telegram.telegram_network: [Telegram] Primary api.telegram.org connection failed ([Errno -3] Temporary failure in name resolution); trying fallback IPs 149.154.166.110
2026-07-02 22:31:40,428 WARNING plugins.platforms.telegram.telegram_network: [Telegram] Fallback IP 149.154.166.110 failed: All connection attempts failed
2026-07-02 22:31:41,938 WARNING plugins.platforms.telegram.telegram_network: [Telegram] Primary api.telegram.org connection failed ([Errno -3] Temporary failure in name resolution); trying fallback IPs 149.154.166.110
2026-07-02 22:31:41,945 WARNING plugins.platforms.telegram.telegram_network: [Telegram] Fallback IP 149.154.166.110 failed: All connection attempts failed
2026-07-02 22:31:44,202 WARNING plugins.platforms.telegram.telegram_network: [Telegram] Primary api.telegram.org connection failed ([Errno -3] Temporary failure in name resolution); trying fallback IPs 149.154.166.110
2026-07-02 22:31:44,207 WARNING plugins.platforms.telegram.telegram_network: [Telegram] Fallback IP 149.154.166.110 failed: All connection attempts failed
2026-07-02 22:31:47,592 WARNING plugins.platforms.telegram.telegram_network: [Telegram] Primary api.telegram.org connection failed ([Errno -3] Temporary failure in name resolution); trying fallback IPs 149.154.166.110
2026-07-02 22:31:47,597 WARNING plugins.platforms.telegram.telegram_network: [Telegram] Fallback IP 149.154.166.110 failed: All connection attempts failed
2026-07-02 22:31:47,712 WARNING plugins.platforms.telegram.telegram_network: [Telegram] Primary api.telegram.org connection failed ([Errno -3] Temporary failure in name resolution); trying fallback IPs 149.154.166.110
2026-07-02 22:31:47,713 WARNING plugins.platforms.telegram.telegram_network: [Telegram] Fallback IP 149.154.166.110 failed: All connection attempts failed
2026-07-02 22:31:47,755 WARNING hermes_plugins.telegram_platform.adapter: [Telegram] Telegram polling reconnect failed: httpx.ConnectError: All connection attempts failed
2026-07-02 22:31:47,755 WARNING hermes_plugins.telegram_platform.adapter: [Telegram] Telegram network error (attempt 2/10), reconnecting in 10s. Error: httpx.ConnectError: All connection attempts failed
2026-07-02 22:31:57,763 WARNING plugins.platforms.telegram.telegram_network: [Telegram] Primary api.telegram.org connection failed ([Errno -3] Temporary failure in name resolution); trying fallback IPs 149.154.166.110
2026-07-02 22:31:57,767 WARNING plugins.platforms.telegram.telegram_network: [Telegram] Fallback IP 149.154.166.110 failed: All connection attempts failed
2026-07-02 22:31:57,855 WARNING hermes_plugins.telegram_platform.adapter: [Telegram] Telegram polling reconnect failed: httpx.ConnectError: All connection attempts failed
2026-07-02 22:31:57,855 WARNING hermes_plugins.telegram_platform.adapter: [Telegram] Telegram network error (attempt 3/10), reconnecting in 20s. Error: httpx.ConnectError: All connection attempts failed
2026-07-02 22:32:10,483 WARNING plugins.platforms.telegram.telegram_network: [Telegram] Primary api.telegram.org connection failed ([Errno -3] Temporary failure in name resolution); trying fallback IPs 149.154.166.110
2026-07-02 22:32:10,488 WARNING plugins.platforms.telegram.telegram_network: [Telegram] Fallback IP 149.154.166.110 failed: All connection attempts failed
2026-07-02 22:32:17,863 WARNING plugins.platforms.telegram.telegram_network: [Telegram] Primary api.telegram.org connection failed ([Errno -3] Temporary failure in name resolution); trying fallback IPs 149.154.166.110
2026-07-02 22:32:17,871 WARNING plugins.platforms.telegram.telegram_network: [Telegram] Fallback IP 149.154.166.110 failed: All connection attempts failed
2026-07-02 22:32:17,989 WARNING hermes_plugins.telegram_platform.adapter: [Telegram] Telegram polling reconnect failed: httpx.ConnectError: All connection attempts failed
2026-07-02 22:32:17,989 WARNING hermes_plugins.telegram_platform.adapter: [Telegram] Telegram network error (attempt 4/10), reconnecting in 40s. Error: httpx.ConnectError: All connection attempts failed
2026-07-02 22:33:07,995 WARNING plugins.platforms.telegram.telegram_network: [Telegram] Primary api.telegram.org connection failed (); trying fallback IPs 149.154.166.110
2026-07-02 22:33:18,000 WARNING plugins.platforms.telegram.telegram_network: [Telegram] Fallback IP 149.154.166.110 failed: 
2026-07-02 22:33:18,109 WARNING hermes_plugins.telegram_platform.adapter: [Telegram] Telegram polling reconnect failed: Timed out
2026-07-02 22:33:18,110 WARNING hermes_plugins.telegram_platform.adapter: [Telegram] Telegram network error (attempt 5/10), reconnecting in 60s. Error: Timed out
2026-07-02 22:33:50,495 WARNING plugins.platforms.telegram.telegram_network: [Telegram] Primary api.telegram.org connection failed (); trying fallback IPs 149.154.166.110
2026-07-02 22:33:55,495 WARNING hermes_plugins.telegram_platform.adapter: [Telegram] Polling heartbeat probe failed (); triggering reconnect
2026-07-02 22:34:18,116 WARNING plugins.platforms.telegram.telegram_network: [Telegram] Primary api.telegram.org connection failed ([Errno -3] Temporary failure in name resolution); trying fallback IPs 149.154.166.110
2026-07-02 22:34:18,121 WARNING plugins.platforms.telegram.telegram_network: [Telegram] Fallback IP 149.154.166.110 failed: All connection attempts failed
2026-07-02 22:34:18,207 WARNING hermes_plugins.telegram_platform.adapter: [Telegram] Telegram polling reconnect failed: httpx.ConnectError: All connection attempts failed
2026-07-02 22:34:18,207 WARNING hermes_plugins.telegram_platform.adapter: [Telegram] Telegram network error (attempt 6/10), reconnecting in 60s. Error: httpx.ConnectError: All connection attempts failed
2026-07-02 22:35:18,237 WARNING plugins.platforms.telegram.telegram_network: [Telegram] Primary api.telegram.org connection failed ([Errno -3] Temporary failure in name resolution); trying fallback IPs 149.154.166.110
2026-07-02 22:35:18,244 WARNING plugins.platforms.telegram.telegram_network: [Telegram] Fallback IP 149.154.166.110 failed: All connection attempts failed
2026-07-02 22:35:18,366 WARNING hermes_plugins.telegram_platform.adapter: [Telegram] Telegram polling reconnect failed: httpx.ConnectError: All connection attempts failed
2026-07-02 22:35:18,366 WARNING hermes_plugins.telegram_platform.adapter: [Telegram] Telegram network error (attempt 7/10), reconnecting in 60s. Error: httpx.ConnectError: All connection attempts failed
2026-07-02 22:35:25,522 WARNING plugins.platforms.telegram.telegram_network: [Telegram] Primary api.telegram.org connection failed ([Errno -3] Temporary failure in name resolution); trying fallback IPs 149.154.166.110
2026-07-02 22:35:25,528 WARNING plugins.platforms.telegram.telegram_network: [Telegram] Fallback IP 149.154.166.110 failed: All connection attempts failed
2026-07-02 22:36:19,430 INFO hermes_plugins.telegram_platform.adapter: [Telegram] Telegram polling resumed after network error (attempt 7)
2026-07-03 01:27:30,286 INFO gateway.run: Received SIGTERM — initiating shutdown
2026-07-03 01:27:30,288 WARNING gateway.run: Shutdown context: signal=SIGTERM under_systemd=yes parent_pid=702 parent_name=systemd loadavg_1m=3.07 parent_cmdline='/usr/lib/systemd/systemd --user'
2026-07-03 01:27:30,306 INFO gateway.run: Stopping gateway...
2026-07-03 01:27:31,926 INFO gateway.run: Sent shutdown notification to home channel telegram:5539915160
2026-07-03 01:27:31,927 INFO gateway.run: Shutdown phase: notify_active_sessions done at +1.62s
2026-07-03 01:27:31,934 INFO gateway.run: Shutdown phase: drain done at +1.63s (drain took 0.01s, timed_out=False, active_at_start=0, active_now=0)
2026-07-03 01:27:32,904 INFO hermes_plugins.telegram_platform.adapter: [Telegram] Disconnected from Telegram
2026-07-03 01:27:32,905 INFO gateway.run: ✓ telegram disconnected (0.97s)
2026-07-03 01:27:32,906 INFO gateway.run: Shutdown phase: all adapters disconnected at +2.60s
2026-07-03 01:27:33,020 INFO gateway.run: Shutdown phase: final-cleanup tool kill done at +2.71s
2026-07-03 01:27:33,029 INFO gateway.run: Shutdown phase: SessionDB close done at +2.72s
2026-07-03 01:27:33,029 INFO gateway.run: Gateway stopped by an unexpected signal — persisting gateway_state=running so container_boot auto-starts on the next boot (issue #42675)
2026-07-03 01:27:33,033 INFO gateway.run: Gateway stopped (total teardown 2.73s)
2026-07-03 01:27:33,033 INFO gateway.run: Gateway housekeeping stopped
2026-07-03 01:27:33,034 INFO gateway.run: Exiting with code 1 (signal-initiated shutdown without restart request) so systemd Restart=on-failure can revive the gateway.
2026-07-03 17:55:46,384 INFO gateway.run: Starting Hermes Gateway...
2026-07-03 17:55:46,385 INFO gateway.run: Session storage: /home/luffy/.hermes/sessions
2026-07-03 17:55:46,399 INFO gateway.run: Agent budget: max_iterations=60 (agent.max_turns from config.yaml, or HERMES_MAX_ITERATIONS from .env, or default 90)
2026-07-03 17:55:46,400 INFO gateway.run: Secret redaction: ENABLED (tool output, logs, and chat responses are scrubbed before delivery)
2026-07-03 17:55:46,415 INFO gateway.run: Previous gateway exited cleanly — skipping session suspension
2026-07-03 17:55:46,523 INFO gateway.run: Connecting to telegram...
2026-07-03 17:55:46,528 WARNING hermes_plugins.telegram_platform.adapter: [Telegram] Discovering Telegram API fallback IPs via DNS-over-HTTPS…
2026-07-03 17:55:46,836 INFO hermes_plugins.telegram_platform.adapter: [Telegram] Auto-discovered Telegram fallback IPs: 149.154.166.110
2026-07-03 17:55:46,838 INFO hermes_plugins.telegram_platform.adapter: [Telegram] Telegram fallback IPs active: 149.154.166.110
2026-07-03 17:55:46,865 WARNING hermes_plugins.telegram_platform.adapter: [Telegram] Connecting to Telegram (attempt 1/8)…
2026-07-03 17:55:47,746 INFO hermes_plugins.telegram_platform.adapter: [Telegram] Connected to Telegram (polling mode)
2026-07-03 17:55:47,846 INFO gateway.run: ✓ telegram connected
2026-07-03 17:55:47,851 INFO gateway.run: Connecting to whatsapp...
2026-07-03 17:55:47,858 WARNING hermes_plugins.whatsapp_platform.adapter: [Whatsapp] WhatsApp is enabled but not paired (no creds.json at /home/luffy/.hermes/platforms/whatsapp/session/creds.json). Run `hermes whatsapp` to pair, or remove WHATSAPP_ENABLED from your .env to disable.
2026-07-03 17:55:47,862 WARNING gateway.run: ✗ whatsapp failed to connect
2026-07-03 17:55:47,866 INFO gateway.run: Gateway running with 1 platform(s)
2026-07-03 17:55:47,870 INFO gateway.run: Channel directory built: 1 target(s)
2026-07-03 17:55:48,202 INFO hermes_plugins.telegram_platform.adapter: [Telegram] set_my_commands OK for scope BotCommandScopeDefault (60 cmds)
2026-07-03 17:55:48,542 INFO hermes_plugins.telegram_platform.adapter: [Telegram] set_my_commands OK for scope BotCommandScopeAllPrivateChats (60 cmds)
2026-07-03 17:55:48,875 INFO gateway.run: Press Ctrl+C to stop
2026-07-03 17:55:48,957 INFO gateway.run: Gateway housekeeping started (interval=60s)
2026-07-03 17:55:48,980 INFO gateway.run: kanban dispatcher: holding singleton dispatcher lock (/home/luffy/.hermes/kanban/.dispatcher.lock)
2026-07-03 17:55:49,002 INFO hermes_plugins.telegram_platform.adapter: [Telegram] set_my_commands OK for scope BotCommandScopeAllGroupChats (60 cmds)
2026-07-03 17:55:49,003 INFO hermes_plugins.telegram_platform.adapter: [Telegram] Telegram menu: 60 commands registered, 75 hidden (over 60 limit). Use /commands for full list.
2026-07-03 17:55:54,000 INFO gateway.run: kanban dispatcher: embedded in gateway (interval=60.0s)
2026-07-03 19:38:29,212 INFO gateway.run: Received SIGTERM — initiating shutdown
2026-07-03 19:38:29,213 WARNING gateway.run: Shutdown context: signal=SIGTERM under_systemd=yes parent_pid=720 parent_name=systemd loadavg_1m=3.64 parent_cmdline='/usr/lib/systemd/systemd --user'
2026-07-03 19:38:29,226 INFO gateway.run: Stopping gateway...
2026-07-03 19:38:30,480 INFO gateway.run: Sent shutdown notification to home channel telegram:5539915160
2026-07-03 19:38:30,482 INFO gateway.run: Shutdown phase: notify_active_sessions done at +1.26s
2026-07-03 19:38:30,487 INFO gateway.run: Shutdown phase: drain done at +1.26s (drain took 0.00s, timed_out=False, active_at_start=0, active_now=0)
2026-07-03 19:38:31,566 INFO hermes_plugins.telegram_platform.adapter: [Telegram] Disconnected from Telegram
2026-07-03 19:38:31,567 INFO gateway.run: ✓ telegram disconnected (1.08s)
2026-07-03 19:38:31,569 INFO gateway.run: Shutdown phase: all adapters disconnected at +2.34s
2026-07-03 19:38:31,693 INFO gateway.run: Shutdown phase: final-cleanup tool kill done at +2.47s
2026-07-03 19:38:31,699 INFO gateway.run: Shutdown phase: SessionDB close done at +2.47s
2026-07-03 19:38:31,700 INFO gateway.run: Gateway stopped by an unexpected signal — persisting gateway_state=running so container_boot auto-starts on the next boot (issue #42675)
2026-07-03 19:38:31,703 INFO gateway.run: Gateway stopped (total teardown 2.48s)
2026-07-03 19:38:31,704 INFO gateway.run: Gateway housekeeping stopped
2026-07-03 19:38:31,705 INFO gateway.run: Exiting with code 1 (signal-initiated shutdown without restart request) so systemd Restart=on-failure can revive the gateway.
2026-07-03 19:40:21,429 INFO gateway.run: Starting Hermes Gateway...
2026-07-03 19:40:21,429 INFO gateway.run: Session storage: /home/luffy/.hermes/sessions
2026-07-03 19:40:21,440 INFO gateway.run: Agent budget: max_iterations=60 (agent.max_turns from config.yaml, or HERMES_MAX_ITERATIONS from .env, or default 90)
2026-07-03 19:40:21,441 INFO gateway.run: Secret redaction: ENABLED (tool output, logs, and chat responses are scrubbed before delivery)
2026-07-03 19:40:21,449 INFO gateway.run: Previous gateway exited cleanly — skipping session suspension
2026-07-03 19:40:21,537 INFO gateway.run: Connecting to telegram...
2026-07-03 19:40:21,541 WARNING hermes_plugins.telegram_platform.adapter: [Telegram] Discovering Telegram API fallback IPs via DNS-over-HTTPS…
2026-07-03 19:40:21,899 INFO hermes_plugins.telegram_platform.adapter: [Telegram] Auto-discovered Telegram fallback IPs: 149.154.166.110
2026-07-03 19:40:21,900 INFO hermes_plugins.telegram_platform.adapter: [Telegram] Telegram fallback IPs active: 149.154.166.110
2026-07-03 19:40:21,930 WARNING hermes_plugins.telegram_platform.adapter: [Telegram] Connecting to Telegram (attempt 1/8)…
2026-07-03 19:40:23,040 INFO hermes_plugins.telegram_platform.adapter: [Telegram] Connected to Telegram (polling mode)
2026-07-03 19:40:23,137 INFO gateway.run: ✓ telegram connected
2026-07-03 19:40:23,141 INFO gateway.run: Connecting to whatsapp...
2026-07-03 19:40:23,148 WARNING hermes_plugins.whatsapp_platform.adapter: [Whatsapp] WhatsApp is enabled but not paired (no creds.json at /home/luffy/.hermes/platforms/whatsapp/session/creds.json). Run `hermes whatsapp` to pair, or remove WHATSAPP_ENABLED from your .env to disable.
2026-07-03 19:40:23,153 WARNING gateway.run: ✗ whatsapp failed to connect
2026-07-03 19:40:23,159 INFO gateway.run: Gateway running with 1 platform(s)
2026-07-03 19:40:23,166 INFO gateway.run: Channel directory built: 1 target(s)
2026-07-03 19:40:23,503 INFO hermes_plugins.telegram_platform.adapter: [Telegram] set_my_commands OK for scope BotCommandScopeDefault (60 cmds)
2026-07-03 19:40:23,861 INFO hermes_plugins.telegram_platform.adapter: [Telegram] set_my_commands OK for scope BotCommandScopeAllPrivateChats (60 cmds)
2026-07-03 19:40:24,170 INFO gateway.run: Press Ctrl+C to stop
2026-07-03 19:40:24,247 INFO gateway.run: Gateway housekeeping started (interval=60s)
2026-07-03 19:40:24,288 INFO gateway.run: kanban dispatcher: holding singleton dispatcher lock (/home/luffy/.hermes/kanban/.dispatcher.lock)
2026-07-03 19:40:24,290 INFO hermes_plugins.telegram_platform.adapter: [Telegram] set_my_commands OK for scope BotCommandScopeAllGroupChats (60 cmds)
2026-07-03 19:40:24,290 INFO hermes_plugins.telegram_platform.adapter: [Telegram] Telegram menu: 60 commands registered, 76 hidden (over 60 limit). Use /commands for full list.
2026-07-03 19:40:29,289 INFO gateway.run: kanban dispatcher: embedded in gateway (interval=60.0s)
2026-07-03 19:43:20,792 INFO gateway.run: Stopping gateway for restart...
2026-07-03 19:43:22,438 INFO gateway.run: Sent shutdown notification to home channel telegram:5539915160
2026-07-03 19:43:22,439 INFO gateway.run: Shutdown phase: notify_active_sessions done at +1.65s
2026-07-03 19:43:22,444 INFO gateway.run: Shutdown phase: drain done at +1.65s (drain took 0.00s, timed_out=False, active_at_start=0, active_now=0)
2026-07-03 19:43:23,057 INFO hermes_plugins.telegram_platform.adapter: [Telegram] Disconnected from Telegram
2026-07-03 19:43:23,059 INFO gateway.run: ✓ telegram disconnected (0.61s)
2026-07-03 19:43:23,060 INFO gateway.run: Shutdown phase: all adapters disconnected at +2.27s
2026-07-03 19:43:23,356 INFO gateway.run: Shutdown phase: final-cleanup tool kill done at +2.56s
2026-07-03 19:43:23,357 INFO gateway.run: Shutdown phase: SessionDB close done at +2.56s
2026-07-03 19:43:23,376 INFO gateway.run: Launched systemd planned-restart helper for hermes-gateway (pid=764, scope=user)
2026-07-03 19:43:23,379 INFO gateway.run: Gateway stopped (total teardown 2.59s)
2026-07-03 19:43:23,379 INFO gateway.run: Gateway housekeeping stopped
2026-07-03 19:43:28,889 INFO gateway.run: Starting Hermes Gateway...
2026-07-03 19:43:28,890 INFO gateway.run: Session storage: /home/luffy/.hermes/sessions
2026-07-03 19:43:28,911 INFO gateway.run: Agent budget: max_iterations=60 (agent.max_turns from config.yaml, or HERMES_MAX_ITERATIONS from .env, or default 90)
2026-07-03 19:43:28,913 INFO gateway.run: Secret redaction: ENABLED (tool output, logs, and chat responses are scrubbed before delivery)
2026-07-03 19:43:28,965 INFO gateway.run: Previous gateway exited cleanly — skipping session suspension
2026-07-03 19:43:29,089 INFO gateway.run: Connecting to telegram...
2026-07-03 19:43:29,104 WARNING hermes_plugins.telegram_platform.adapter: [Telegram] Discovering Telegram API fallback IPs via DNS-over-HTTPS…
2026-07-03 19:43:29,363 INFO hermes_plugins.telegram_platform.adapter: [Telegram] Auto-discovered Telegram fallback IPs: 149.154.166.110
2026-07-03 19:43:29,366 INFO hermes_plugins.telegram_platform.adapter: [Telegram] Telegram fallback IPs active: 149.154.166.110
2026-07-03 19:43:29,455 WARNING hermes_plugins.telegram_platform.adapter: [Telegram] Connecting to Telegram (attempt 1/8)…
2026-07-03 19:43:31,055 INFO hermes_plugins.telegram_platform.adapter: [Telegram] Connected to Telegram (polling mode)
2026-07-03 19:43:31,239 INFO gateway.run: ✓ telegram connected
2026-07-03 19:43:31,252 INFO gateway.run: Connecting to whatsapp...
2026-07-03 19:43:31,289 WARNING hermes_plugins.whatsapp_platform.adapter: [Whatsapp] WhatsApp is enabled but not paired (no creds.json at /home/luffy/.hermes/platforms/whatsapp/session/creds.json). Run `hermes whatsapp` to pair, or remove WHATSAPP_ENABLED from your .env to disable.
2026-07-03 19:43:31,310 WARNING gateway.run: ✗ whatsapp failed to connect
2026-07-03 19:43:31,320 INFO gateway.run: Gateway running with 1 platform(s)
2026-07-03 19:43:31,364 INFO gateway.run: Channel directory built: 1 target(s)
2026-07-03 19:43:31,643 INFO hermes_plugins.telegram_platform.adapter: [Telegram] set_my_commands OK for scope BotCommandScopeDefault (60 cmds)
2026-07-03 19:43:31,981 INFO hermes_plugins.telegram_platform.adapter: [Telegram] set_my_commands OK for scope BotCommandScopeAllPrivateChats (60 cmds)
2026-07-03 19:43:32,383 INFO hermes_plugins.telegram_platform.adapter: [Telegram] set_my_commands OK for scope BotCommandScopeAllGroupChats (60 cmds)
2026-07-03 19:43:32,385 INFO hermes_plugins.telegram_platform.adapter: [Telegram] Telegram menu: 60 commands registered, 76 hidden (over 60 limit). Use /commands for full list.
2026-07-03 19:43:33,831 INFO gateway.run: Sent home-channel startup notification to telegram:5539915160
2026-07-03 19:43:33,851 INFO gateway.run: Press Ctrl+C to stop
2026-07-03 19:43:34,051 INFO gateway.run: Gateway housekeeping started (interval=60s)
2026-07-03 19:43:34,054 INFO gateway.run: kanban dispatcher: holding singleton dispatcher lock (/home/luffy/.hermes/kanban/.dispatcher.lock)
2026-07-03 19:43:39,058 INFO gateway.run: kanban dispatcher: embedded in gateway (interval=60.0s)
2026-07-03 23:26:32,766 INFO gateway.run: Received SIGTERM — initiating shutdown
2026-07-03 23:26:32,769 WARNING gateway.run: Shutdown context: signal=SIGTERM under_systemd=yes parent_pid=716 parent_name=systemd loadavg_1m=2.96 parent_cmdline='/usr/lib/systemd/systemd --user --deserialize=10'
2026-07-03 23:26:32,784 INFO gateway.run: Stopping gateway...
2026-07-03 23:26:34,325 INFO gateway.run: Sent shutdown notification to home channel telegram:5539915160
2026-07-03 23:26:34,326 INFO gateway.run: Shutdown phase: notify_active_sessions done at +1.54s
2026-07-03 23:26:34,332 INFO gateway.run: Shutdown phase: drain done at +1.55s (drain took 0.01s, timed_out=False, active_at_start=0, active_now=0)
2026-07-03 23:26:35,230 INFO hermes_plugins.telegram_platform.adapter: [Telegram] Disconnected from Telegram
2026-07-03 23:26:35,231 INFO gateway.run: ✓ telegram disconnected (0.90s)
2026-07-03 23:26:35,232 INFO gateway.run: Shutdown phase: all adapters disconnected at +2.45s
2026-07-03 23:26:35,352 INFO gateway.run: Shutdown phase: final-cleanup tool kill done at +2.57s
2026-07-03 23:26:35,359 INFO gateway.run: Shutdown phase: SessionDB close done at +2.57s
2026-07-03 23:26:35,359 INFO gateway.run: Gateway stopped by an unexpected signal — persisting gateway_state=running so container_boot auto-starts on the next boot (issue #42675)
2026-07-03 23:26:35,362 INFO gateway.run: Gateway stopped (total teardown 2.58s)
2026-07-03 23:26:35,363 INFO gateway.run: Gateway housekeeping stopped
2026-07-03 23:26:35,364 INFO gateway.run: Exiting with code 1 (signal-initiated shutdown without restart request) so systemd Restart=on-failure can revive the gateway.
2026-07-04 15:27:48,158 INFO gateway.run: Starting Hermes Gateway...
2026-07-04 15:27:48,158 INFO gateway.run: Session storage: /home/luffy/.hermes/sessions
2026-07-04 15:27:48,170 INFO gateway.run: Agent budget: max_iterations=60 (agent.max_turns from config.yaml, or HERMES_MAX_ITERATIONS from .env, or default 90)
2026-07-04 15:27:48,172 INFO gateway.run: Secret redaction: ENABLED (tool output, logs, and chat responses are scrubbed before delivery)
2026-07-04 15:27:48,190 INFO gateway.run: Previous gateway exited cleanly — skipping session suspension
2026-07-04 15:27:48,235 INFO gateway.run: Connecting to telegram...
2026-07-04 15:27:48,246 WARNING hermes_plugins.telegram_platform.adapter: [Telegram] Discovering Telegram API fallback IPs via DNS-over-HTTPS…
2026-07-04 15:27:48,385 INFO plugins.platforms.telegram.telegram_network: DoH discovery yielded no usable IPs (system DNS: unknown); using seed fallback IPs 149.154.166.110, 149.154.167.220
2026-07-04 15:27:48,386 INFO hermes_plugins.telegram_platform.adapter: [Telegram] Auto-discovered Telegram fallback IPs: 149.154.166.110, 149.154.167.220
2026-07-04 15:27:48,386 INFO hermes_plugins.telegram_platform.adapter: [Telegram] Telegram fallback IPs active: 149.154.166.110, 149.154.167.220
2026-07-04 15:27:48,407 WARNING hermes_plugins.telegram_platform.adapter: [Telegram] Connecting to Telegram (attempt 1/8)…
2026-07-04 15:27:48,408 WARNING plugins.platforms.telegram.telegram_network: [Telegram] Primary api.telegram.org connection failed ([Errno -3] Temporary failure in name resolution); trying fallback IPs 149.154.166.110, 149.154.167.220
2026-07-04 15:27:48,409 WARNING plugins.platforms.telegram.telegram_network: [Telegram] Fallback IP 149.154.166.110 failed: All connection attempts failed
2026-07-04 15:27:48,409 WARNING plugins.platforms.telegram.telegram_network: [Telegram] Fallback IP 149.154.167.220 failed: All connection attempts failed
2026-07-04 15:27:48,410 WARNING hermes_plugins.telegram_platform.adapter: [Telegram] Connect attempt 1/8 failed: httpx.ConnectError: All connection attempts failed — retrying in 1s
2026-07-04 15:27:49,411 WARNING hermes_plugins.telegram_platform.adapter: [Telegram] Connecting to Telegram (attempt 2/8)…
2026-07-04 15:27:50,694 INFO hermes_plugins.telegram_platform.adapter: [Telegram] Connected to Telegram (polling mode)
2026-07-04 15:27:51,033 INFO gateway.run: ✓ telegram connected
2026-07-04 15:27:51,039 INFO gateway.run: Connecting to whatsapp...
2026-07-04 15:27:51,048 WARNING hermes_plugins.whatsapp_platform.adapter: [Whatsapp] WhatsApp is enabled but not paired (no creds.json at /home/luffy/.hermes/platforms/whatsapp/session/creds.json). Run `hermes whatsapp` to pair, or remove WHATSAPP_ENABLED from your .env to disable.
2026-07-04 15:27:51,054 WARNING gateway.run: ✗ whatsapp failed to connect
2026-07-04 15:27:51,060 INFO gateway.run: Gateway running with 1 platform(s)
2026-07-04 15:27:51,064 INFO gateway.run: Channel directory built: 1 target(s)
2026-07-04 15:27:51,618 INFO hermes_plugins.telegram_platform.adapter: [Telegram] set_my_commands OK for scope BotCommandScopeDefault (60 cmds)
2026-07-04 15:27:52,084 INFO gateway.run: Press Ctrl+C to stop
2026-07-04 15:27:52,146 INFO gateway.run: Gateway housekeeping started (interval=60s)
2026-07-04 15:27:52,155 INFO gateway.run: kanban dispatcher: holding singleton dispatcher lock (/home/luffy/.hermes/kanban/.dispatcher.lock)
2026-07-04 15:27:52,261 INFO hermes_plugins.telegram_platform.adapter: [Telegram] set_my_commands OK for scope BotCommandScopeAllPrivateChats (60 cmds)
2026-07-04 15:27:52,706 INFO hermes_plugins.telegram_platform.adapter: [Telegram] set_my_commands OK for scope BotCommandScopeAllGroupChats (60 cmds)
2026-07-04 15:27:52,706 INFO hermes_plugins.telegram_platform.adapter: [Telegram] Telegram menu: 60 commands registered, 76 hidden (over 60 limit). Use /commands for full list.
2026-07-04 15:27:57,157 INFO gateway.run: kanban dispatcher: embedded in gateway (interval=60.0s)
