[tui-parent] 2026-06-26T14:16:44.128Z [lifecycle] spawned gateway child pid=635766 killed=false exitCode=null signal=null python=/home/luffy/.hermes/hermes-agent/venv/bin/python3 cwd=/home/luffy
[tui-parent] 2026-06-26T14:18:01.712Z [lifecycle] GatewayClient.kill reason=app.die pid=635766 killed=true exitCode=null signal=null killResult=true

=== SIGTERM received · 2026-06-26 19:48:01 ===
main-thread stack at signal delivery:
  File "<frozen runpy>", line 198, in _run_module_as_main
  File "<frozen runpy>", line 88, in _run_code
  File "/home/luffy/.hermes/hermes-agent/tui_gateway/entry.py", line 347, in <module>
    main()
  File "/home/luffy/.hermes/hermes-agent/tui_gateway/entry.py", line 323, in main
    for raw in sys.stdin:

--- thread MainThread (id=140539364714304) ---
  File "<frozen runpy>", line 198, in _run_module_as_main
  File "<frozen runpy>", line 88, in _run_code
  File "/home/luffy/.hermes/hermes-agent/tui_gateway/entry.py", line 347, in <module>
    main()
  File "/home/luffy/.hermes/hermes-agent/tui_gateway/entry.py", line 323, in main
    for raw in sys.stdin:
  File "/home/luffy/.hermes/hermes-agent/tui_gateway/entry.py", line 113, in _log_signal
    f.write("".join(traceback.format_stack(sys._current_frames().get(tid))))

--- thread Thread-2 (_loop) (id=140539340129984) ---
  File "/home/luffy/.local/share/uv/python/cpython-3.11.15-linux-x86_64-gnu/lib/python3.11/threading.py", line 1002, in _bootstrap
    self._bootstrap_inner()
  File "/home/luffy/.local/share/uv/python/cpython-3.11.15-linux-x86_64-gnu/lib/python3.11/threading.py", line 1045, in _bootstrap_inner
    self.run()
  File "/home/luffy/.local/share/uv/python/cpython-3.11.15-linux-x86_64-gnu/lib/python3.11/threading.py", line 982, in run
    self._target(*self._args, **self._kwargs)
  File "/home/luffy/.hermes/hermes-agent/tui_gateway/server.py", line 749, in _loop
    time.sleep(_REAPER_SCAN_S)

--- thread tui-rpc_0 (id=140539331737280) ---
  File "/home/luffy/.local/share/uv/python/cpython-3.11.15-linux-x86_64-gnu/lib/python3.11/threading.py", line 1002, in _bootstrap
    self._bootstrap_inner()
  File "/home/luffy/.local/share/uv/python/cpython-3.11.15-linux-x86_64-gnu/lib/python3.11/threading.py", line 1045, in _bootstrap_inner
    self.run()
  File "/home/luffy/.local/share/uv/python/cpython-3.11.15-linux-x86_64-gnu/lib/python3.11/threading.py", line 982, in run
    self._target(*self._args, **self._kwargs)
  File "/home/luffy/.local/share/uv/python/cpython-3.11.15-linux-x86_64-gnu/lib/python3.11/concurrent/futures/thread.py", line 81, in _worker
    work_item = work_queue.get(block=True)

--- thread Thread-5 (_drain_stdout) (id=140539242477248) ---
  File "/home/luffy/.local/share/uv/python/cpython-3.11.15-linux-x86_64-gnu/lib/python3.11/threading.py", line 1002, in _bootstrap
    self._bootstrap_inner()
  File "/home/luffy/.local/share/uv/python/cpython-3.11.15-linux-x86_64-gnu/lib/python3.11/threading.py", line 1045, in _bootstrap_inner
    self.run()
  File "/home/luffy/.local/share/uv/python/cpython-3.11.15-linux-x86_64-gnu/lib/python3.11/threading.py", line 982, in run
    self._target(*self._args, **self._kwargs)
  File "/home/luffy/.hermes/hermes-agent/tui_gateway/server.py", line 277, in _drain_stdout
    for line in self.proc.stdout or []:

--- thread Thread-6 (_drain_stderr) (id=140539002537664) ---
  File "/home/luffy/.local/share/uv/python/cpython-3.11.15-linux-x86_64-gnu/lib/python3.11/threading.py", line 1002, in _bootstrap
    self._bootstrap_inner()
  File "/home/luffy/.local/share/uv/python/cpython-3.11.15-linux-x86_64-gnu/lib/python3.11/threading.py", line 1045, in _bootstrap_inner
    self.run()
  File "/home/luffy/.local/share/uv/python/cpython-3.11.15-linux-x86_64-gnu/lib/python3.11/threading.py", line 982, in run
    self._target(*self._args, **self._kwargs)
  File "/home/luffy/.hermes/hermes-agent/tui_gateway/server.py", line 285, in _drain_stderr
    for line in self.proc.stderr or []:

--- thread Thread-7 (_notification_poller_loop) (id=140538994144960) ---
  File "/home/luffy/.local/share/uv/python/cpython-3.11.15-linux-x86_64-gnu/lib/python3.11/threading.py", line 1002, in _bootstrap
    self._bootstrap_inner()
  File "/home/luffy/.local/share/uv/python/cpython-3.11.15-linux-x86_64-gnu/lib/python3.11/threading.py", line 1045, in _bootstrap_inner
    self.run()
  File "/home/luffy/.local/share/uv/python/cpython-3.11.15-linux-x86_64-gnu/lib/python3.11/threading.py", line 982, in run
    self._target(*self._args, **self._kwargs)
  File "/home/luffy/.hermes/hermes-agent/tui_gateway/server.py", line 7600, in _notification_poller_loop
    evt = process_registry.completion_queue.get(timeout=0.5)
  File "/home/luffy/.local/share/uv/python/cpython-3.11.15-linux-x86_64-gnu/lib/python3.11/queue.py", line 180, in get
    self.not_empty.wait(remaining)
  File "/home/luffy/.local/share/uv/python/cpython-3.11.15-linux-x86_64-gnu/lib/python3.11/threading.py", line 331, in wait
    gotit = waiter.acquire(True, timeout)
[tui-parent] 2026-06-26T14:19:13.045Z [lifecycle] spawned gateway child pid=684236 killed=false exitCode=null signal=null python=/home/luffy/.hermes/hermes-agent/venv/bin/python3 cwd=/home/luffy
[tui-parent] 2026-06-26T14:20:52.057Z [lifecycle] GatewayClient.kill reason=app.die pid=684236 killed=true exitCode=null signal=null killResult=true

=== SIGTERM received · 2026-06-26 19:50:52 ===
main-thread stack at signal delivery:
  File "<frozen runpy>", line 198, in _run_module_as_main
  File "<frozen runpy>", line 88, in _run_code
  File "/home/luffy/.hermes/hermes-agent/tui_gateway/entry.py", line 347, in <module>
    main()
  File "/home/luffy/.hermes/hermes-agent/tui_gateway/entry.py", line 323, in main
    for raw in sys.stdin:

--- thread MainThread (id=140707044546368) ---
  File "<frozen runpy>", line 198, in _run_module_as_main
  File "<frozen runpy>", line 88, in _run_code
  File "/home/luffy/.hermes/hermes-agent/tui_gateway/entry.py", line 347, in <module>
    main()
  File "/home/luffy/.hermes/hermes-agent/tui_gateway/entry.py", line 323, in main
    for raw in sys.stdin:
  File "/home/luffy/.hermes/hermes-agent/tui_gateway/entry.py", line 113, in _log_signal
    f.write("".join(traceback.format_stack(sys._current_frames().get(tid))))

--- thread Thread-2 (_loop) (id=140707026843328) ---
  File "/home/luffy/.local/share/uv/python/cpython-3.11.15-linux-x86_64-gnu/lib/python3.11/threading.py", line 1002, in _bootstrap
    self._bootstrap_inner()
  File "/home/luffy/.local/share/uv/python/cpython-3.11.15-linux-x86_64-gnu/lib/python3.11/threading.py", line 1045, in _bootstrap_inner
    self.run()
  File "/home/luffy/.local/share/uv/python/cpython-3.11.15-linux-x86_64-gnu/lib/python3.11/threading.py", line 982, in run
    self._target(*self._args, **self._kwargs)
  File "/home/luffy/.hermes/hermes-agent/tui_gateway/server.py", line 749, in _loop
    time.sleep(_REAPER_SCAN_S)

--- thread tui-rpc_0 (id=140707018450624) ---
  File "/home/luffy/.local/share/uv/python/cpython-3.11.15-linux-x86_64-gnu/lib/python3.11/threading.py", line 1002, in _bootstrap
    self._bootstrap_inner()
  File "/home/luffy/.local/share/uv/python/cpython-3.11.15-linux-x86_64-gnu/lib/python3.11/threading.py", line 1045, in _bootstrap_inner
    self.run()
  File "/home/luffy/.local/share/uv/python/cpython-3.11.15-linux-x86_64-gnu/lib/python3.11/threading.py", line 982, in run
    self._target(*self._args, **self._kwargs)
  File "/home/luffy/.local/share/uv/python/cpython-3.11.15-linux-x86_64-gnu/lib/python3.11/concurrent/futures/thread.py", line 81, in _worker
    work_item = work_queue.get(block=True)

--- thread Thread-5 (_drain_stdout) (id=140706991023808) ---
  File "/home/luffy/.local/share/uv/python/cpython-3.11.15-linux-x86_64-gnu/lib/python3.11/threading.py", line 1002, in _bootstrap
    self._bootstrap_inner()
  File "/home/luffy/.local/share/uv/python/cpython-3.11.15-linux-x86_64-gnu/lib/python3.11/threading.py", line 1045, in _bootstrap_inner
    self.run()
  File "/home/luffy/.local/share/uv/python/cpython-3.11.15-linux-x86_64-gnu/lib/python3.11/threading.py", line 982, in run
    self._target(*self._args, **self._kwargs)
  File "/home/luffy/.hermes/hermes-agent/tui_gateway/server.py", line 277, in _drain_stdout
    for line in self.proc.stdout or []:

--- thread Thread-6 (_drain_stderr) (id=140706694092480) ---
  File "/home/luffy/.local/share/uv/python/cpython-3.11.15-linux-x86_64-gnu/lib/python3.11/threading.py", line 1002, in _bootstrap
    self._bootstrap_inner()
  File "/home/luffy/.local/share/uv/python/cpython-3.11.15-linux-x86_64-gnu/lib/python3.11/threading.py", line 1045, in _bootstrap_inner
    self.run()
  File "/home/luffy/.local/share/uv/python/cpython-3.11.15-linux-x86_64-gnu/lib/python3.11/threading.py", line 982, in run
    self._target(*self._args, **self._kwargs)
  File "/home/luffy/.hermes/hermes-agent/tui_gateway/server.py", line 285, in _drain_stderr
    for line in self.proc.stderr or []:

--- thread Thread-7 (_notification_poller_loop) (id=140706551166656) ---
  File "/home/luffy/.local/share/uv/python/cpython-3.11.15-linux-x86_64-gnu/lib/python3.11/threading.py", line 1002, in _bootstrap
    self._bootstrap_inner()
  File "/home/luffy/.local/share/uv/python/cpython-3.11.15-linux-x86_64-gnu/lib/python3.11/threading.py", line 1045, in _bootstrap_inner
    self.run()
  File "/home/luffy/.local/share/uv/python/cpython-3.11.15-linux-x86_64-gnu/lib/python3.11/threading.py", line 982, in run
    self._target(*self._args, **self._kwargs)
  File "/home/luffy/.hermes/hermes-agent/tui_gateway/server.py", line 7600, in _notification_poller_loop
    evt = process_registry.completion_queue.get(timeout=0.5)
  File "/home/luffy/.local/share/uv/python/cpython-3.11.15-linux-x86_64-gnu/lib/python3.11/queue.py", line 180, in get
    self.not_empty.wait(remaining)
  File "/home/luffy/.local/share/uv/python/cpython-3.11.15-linux-x86_64-gnu/lib/python3.11/threading.py", line 331, in wait
    gotit = waiter.acquire(True, timeout)
[tui-parent] 2026-06-26T14:21:08.733Z [lifecycle] spawned gateway child pid=722864 killed=false exitCode=null signal=null python=/home/luffy/.hermes/hermes-agent/venv/bin/python3 cwd=/home/luffy
[tui-parent] 2026-06-26T14:24:12.203Z [lifecycle] GatewayClient.kill reason=app.die pid=722864 killed=true exitCode=null signal=null killResult=true

=== SIGTERM received · 2026-06-26 19:54:12 ===
main-thread stack at signal delivery:
  File "<frozen runpy>", line 198, in _run_module_as_main
  File "<frozen runpy>", line 88, in _run_code
  File "/home/luffy/.hermes/hermes-agent/tui_gateway/entry.py", line 347, in <module>
    main()
  File "/home/luffy/.hermes/hermes-agent/tui_gateway/entry.py", line 323, in main
    for raw in sys.stdin:

--- thread MainThread (id=139898491676480) ---
  File "<frozen runpy>", line 198, in _run_module_as_main
  File "<frozen runpy>", line 88, in _run_code
  File "/home/luffy/.hermes/hermes-agent/tui_gateway/entry.py", line 347, in <module>
    main()
  File "/home/luffy/.hermes/hermes-agent/tui_gateway/entry.py", line 323, in main
    for raw in sys.stdin:
  File "/home/luffy/.hermes/hermes-agent/tui_gateway/entry.py", line 113, in _log_signal
    f.write("".join(traceback.format_stack(sys._current_frames().get(tid))))

--- thread Thread-2 (_loop) (id=139898465691328) ---
  File "/home/luffy/.local/share/uv/python/cpython-3.11.15-linux-x86_64-gnu/lib/python3.11/threading.py", line 1002, in _bootstrap
    self._bootstrap_inner()
  File "/home/luffy/.local/share/uv/python/cpython-3.11.15-linux-x86_64-gnu/lib/python3.11/threading.py", line 1045, in _bootstrap_inner
    self.run()
  File "/home/luffy/.local/share/uv/python/cpython-3.11.15-linux-x86_64-gnu/lib/python3.11/threading.py", line 982, in run
    self._target(*self._args, **self._kwargs)
  File "/home/luffy/.hermes/hermes-agent/tui_gateway/server.py", line 749, in _loop
    time.sleep(_REAPER_SCAN_S)

--- thread tui-rpc_0 (id=139898474084032) ---
  File "/home/luffy/.local/share/uv/python/cpython-3.11.15-linux-x86_64-gnu/lib/python3.11/threading.py", line 1002, in _bootstrap
    self._bootstrap_inner()
  File "/home/luffy/.local/share/uv/python/cpython-3.11.15-linux-x86_64-gnu/lib/python3.11/threading.py", line 1045, in _bootstrap_inner
    self.run()
  File "/home/luffy/.local/share/uv/python/cpython-3.11.15-linux-x86_64-gnu/lib/python3.11/threading.py", line 982, in run
    self._target(*self._args, **self._kwargs)
  File "/home/luffy/.local/share/uv/python/cpython-3.11.15-linux-x86_64-gnu/lib/python3.11/concurrent/futures/thread.py", line 81, in _worker
    work_item = work_queue.get(block=True)

--- thread Thread-7 (_notification_poller_loop) (id=139898053977792) ---
  File "/home/luffy/.local/share/uv/python/cpython-3.11.15-linux-x86_64-gnu/lib/python3.11/threading.py", line 1002, in _bootstrap
    self._bootstrap_inner()
  File "/home/luffy/.local/share/uv/python/cpython-3.11.15-linux-x86_64-gnu/lib/python3.11/threading.py", line 1045, in _bootstrap_inner
    self.run()
  File "/home/luffy/.local/share/uv/python/cpython-3.11.15-linux-x86_64-gnu/lib/python3.11/threading.py", line 982, in run
    self._target(*self._args, **self._kwargs)
  File "/home/luffy/.hermes/hermes-agent/tui_gateway/server.py", line 7600, in _notification_poller_loop
    evt = process_registry.completion_queue.get(timeout=0.5)
  File "/home/luffy/.local/share/uv/python/cpython-3.11.15-linux-x86_64-gnu/lib/python3.11/queue.py", line 180, in get
    self.not_empty.wait(remaining)
  File "/home/luffy/.local/share/uv/python/cpython-3.11.15-linux-x86_64-gnu/lib/python3.11/threading.py", line 331, in wait
    gotit = waiter.acquire(True, timeout)

--- thread Thread-11 (_drain_stdout) (id=139898062370496) ---
  File "/home/luffy/.local/share/uv/python/cpython-3.11.15-linux-x86_64-gnu/lib/python3.11/threading.py", line 1002, in _bootstrap
    self._bootstrap_inner()
  File "/home/luffy/.local/share/uv/python/cpython-3.11.15-linux-x86_64-gnu/lib/python3.11/threading.py", line 1045, in _bootstrap_inner
    self.run()
  File "/home/luffy/.local/share/uv/python/cpython-3.11.15-linux-x86_64-gnu/lib/python3.11/threading.py", line 982, in run
    self._target(*self._args, **self._kwargs)
  File "/home/luffy/.hermes/hermes-agent/tui_gateway/server.py", line 277, in _drain_stdout
    for line in self.proc.stdout or []:

--- thread Thread-12 (_drain_stderr) (id=139898438264512) ---
  File "/home/luffy/.local/share/uv/python/cpython-3.11.15-linux-x86_64-gnu/lib/python3.11/threading.py", line 1002, in _bootstrap
    self._bootstrap_inner()
  File "/home/luffy/.local/share/uv/python/cpython-3.11.15-linux-x86_64-gnu/lib/python3.11/threading.py", line 1045, in _bootstrap_inner
    self.run()
  File "/home/luffy/.local/share/uv/python/cpython-3.11.15-linux-x86_64-gnu/lib/python3.11/threading.py", line 982, in run
    self._target(*self._args, **self._kwargs)
  File "/home/luffy/.hermes/hermes-agent/tui_gateway/server.py", line 285, in _drain_stderr
    for line in self.proc.stderr or []:

--- thread tui-rpc_1 (id=139898039559872) ---
  File "/home/luffy/.local/share/uv/python/cpython-3.11.15-linux-x86_64-gnu/lib/python3.11/threading.py", line 1002, in _bootstrap
    self._bootstrap_inner()
  File "/home/luffy/.local/share/uv/python/cpython-3.11.15-linux-x86_64-gnu/lib/python3.11/threading.py", line 1045, in _bootstrap_inner
    self.run()
  File "/home/luffy/.local/share/uv/python/cpython-3.11.15-linux-x86_64-gnu/lib/python3.11/threading.py", line 982, in run
    self._target(*self._args, **self._kwargs)
  File "/home/luffy/.local/share/uv/python/cpython-3.11.15-linux-x86_64-gnu/lib/python3.11/concurrent/futures/thread.py", line 81, in _worker
    work_item = work_queue.get(block=True)

--- thread Thread-16 (_cleanup_thread_worker) (id=139898224899776) ---
  File "/home/luffy/.local/share/uv/python/cpython-3.11.15-linux-x86_64-gnu/lib/python3.11/threading.py", line 1002, in _bootstrap
    self._bootstrap_inner()
  File "/home/luffy/.local/share/uv/python/cpython-3.11.15-linux-x86_64-gnu/lib/python3.11/threading.py", line 1045, in _bootstrap_inner
    self.run()
  File "/home/luffy/.local/share/uv/python/cpython-3.11.15-linux-x86_64-gnu/lib/python3.11/threading.py", line 982, in run
    self._target(*self._args, **self._kwargs)
  File "/home/luffy/.hermes/hermes-agent/tools/terminal_tool.py", line 1476, in _cleanup_thread_worker
    time.sleep(1)
[tui-parent] 2026-06-26T14:45:11.690Z [lifecycle] spawned gateway child pid=1103757 killed=false exitCode=null signal=null python=/home/luffy/.hermes/hermes-agent/venv/bin/python3 cwd=/home/luffy
[tui-parent] 2026-06-26T15:14:08.768Z [lifecycle] GatewayClient.kill reason=app.die pid=1103757 killed=true exitCode=null signal=null killResult=true

=== SIGTERM received · 2026-06-26 20:44:08 ===
main-thread stack at signal delivery:
  File "<frozen runpy>", line 198, in _run_module_as_main
  File "<frozen runpy>", line 88, in _run_code
  File "/home/luffy/.hermes/hermes-agent/tui_gateway/entry.py", line 347, in <module>
    main()
  File "/home/luffy/.hermes/hermes-agent/tui_gateway/entry.py", line 323, in main
    for raw in sys.stdin:

--- thread MainThread (id=140072574187328) ---
  File "<frozen runpy>", line 198, in _run_module_as_main
  File "<frozen runpy>", line 88, in _run_code
  File "/home/luffy/.hermes/hermes-agent/tui_gateway/entry.py", line 347, in <module>
    main()
  File "/home/luffy/.hermes/hermes-agent/tui_gateway/entry.py", line 323, in main
    for raw in sys.stdin:
  File "/home/luffy/.hermes/hermes-agent/tui_gateway/entry.py", line 113, in _log_signal
    f.write("".join(traceback.format_stack(sys._current_frames().get(tid))))

--- thread Thread-2 (_loop) (id=140072551048896) ---
  File "/home/luffy/.local/share/uv/python/cpython-3.11.15-linux-x86_64-gnu/lib/python3.11/threading.py", line 1002, in _bootstrap
    self._bootstrap_inner()
  File "/home/luffy/.local/share/uv/python/cpython-3.11.15-linux-x86_64-gnu/lib/python3.11/threading.py", line 1045, in _bootstrap_inner
    self.run()
  File "/home/luffy/.local/share/uv/python/cpython-3.11.15-linux-x86_64-gnu/lib/python3.11/threading.py", line 982, in run
    self._target(*self._args, **self._kwargs)
  File "/home/luffy/.hermes/hermes-agent/tui_gateway/server.py", line 825, in _loop
    time.sleep(_REAPER_SCAN_S)

--- thread tui-rpc_0 (id=140072542656192) ---
  File "/home/luffy/.local/share/uv/python/cpython-3.11.15-linux-x86_64-gnu/lib/python3.11/threading.py", line 1002, in _bootstrap
    self._bootstrap_inner()
  File "/home/luffy/.local/share/uv/python/cpython-3.11.15-linux-x86_64-gnu/lib/python3.11/threading.py", line 1045, in _bootstrap_inner
    self.run()
  File "/home/luffy/.local/share/uv/python/cpython-3.11.15-linux-x86_64-gnu/lib/python3.11/threading.py", line 982, in run
    self._target(*self._args, **self._kwargs)
  File "/home/luffy/.local/share/uv/python/cpython-3.11.15-linux-x86_64-gnu/lib/python3.11/concurrent/futures/thread.py", line 81, in _worker
    work_item = work_queue.get(block=True)

--- thread Thread-12 (_drain_stdout) (id=140072120686272) ---
  File "/home/luffy/.local/share/uv/python/cpython-3.11.15-linux-x86_64-gnu/lib/python3.11/threading.py", line 1002, in _bootstrap
    self._bootstrap_inner()
  File "/home/luffy/.local/share/uv/python/cpython-3.11.15-linux-x86_64-gnu/lib/python3.11/threading.py", line 1045, in _bootstrap_inner
    self.run()
  File "/home/luffy/.local/share/uv/python/cpython-3.11.15-linux-x86_64-gnu/lib/python3.11/threading.py", line 982, in run
    self._target(*self._args, **self._kwargs)
  File "/home/luffy/.hermes/hermes-agent/tui_gateway/server.py", line 283, in _drain_stdout
    for line in self.proc.stdout or []:

--- thread Thread-13 (_drain_stderr) (id=140072136152768) ---
  File "/home/luffy/.local/share/uv/python/cpython-3.11.15-linux-x86_64-gnu/lib/python3.11/threading.py", line 1002, in _bootstrap
    self._bootstrap_inner()
  File "/home/luffy/.local/share/uv/python/cpython-3.11.15-linux-x86_64-gnu/lib/python3.11/threading.py", line 1045, in _bootstrap_inner
    self.run()
  File "/home/luffy/.local/share/uv/python/cpython-3.11.15-linux-x86_64-gnu/lib/python3.11/threading.py", line 982, in run
    self._target(*self._args, **self._kwargs)
  File "/home/luffy/.hermes/hermes-agent/tui_gateway/server.py", line 291, in _drain_stderr
    for line in self.proc.stderr or []:

--- thread Thread-14 (_notification_poller_loop) (id=140072296900288) ---
  File "/home/luffy/.local/share/uv/python/cpython-3.11.15-linux-x86_64-gnu/lib/python3.11/threading.py", line 1002, in _bootstrap
    self._bootstrap_inner()
  File "/home/luffy/.local/share/uv/python/cpython-3.11.15-linux-x86_64-gnu/lib/python3.11/threading.py", line 1045, in _bootstrap_inner
    self.run()
  File "/home/luffy/.local/share/uv/python/cpython-3.11.15-linux-x86_64-gnu/lib/python3.11/threading.py", line 982, in run
    self._target(*self._args, **self._kwargs)
  File "/home/luffy/.hermes/hermes-agent/tui_gateway/server.py", line 8165, in _notification_poller_loop
    evt = process_registry.completion_queue.get(timeout=0.5)
  File "/home/luffy/.local/share/uv/python/cpython-3.11.15-linux-x86_64-gnu/lib/python3.11/queue.py", line 180, in get
    self.not_empty.wait(remaining)
  File "/home/luffy/.local/share/uv/python/cpython-3.11.15-linux-x86_64-gnu/lib/python3.11/threading.py", line 331, in wait
    gotit = waiter.acquire(True, timeout)

--- thread Thread-19 (_cleanup_thread_worker) (id=140072520632000) ---
  File "/home/luffy/.local/share/uv/python/cpython-3.11.15-linux-x86_64-gnu/lib/python3.11/threading.py", line 1002, in _bootstrap
    self._bootstrap_inner()
  File "/home/luffy/.local/share/uv/python/cpython-3.11.15-linux-x86_64-gnu/lib/python3.11/threading.py", line 1045, in _bootstrap_inner
    self.run()
  File "/home/luffy/.local/share/uv/python/cpython-3.11.15-linux-x86_64-gnu/lib/python3.11/threading.py", line 982, in run
    self._target(*self._args, **self._kwargs)
  File "/home/luffy/.hermes/hermes-agent/tools/terminal_tool.py", line 1574, in _cleanup_thread_worker
    time.sleep(1)
[tui-parent] 2026-06-26T17:04:44.771Z [lifecycle] spawned gateway child pid=98523 killed=false exitCode=null signal=null python=/home/luffy/.hermes/hermes-agent/venv/bin/python3 cwd=/home/luffy
[tui-parent] 2026-06-26T17:11:21.721Z graceful-exit received signal=SIGHUP → killing gateway

=== SIGHUP received · 2026-06-26 22:41:21 ===
main-thread stack at signal delivery:
  File "<frozen runpy>", line 198, in _run_module_as_main
  File "<frozen runpy>", line 88, in _run_code
  File "/home/luffy/.hermes/hermes-agent/tui_gateway/entry.py", line 347, in <module>
    main()
  File "/home/luffy/.hermes/hermes-agent/tui_gateway/entry.py", line 323, in main
    for raw in sys.stdin:
  File "/home/luffy/.hermes/hermes-agent/tui_gateway/entry.py", line 113, in _log_signal
    f.write("".join(traceback.format_stack(sys._current_frames().get(tid))))
  File "/home/luffy/.local/share/uv/python/cpython-3.11.15-linux-x86_64-gnu/lib/python3.11/traceback.py", line 214, in format_stack
    return format_list(extract_stack(f, limit=limit))
  File "/home/luffy/.local/share/uv/python/cpython-3.11.15-linux-x86_64-gnu/lib/python3.11/traceback.py", line 228, in extract_stack
    stack = StackSummary.extract(walk_stack(f), limit=limit)
  File "/home/luffy/.local/share/uv/python/cpython-3.11.15-linux-x86_64-gnu/lib/python3.11/traceback.py", line 390, in extract
    return klass._extract_from_extended_frame_gen(
  File "/home/luffy/.local/share/uv/python/cpython-3.11.15-linux-x86_64-gnu/lib/python3.11/traceback.py", line 433, in _extract_from_extended_frame_gen
    f.line
  File "/home/luffy/.local/share/uv/python/cpython-3.11.15-linux-x86_64-gnu/lib/python3.11/traceback.py", line 318, in line
    self._line = linecache.getline(self.filename, self.lineno)
  File "/home/luffy/.local/share/uv/python/cpython-3.11.15-linux-x86_64-gnu/lib/python3.11/linecache.py", line 30, in getline
    lines = getlines(filename, module_globals)
  File "/home/luffy/.local/share/uv/python/cpython-3.11.15-linux-x86_64-gnu/lib/python3.11/linecache.py", line 46, in getlines
    return updatecache(filename, module_globals)
  File "/home/luffy/.local/share/uv/python/cpython-3.11.15-linux-x86_64-gnu/lib/python3.11/linecache.py", line 137, in updatecache
    lines = fp.readlines()
  File "<frozen codecs>", line 319, in decode

--- thread MainThread (id=139771081013056) ---
  File "<frozen runpy>", line 198, in _run_module_as_main
  File "<frozen runpy>", line 88, in _run_code
  File "/home/luffy/.hermes/hermes-agent/tui_gateway/entry.py", line 347, in <module>
    main()
  File "/home/luffy/.hermes/hermes-agent/tui_gateway/entry.py", line 323, in main
    for raw in sys.stdin:
  File "/home/luffy/.hermes/hermes-agent/tui_gateway/entry.py", line 113, in _log_signal
    f.write("".join(traceback.format_stack(sys._current_frames().get(tid))))
  File "/home/luffy/.local/share/uv/python/cpython-3.11.15-linux-x86_64-gnu/lib/python3.11/traceback.py", line 214, in format_stack
    return format_list(extract_stack(f, limit=limit))
  File "/home/luffy/.local/share/uv/python/cpython-3.11.15-linux-x86_64-gnu/lib/python3.11/traceback.py", line 228, in extract_stack
    stack = StackSummary.extract(walk_stack(f), limit=limit)
  File "/home/luffy/.local/share/uv/python/cpython-3.11.15-linux-x86_64-gnu/lib/python3.11/traceback.py", line 390, in extract
    return klass._extract_from_extended_frame_gen(
  File "/home/luffy/.local/share/uv/python/cpython-3.11.15-linux-x86_64-gnu/lib/python3.11/traceback.py", line 433, in _extract_from_extended_frame_gen
    f.line
  File "/home/luffy/.local/share/uv/python/cpython-3.11.15-linux-x86_64-gnu/lib/python3.11/traceback.py", line 318, in line
    self._line = linecache.getline(self.filename, self.lineno)
  File "/home/luffy/.local/share/uv/python/cpython-3.11.15-linux-x86_64-gnu/lib/python3.11/linecache.py", line 30, in getline
    lines = getlines(filename, module_globals)
  File "/home/luffy/.local/share/uv/python/cpython-3.11.15-linux-x86_64-gnu/lib/python3.11/linecache.py", line 46, in getlines
    return updatecache(filename, module_globals)
  File "/home/luffy/.local/share/uv/python/cpython-3.11.15-linux-x86_64-gnu/lib/python3.11/linecache.py", line 137, in updatecache
    lines = fp.readlines()
  File "<frozen codecs>", line 319, in decode
  File "/home/luffy/.hermes/hermes-agent/tui_gateway/entry.py", line 113, in _log_signal
    f.write("".join(traceback.format_stack(sys._current_frames().get(tid))))

--- thread Thread-2 (_loop) (id=139771063445184) ---
  File "/home/luffy/.local/share/uv/python/cpython-3.11.15-linux-x86_64-gnu/lib/python3.11/threading.py", line 1002, in _bootstrap
    self._bootstrap_inner()
  File "/home/luffy/.local/share/uv/python/cpython-3.11.15-linux-x86_64-gnu/lib/python3.11/threading.py", line 1045, in _bootstrap_inner
    self.run()
  File "/home/luffy/.local/share/uv/python/cpython-3.11.15-linux-x86_64-gnu/lib/python3.11/threading.py", line 982, in run
    self._target(*self._args, **self._kwargs)
  File "/home/luffy/.hermes/hermes-agent/tui_gateway/server.py", line 825, in _loop
    time.sleep(_REAPER_SCAN_S)

--- thread tui-rpc_0 (id=139771055052480) ---
  File "/home/luffy/.local/share/uv/python/cpython-3.11.15-linux-x86_64-gnu/lib/python3.11/threading.py", line 1002, in _bootstrap
    self._bootstrap_inner()
  File "/home/luffy/.local/share/uv/python/cpython-3.11.15-linux-x86_64-gnu/lib/python3.11/threading.py", line 1045, in _bootstrap_inner
    self.run()
  File "/home/luffy/.local/share/uv/python/cpython-3.11.15-linux-x86_64-gnu/lib/python3.11/threading.py", line 982, in run
    self._target(*self._args, **self._kwargs)
  File "/home/luffy/.local/share/uv/python/cpython-3.11.15-linux-x86_64-gnu/lib/python3.11/concurrent/futures/thread.py", line 81, in _worker
    work_item = work_queue.get(block=True)

--- thread Thread-8 (_notification_poller_loop) (id=139770575451840) ---
  File "/home/luffy/.local/share/uv/python/cpython-3.11.15-linux-x86_64-gnu/lib/python3.11/threading.py", line 1002, in _bootstrap
    self._bootstrap_inner()
  File "/home/luffy/.local/share/uv/python/cpython-3.11.15-linux-x86_64-gnu/lib/python3.11/threading.py", line 1045, in _bootstrap_inner
    self.run()
  File "/home/luffy/.local/share/uv/python/cpython-3.11.15-linux-x86_64-gnu/lib/python3.11/threading.py", line 982, in run
    self._target(*self._args, **self._kwargs)
  File "/home/luffy/.hermes/hermes-agent/tui_gateway/server.py", line 8165, in _notification_poller_loop
    evt = process_registry.completion_queue.get(timeout=0.5)
  File "/home/luffy/.local/share/uv/python/cpython-3.11.15-linux-x86_64-gnu/lib/python3.11/queue.py", line 180, in get
    self.not_empty.wait(remaining)
  File "/home/luffy/.local/share/uv/python/cpython-3.11.15-linux-x86_64-gnu/lib/python3.11/threading.py", line 331, in wait
    gotit = waiter.acquire(True, timeout)

=== SIGHUP received · 2026-06-26 22:41:21 ===
main-thread stack at signal delivery:
  File "<frozen runpy>", line 198, in _run_module_as_main
  File "<frozen runpy>", line 88, in _run_code
  File "/home/luffy/.hermes/hermes-agent/tui_gateway/entry.py", line 347, in <module>
    main()
  File "/home/luffy/.hermes/hermes-agent/tui_gateway/entry.py", line 323, in main
    for raw in sys.stdin:

--- thread MainThread (id=139771081013056) ---
  File "<frozen runpy>", line 198, in _run_module_as_main
  File "<frozen runpy>", line 88, in _run_code
  File "/home/luffy/.hermes/hermes-agent/tui_gateway/entry.py", line 347, in <module>
    main()
  File "/home/luffy/.hermes/hermes-agent/tui_gateway/entry.py", line 323, in main
    for raw in sys.stdin:
  File "/home/luffy/.hermes/hermes-agent/tui_gateway/entry.py", line 113, in _log_signal
    f.write("".join(traceback.format_stack(sys._current_frames().get(tid))))

--- thread Thread-2 (_loop) (id=139771063445184) ---
[tui-parent] 2026-06-26T17:11:21.767Z uncaughtException: Error: write EIO
[tui-parent] 2026-06-26T17:11:21.781Z [lifecycle] GatewayClient.kill reason=graceful-exit-cleanup pid=98523 killed=true exitCode=null signal=null killResult=true
[tui-parent] 2026-06-26T17:11:21.790Z unhandledRejection: Error: EIO: i/o error, write
[tui-parent] 2026-06-26T17:11:21.821Z [lifecycle] child exit pid=98523 killed=true exitCode=null signal=SIGTERM code=null signal=SIGTERM
[tui-parent] 2026-06-26T17:11:21.821Z [lifecycle] transport exit code=null reason=none
[tui-parent] 2026-06-26T17:11:21.832Z [lifecycle] spawned gateway child pid=108531 killed=false exitCode=null signal=null python=/home/luffy/.hermes/hermes-agent/venv/bin/python3 cwd=/home/luffy

=== gateway exit · 2026-06-26 22:41:25 · reason=stdin EOF (TUI closed the command pipe) ===

=== unhandled exception · 2026-06-26 22:41:25 ===
Traceback (most recent call last):
  File "<frozen runpy>", line 198, in _run_module_as_main
  File "<frozen runpy>", line 88, in _run_code
  File "/home/luffy/.hermes/hermes-agent/tui_gateway/entry.py", line 347, in <module>
    main()
  File "/home/luffy/.hermes/hermes-agent/tui_gateway/entry.py", line 343, in main
    _log_exit("stdin EOF (TUI closed the command pipe)")
  File "/home/luffy/.hermes/hermes-agent/tui_gateway/entry.py", line 204, in _log_exit
    print(f"[gateway-exit] {reason}", file=sys.stderr, flush=True)
BrokenPipeError: [Errno 32] Broken pipe
[tui-parent] 2026-06-27T04:15:11.657Z [lifecycle] spawned gateway child pid=9272 killed=false exitCode=null signal=null python=/home/luffy/.hermes/hermes-agent/venv/bin/python3 cwd=/home/luffy/Desktop/project/frontend
[tui-parent] 2026-06-27T04:16:23.804Z [lifecycle] GatewayClient.kill reason=app.die pid=9272 killed=true exitCode=null signal=null killResult=true

=== SIGTERM received · 2026-06-27 09:46:23 ===
main-thread stack at signal delivery:
  File "<frozen runpy>", line 198, in _run_module_as_main
  File "<frozen runpy>", line 88, in _run_code
  File "/home/luffy/.hermes/hermes-agent/tui_gateway/entry.py", line 347, in <module>
    main()
  File "/home/luffy/.hermes/hermes-agent/tui_gateway/entry.py", line 323, in main
    for raw in sys.stdin:

--- thread MainThread (id=139938005784384) ---
  File "<frozen runpy>", line 198, in _run_module_as_main
  File "<frozen runpy>", line 88, in _run_code
  File "/home/luffy/.hermes/hermes-agent/tui_gateway/entry.py", line 347, in <module>
    main()
  File "/home/luffy/.hermes/hermes-agent/tui_gateway/entry.py", line 323, in main
    for raw in sys.stdin:
  File "/home/luffy/.hermes/hermes-agent/tui_gateway/entry.py", line 113, in _log_signal
    f.write("".join(traceback.format_stack(sys._current_frames().get(tid))))

--- thread Thread-2 (_loop) (id=139937988155072) ---
  File "/home/luffy/.local/share/uv/python/cpython-3.11.15-linux-x86_64-gnu/lib/python3.11/threading.py", line 1002, in _bootstrap
    self._bootstrap_inner()
  File "/home/luffy/.local/share/uv/python/cpython-3.11.15-linux-x86_64-gnu/lib/python3.11/threading.py", line 1045, in _bootstrap_inner
    self.run()
  File "/home/luffy/.local/share/uv/python/cpython-3.11.15-linux-x86_64-gnu/lib/python3.11/threading.py", line 982, in run
    self._target(*self._args, **self._kwargs)
  File "/home/luffy/.hermes/hermes-agent/tui_gateway/server.py", line 825, in _loop
    time.sleep(_REAPER_SCAN_S)

--- thread tui-rpc_0 (id=139937979762368) ---
  File "/home/luffy/.local/share/uv/python/cpython-3.11.15-linux-x86_64-gnu/lib/python3.11/threading.py", line 1002, in _bootstrap
    self._bootstrap_inner()
  File "/home/luffy/.local/share/uv/python/cpython-3.11.15-linux-x86_64-gnu/lib/python3.11/threading.py", line 1045, in _bootstrap_inner
    self.run()
  File "/home/luffy/.local/share/uv/python/cpython-3.11.15-linux-x86_64-gnu/lib/python3.11/threading.py", line 982, in run
    self._target(*self._args, **self._kwargs)
  File "/home/luffy/.local/share/uv/python/cpython-3.11.15-linux-x86_64-gnu/lib/python3.11/concurrent/futures/thread.py", line 81, in _worker
    work_item = work_queue.get(block=True)

--- thread Thread-6 (_drain_stdout) (id=139937876797120) ---
  File "/home/luffy/.local/share/uv/python/cpython-3.11.15-linux-x86_64-gnu/lib/python3.11/threading.py", line 1002, in _bootstrap
    self._bootstrap_inner()
  File "/home/luffy/.local/share/uv/python/cpython-3.11.15-linux-x86_64-gnu/lib/python3.11/threading.py", line 1045, in _bootstrap_inner
    self.run()
  File "/home/luffy/.local/share/uv/python/cpython-3.11.15-linux-x86_64-gnu/lib/python3.11/threading.py", line 982, in run
    self._target(*self._args, **self._kwargs)
  File "/home/luffy/.hermes/hermes-agent/tui_gateway/server.py", line 283, in _drain_stdout
    for line in self.proc.stdout or []:

--- thread Thread-7 (_drain_stderr) (id=139937885189824) ---
  File "/home/luffy/.local/share/uv/python/cpython-3.11.15-linux-x86_64-gnu/lib/python3.11/threading.py", line 1002, in _bootstrap
    self._bootstrap_inner()
  File "/home/luffy/.local/share/uv/python/cpython-3.11.15-linux-x86_64-gnu/lib/python3.11/threading.py", line 1045, in _bootstrap_inner
    self.run()
  File "/home/luffy/.local/share/uv/python/cpython-3.11.15-linux-x86_64-gnu/lib/python3.11/threading.py", line 982, in run
    self._target(*self._args, **self._kwargs)
  File "/home/luffy/.hermes/hermes-agent/tui_gateway/server.py", line 291, in _drain_stderr
    for line in self.proc.stderr or []:

--- thread Thread-8 (_notification_poller_loop) (id=139937501091520) ---
  File "/home/luffy/.local/share/uv/python/cpython-3.11.15-linux-x86_64-gnu/lib/python3.11/threading.py", line 1002, in _bootstrap
    self._bootstrap_inner()
  File "/home/luffy/.local/share/uv/python/cpython-3.11.15-linux-x86_64-gnu/lib/python3.11/threading.py", line 1045, in _bootstrap_inner
    self.run()
  File "/home/luffy/.local/share/uv/python/cpython-3.11.15-linux-x86_64-gnu/lib/python3.11/threading.py", line 982, in run
    self._target(*self._args, **self._kwargs)
  File "/home/luffy/.hermes/hermes-agent/tui_gateway/server.py", line 8165, in _notification_poller_loop
    evt = process_registry.completion_queue.get(timeout=0.5)
  File "/home/luffy/.local/share/uv/python/cpython-3.11.15-linux-x86_64-gnu/lib/python3.11/queue.py", line 180, in get
    self.not_empty.wait(remaining)
  File "/home/luffy/.local/share/uv/python/cpython-3.11.15-linux-x86_64-gnu/lib/python3.11/threading.py", line 331, in wait
    gotit = waiter.acquire(True, timeout)
[tui-parent] 2026-06-27T04:16:43.971Z [lifecycle] spawned gateway child pid=12208 killed=false exitCode=null signal=null python=/home/luffy/.hermes/hermes-agent/venv/bin/python3 cwd=/home/luffy/Desktop/project
[tui-parent] 2026-06-27T04:35:57.186Z graceful-exit received signal=SIGHUP → killing gateway

=== SIGHUP received · 2026-06-27 10:05:57 ===
main-thread stack at signal delivery:
  File "<frozen runpy>", line 198, in _run_module_as_main
  File "<frozen runpy>", line 88, in _run_code
  File "/home/luffy/.hermes/hermes-agent/tui_gateway/entry.py", line 347, in <module>
    main()
  File "/home/luffy/.hermes/hermes-agent/tui_gateway/entry.py", line 323, in main
    for raw in sys.stdin:
  File "/home/luffy/.hermes/hermes-agent/tui_gateway/entry.py", line 113, in _log_signal
    f.write("".join(traceback.format_stack(sys._current_frames().get(tid))))
  File "/home/luffy/.local/share/uv/python/cpython-3.11.15-linux-x86_64-gnu/lib/python3.11/traceback.py", line 214, in format_stack
    return format_list(extract_stack(f, limit=limit))
  File "/home/luffy/.local/share/uv/python/cpython-3.11.15-linux-x86_64-gnu/lib/python3.11/traceback.py", line 228, in extract_stack
    stack = StackSummary.extract(walk_stack(f), limit=limit)
  File "/home/luffy/.local/share/uv/python/cpython-3.11.15-linux-x86_64-gnu/lib/python3.11/traceback.py", line 390, in extract
    return klass._extract_from_extended_frame_gen(
  File "/home/luffy/.local/share/uv/python/cpython-3.11.15-linux-x86_64-gnu/lib/python3.11/traceback.py", line 433, in _extract_from_extended_frame_gen
    f.line
  File "/home/luffy/.local/share/uv/python/cpython-3.11.15-linux-x86_64-gnu/lib/python3.11/traceback.py", line 318, in line
    self._line = linecache.getline(self.filename, self.lineno)
  File "/home/luffy/.local/share/uv/python/cpython-3.11.15-linux-x86_64-gnu/lib/python3.11/linecache.py", line 30, in getline
    lines = getlines(filename, module_globals)
  File "/home/luffy/.local/share/uv/python/cpython-3.11.15-linux-x86_64-gnu/lib/python3.11/linecache.py", line 46, in getlines
    return updatecache(filename, module_globals)
  File "/home/luffy/.local/share/uv/python/cpython-3.11.15-linux-x86_64-gnu/lib/python3.11/linecache.py", line 137, in updatecache
    lines = fp.readlines()
  File "<frozen codecs>", line 319, in decode

--- thread MainThread (id=140521631835968) ---
  File "<frozen runpy>", line 198, in _run_module_as_main
  File "<frozen runpy>", line 88, in _run_code
  File "/home/luffy/.hermes/hermes-agent/tui_gateway/entry.py", line 347, in <module>
    main()
  File "/home/luffy/.hermes/hermes-agent/tui_gateway/entry.py", line 323, in main
    for raw in sys.stdin:
  File "/home/luffy/.hermes/hermes-agent/tui_gateway/entry.py", line 113, in _log_signal
    f.write("".join(traceback.format_stack(sys._current_frames().get(tid))))
  File "/home/luffy/.local/share/uv/python/cpython-3.11.15-linux-x86_64-gnu/lib/python3.11/traceback.py", line 214, in format_stack
    return format_list(extract_stack(f, limit=limit))
  File "/home/luffy/.local/share/uv/python/cpython-3.11.15-linux-x86_64-gnu/lib/python3.11/traceback.py", line 228, in extract_stack
    stack = StackSummary.extract(walk_stack(f), limit=limit)
  File "/home/luffy/.local/share/uv/python/cpython-3.11.15-linux-x86_64-gnu/lib/python3.11/traceback.py", line 390, in extract
    return klass._extract_from_extended_frame_gen(
  File "/home/luffy/.local/share/uv/python/cpython-3.11.15-linux-x86_64-gnu/lib/python3.11/traceback.py", line 433, in _extract_from_extended_frame_gen
    f.line
  File "/home/luffy/.local/share/uv/python/cpython-3.11.15-linux-x86_64-gnu/lib/python3.11/traceback.py", line 318, in line
    self._line = linecache.getline(self.filename, self.lineno)
  File "/home/luffy/.local/share/uv/python/cpython-3.11.15-linux-x86_64-gnu/lib/python3.11/linecache.py", line 30, in getline
    lines = getlines(filename, module_globals)
  File "/home/luffy/.local/share/uv/python/cpython-3.11.15-linux-x86_64-gnu/lib/python3.11/linecache.py", line 46, in getlines
    return updatecache(filename, module_globals)
  File "/home/luffy/.local/share/uv/python/cpython-3.11.15-linux-x86_64-gnu/lib/python3.11/linecache.py", line 137, in updatecache
    lines = fp.readlines()
  File "<frozen codecs>", line 319, in decode
  File "/home/luffy/.hermes/hermes-agent/tui_gateway/entry.py", line 113, in _log_signal
    f.write("".join(traceback.format_stack(sys._current_frames().get(tid))))

--- thread Thread-2 (_loop) (id=140521614206656) ---
  File "/home/luffy/.local/share/uv/python/cpython-3.11.15-linux-x86_64-gnu/lib/python3.11/threading.py", line 1002, in _bootstrap
    self._bootstrap_inner()
  File "/home/luffy/.local/share/uv/python/cpython-3.11.15-linux-x86_64-gnu/lib/python3.11/threading.py", line 1045, in _bootstrap_inner
    self.run()
  File "/home/luffy/.local/share/uv/python/cpython-3.11.15-linux-x86_64-gnu/lib/python3.11/threading.py", line 982, in run
    self._target(*self._args, **self._kwargs)
  File "/home/luffy/.hermes/hermes-agent/tui_gateway/server.py", line 825, in _loop
    time.sleep(_REAPER_SCAN_S)

--- thread tui-rpc_0 (id=140521532028608) ---
  File "/home/luffy/.local/share/uv/python/cpython-3.11.15-linux-x86_64-gnu/lib/python3.11/threading.py", line 1002, in _bootstrap
    self._bootstrap_inner()
  File "/home/luffy/.local/share/uv/python/cpython-3.11.15-linux-x86_64-gnu/lib/python3.11/threading.py", line 1045, in _bootstrap_inner
    self.run()
  File "/home/luffy/.local/share/uv/python/cpython-3.11.15-linux-x86_64-gnu/lib/python3.11/threading.py", line 982, in run
    self._target(*self._args, **self._kwargs)
  File "/home/luffy/.local/share/uv/python/cpython-3.11.15-linux-x86_64-gnu/lib/python3.11/concurrent/futures/thread.py", line 81, in _worker
    work_item = work_queue.get(block=True)

--- thread Thread-8 (_notification_poller_loop) (id=140521126229696) ---
  File "/home/luffy/.local/share/uv/python/cpython-3.11.15-linux-x86_64-gnu/lib/python3.11/threading.py", line 1002, in _bootstrap
    self._bootstrap_inner()
  File "/home/luffy/.local/share/uv/python/cpython-3.11.15-linux-x86_64-gnu/lib/python3.11/threading.py", line 1045, in _bootstrap_inner
    self.run()
  File "/home/luffy/.local/share/uv/python/cpython-3.11.15-linux-x86_64-gnu/lib/python3.11/threading.py", line 982, in run
    self._target(*self._args, **self._kwargs)
  File "/home/luffy/.hermes/hermes-agent/tui_gateway/server.py", line 8165, in _notification_poller_loop
    evt = process_registry.completion_queue.get(timeout=0.5)
  File "/home/luffy/.local/share/uv/python/cpython-3.11.15-linux-x86_64-gnu/lib/python3.11/queue.py", line 180, in get
    self.not_empty.wait(remaining)
  File "/home/luffy/.local/share/uv/python/cpython-3.11.15-linux-x86_64-gnu/lib/python3.11/threading.py", line 331, in wait
    gotit = waiter.acquire(True, timeout)

--- thread Thread-12 (_cleanup_thread_worker) (id=140521494353600) ---
  File "/home/luffy/.local/share/uv/python/cpython-3.11.15-linux-x86_64-gnu/lib/python3.11/threading.py", line 1002, in _bootstrap
    self._bootstrap_inner()
  File "/home/luffy/.local/share/uv/python/cpython-3.11.15-linux-x86_64-gnu/lib/python3.11/threading.py", line 1045, in _bootstrap_inner
    self.run()
  File "/home/luffy/.local/share/uv/python/cpython-3.11.15-linux-x86_64-gnu/lib/python3.11/threading.py", line 982, in run
    self._target(*self._args, **self._kwargs)
  File "/home/luffy/.hermes/hermes-agent/tools/terminal_tool.py", line 1574, in _cleanup_thread_worker
    time.sleep(1)

--- thread asyncio_0 (id=140520726722240) ---
  File "/home/luffy/.local/share/uv/python/cpython-3.11.15-linux-x86_64-gnu/lib/python3.11/threading.py", line 1002, in _bootstrap
    self._bootstrap_inner()
  File "/home/luffy/.local/share/uv/python/cpython-3.11.15-linux-x86_64-gnu/lib/python3.11/threading.py", line 1045, in _bootstrap_inner
    self.run()
  File "/home/luffy/.local/share/uv/python/cpython-3.11.15-linux-x86_64-gnu/lib/python3.11/threading.py", line 982, in run
    self._target(*self._args, **self._kwargs)
  File "/home/luffy/.local/share/uv/python/cpython-3.11.15-linux-x86_64-gnu/lib/python3.11/concurrent/futures/thread.py", line 81, in _worker
    work_item = work_queue.get(block=True)

--- thread proc-reader-proc_118987279fbe (id=140521080075968) ---
  File "/home/luffy/.local/share/uv/python/cpython-3.11.15-linux-x86_64-gnu/lib/python3.11/threading.py", line 1002, in _bootstrap
    self._bootstrap_inner()
  File "/home/luffy/.local/share/uv/python/cpython-3.11.15-linux-x86_64-gnu/lib/python3.11/threading.py", line 1045, in _bootstrap_inner
    self.run()
  File "/home/luffy/.local/share/uv/python/cpython-3.11.15-linux-x86_64-gnu/lib/python3.11/threading.py", line 982, in run
    self._target(*self._args, **self._kwargs)
  File "/home/luffy/.hermes/hermes-agent/tools/process_registry.py", line 907, in _reader_loop
    chunk = session.process.stdout.read(4096)
[tui-parent] 2026-06-27T04:35:57.236Z uncaughtException: Error: write EIO

--- thread proc-reader-proc_21d712930d10 (id=140520718329536) ---
  File "/home/luffy/.local/share/uv/python/cpython-3.11.15-linux-x86_64-gnu/lib/python3.11/threading.py", line 1002, in _bootstrap
    self._bootstrap_inner()
  File "/home/luffy/.local/share/uv/python/cpython-3.11.15-linux-x86_64-gnu/lib/python3.11/threading.py", line 1045, in _bootstrap_inner
    self.run()
  File "/home/luffy/.local/share/uv/python/cpython-3.11.15-linux-x86_64-gnu/lib/python3.11/threading.py", line 982, in run
    self._target(*self._args, **self._kwargs)
  File "/home/luffy/.hermes/hermes-agent/tools/process_registry.py", line 907, in _reader_loop
    chunk = session.process.stdout.read(4096)

--- thread proc-reader-proc_5054781496a8 (id=140520709936832) ---
  File "/home/luffy/.local/share/uv/python/cpython-3.11.15-linux-x86_64-gnu/lib/python3.11/threading.py", line 1002, in _bootstrap
    self._bootstrap_inner()
  File "/home/luffy/.local/share/uv/python/cpython-3.11.15-linux-x86_64-gnu/lib/python3.11/threading.py", line 1045, in _bootstrap_inner
    self.run()
  File "/home/luffy/.local/share/uv/python/cpython-3.11.15-linux-x86_64-gnu/lib/python3.11/threading.py", line 982, in run
    self._target(*self._args, **self._kwargs)
  File "/home/luffy/.hermes/hermes-agent/tools/process_registry.py", line 907, in _reader_loop
    chunk = session.process.stdout.read(4096)

--- thread proc-reader-proc_40413d117f7f (id=140521096861376) ---
  File "/home/luffy/.local/share/uv/python/cpython-3.11.15-linux-x86_64-gnu/lib/python3.11/threading.py", line 1002, in _bootstrap
    self._bootstrap_inner()
  File "/home/luffy/.local/share/uv/python/cpython-3.11.15-linux-x86_64-gnu/lib/python3.11/threading.py", line 1045, in _bootstrap_inner
    self.run()
  File "/home/luffy/.local/share/uv/python/cpython-3.11.15-linux-x86_64-gnu/lib/python3.11/threading.py", line 982, in run
    self._target(*self._args, **self._kwargs)
  File "/home/luffy/.hermes/hermes-agent/tools/process_registry.py", line 907, in _reader_loop
    chunk = session.process.stdout.read(4096)

--- thread Thread-234 (run) (id=140521112594112) ---
  File "/home/luffy/.local/share/uv/python/cpython-3.11.15-linux-x86_64-gnu/lib/python3.11/threading.py", line 1002, in _bootstrap
    self._bootstrap_inner()
  File "/home/luffy/.local/share/uv/python/cpython-3.11.15-linux-x86_64-gnu/lib/python3.11/threading.py", line 1045, in _bootstrap_inner
    self.run()
  File "/home/luffy/.local/share/uv/python/cpython-3.11.15-linux-x86_64-gnu/lib/python3.11/threading.py", line 982, in run
    self._target(*self._args, **self._kwargs)
  File "/home/luffy/.hermes/hermes-agent/tui_gateway/server.py", line 8426, in run
    result = agent.run_conversation(run_message, **run_kwargs)
  File "/home/luffy/.hermes/hermes-agent/run_agent.py", line 5335, in run_conversation
    return run_conversation(
  File "/home/luffy/.hermes/hermes-agent/agent/conversation_loop.py", line 1185, in run_conversation
    response = run_llm_execution_middleware(
  File "/home/luffy/.hermes/hermes-agent/hermes_cli/middleware.py", line 181, in run_llm_execution_middleware
    return next_call(request)
  File "/home/luffy/.hermes/hermes-agent/agent/conversation_loop.py", line 1178, in _perform_api_call
    return agent._interruptible_streaming_api_call(
  File "/home/luffy/.hermes/hermes-agent/run_agent.py", line 4340, in _interruptible_streaming_api_call
    return interruptible_streaming_api_call(self, api_kwargs, on_first_delta=on_first_delta)
  File "/home/luffy/.hermes/hermes-agent/agent/chat_completion_helpers.py", line 2581, in interruptible_streaming_api_call
    t.join(timeout=0.3)
  File "/home/luffy/.local/share/uv/python/cpython-3.11.15-linux-x86_64-gnu/lib/python3.11/threading.py", line 1123, in join
    self._wait_for_tstate_lock(timeout=max(timeout, 0))
  File "/home/luffy/.local/share/uv/python/cpython-3.11.15-linux-x86_64-gnu/lib/python3.11/threading.py", line 1139, in _wait_for_tstate_lock
    if lock.acquire(block, timeout):

--- thread Thread-237 (_call) (id=140520693151424) ---
  File "/home/luffy/.local/share/uv/python/cpython-3.11.15-linux-x86_64-gnu/lib/python3.11/threading.py", line 1002, in _bootstrap
    self._bootstrap_inner()
  File "/home/luffy/.local/share/uv/python/cpython-3.11.15-linux-x86_64-gnu/lib/python3.11/threading.py", line 1045, in _bootstrap_inner
    self.run()
  File "/home/luffy/.local/share/uv/python/cpython-3.11.15-linux-x86_64-gnu/lib/python3.11/threading.py", line 982, in run
    self._target(*self._args, **self._kwargs)
  File "/home/luffy/.hermes/hermes-agent/agent/chat_completion_helpers.py", line 2272, in _call
    result["response"] = _call_chat_completions()
  File "/home/luffy/.hermes/hermes-agent/agent/chat_completion_helpers.py", line 1893, in _call_chat_completions
    for chunk in stream:
  File "/home/luffy/.hermes/hermes-agent/venv/lib/python3.11/site-packages/openai/_streaming.py", line 49, in __iter__
    for item in self._iterator:
  File "/home/luffy/.hermes/hermes-agent/venv/lib/python3.11/site-packages/openai/_streaming.py", line 62, in __stream__
    for sse in iterator:
  File "/home/luffy/.hermes/hermes-agent/venv/lib/python3.11/site-packages/openai/_streaming.py", line 53, in _iter_events
    yield from self._decoder.iter_bytes(self.response.iter_bytes())
  File "/home/luffy/.hermes/hermes-agent/venv/lib/python3.11/site-packages/openai/_streaming.py", line 297, in iter_bytes
    for chunk in self._iter_chunks(iterator):
  File "/home/luffy/.hermes/hermes-agent/venv/lib/python3.11/site-packages/openai/_streaming.py", line 308, in _iter_chunks
    for chunk in iterator:
  File "/home/luffy/.hermes/hermes-agent/venv/lib/python3.11/site-packages/httpx/_models.py", line 897, in iter_bytes
    for raw_bytes in self.iter_raw():
  File "/home/luffy/.hermes/hermes-agent/venv/lib/python3.11/site-packages/httpx/_models.py", line 951, in iter_raw
    for raw_stream_bytes in self.stream:
  File "/home/luffy/.hermes/hermes-agent/venv/lib/python3.11/site-packages/httpx/_client.py", line 153, in __iter__
    for chunk in self._stream:
  File "/home/luffy/.hermes/hermes-agent/venv/lib/python3.11/site-packages/httpx/_transports/default.py", line 127, in __iter__
    for part in self._httpcore_stream:
  File "/home/luffy/.hermes/hermes-agent/venv/lib/python3.11/site-packages/httpcore/_sync/connection_pool.py", line 403, in __iter__
    for part in self._stream:
  File "/home/luffy/.hermes/hermes-agent/venv/lib/python3.11/site-packages/httpcore/_sync/http11.py", line 334, in __iter__
    for chunk in self._connection._receive_response_body(**kwargs):
  File "/home/luffy/.hermes/hermes-agent/venv/lib/python3.11/site-packages/httpcore/_sync/http11.py", line 203, in _receive_response_body
    event = self._receive_event(timeout=timeout)
  File "/home/luffy/.hermes/hermes-agent/venv/lib/python3.11/site-packages/httpcore/_sync/http11.py", line 217, in _receive_event
    data = self._network_stream.read(
  File "/home/luffy/.hermes/hermes-agent/venv/lib/python3.11/site-packages/httpcore/_backends/sync.py", line 128, in read
    return self._sock.recv(max_bytes)
  File "/home/luffy/.local/share/uv/python/cpython-3.11.15-linux-x86_64-gnu/lib/python3.11/ssl.py", line 1307, in recv
    return self.read(buflen)
  File "/home/luffy/.local/share/uv/python/cpython-3.11.15-linux-x86_64-gnu/lib/python3.11/ssl.py", line 1180, in read
    return self._sslobj.read(len)
[tui-parent] 2026-06-27T04:35:57.251Z [lifecycle] GatewayClient.kill reason=graceful-exit-cleanup pid=12208 killed=true exitCode=null signal=null killResult=true

=== SIGTERM received · 2026-06-27 10:05:57 ===
main-thread stack at signal delivery:
  File "<frozen runpy>", line 198, in _run_module_as_main
  File "<frozen runpy>", line 88, in _run_code
  File "/home/luffy/.hermes/hermes-agent/tui_gateway/entry.py", line 347, in <module>
    main()
  File "/home/luffy/.hermes/hermes-agent/tui_gateway/entry.py", line 323, in main
    for raw in sys.stdin:
  File "/home/luffy/.hermes/hermes-agent/tui_gateway/entry.py", line 113, in _log_signal
    f.write("".join(traceback.format_stack(sys._current_frames().get(tid))))
  File "/home/luffy/.local/share/uv/python/cpython-3.11.15-linux-x86_64-gnu/lib/python3.11/traceback.py", line 214, in format_stack
    return format_list(extract_stack(f, limit=limit))
  File "/home/luffy/.local/share/uv/python/cpython-3.11.15-linux-x86_64-gnu/lib/python3.11/traceback.py", line 228, in extract_stack
    stack = StackSummary.extract(walk_stack(f), limit=limit)
  File "/home/luffy/.local/share/uv/python/cpython-3.11.15-linux-x86_64-gnu/lib/python3.11/traceback.py", line 390, in extract
    return klass._extract_from_extended_frame_gen(
  File "/home/luffy/.local/share/uv/python/cpython-3.11.15-linux-x86_64-gnu/lib/python3.11/traceback.py", line 433, in _extract_from_extended_frame_gen
    f.line
  File "/home/luffy/.local/share/uv/python/cpython-3.11.15-linux-x86_64-gnu/lib/python3.11/traceback.py", line 318, in line
    self._line = linecache.getline(self.filename, self.lineno)
  File "/home/luffy/.local/share/uv/python/cpython-3.11.15-linux-x86_64-gnu/lib/python3.11/linecache.py", line 30, in getline
    lines = getlines(filename, module_globals)
  File "/home/luffy/.local/share/uv/python/cpython-3.11.15-linux-x86_64-gnu/lib/python3.11/linecache.py", line 46, in getlines
    return updatecache(filename, module_globals)
  File "/home/luffy/.local/share/uv/python/cpython-3.11.15-linux-x86_64-gnu/lib/python3.11/linecache.py", line 137, in updatecache
    lines = fp.readlines()
  File "<frozen codecs>", line 319, in decode
  File "/home/luffy/.hermes/hermes-agent/tui_gateway/entry.py", line 141, in _log_signal
    _shutdown_sessions()
  File "/home/luffy/.hermes/hermes-agent/tui_gateway/server.py", line 705, in _shutdown_sessions
    _close_session_by_id(sid, end_reason="tui_shutdown")

--- thread MainThread (id=140521631835968) ---
  File "<frozen runpy>", line 198, in _run_module_as_main
  File "<frozen runpy>", line 88, in _run_code
  File "/home/luffy/.hermes/hermes-agent/tui_gateway/entry.py", line 347, in <module>
    main()
  File "/home/luffy/.hermes/hermes-agent/tui_gateway/entry.py", line 323, in main
    for raw in sys.stdin:
  File "/home/luffy/.hermes/hermes-agent/tui_gateway/entry.py", line 113, in _log_signal
    f.write("".join(traceback.format_stack(sys._current_frames().get(tid))))
  File "/home/luffy/.local/share/uv/python/cpython-3.11.15-linux-x86_64-gnu/lib/python3.11/traceback.py", line 214, in format_stack
    return format_list(extract_stack(f, limit=limit))
  File "/home/luffy/.local/share/uv/python/cpython-3.11.15-linux-x86_64-gnu/lib/python3.11/traceback.py", line 228, in extract_stack
    stack = StackSummary.extract(walk_stack(f), limit=limit)
  File "/home/luffy/.local/share/uv/python/cpython-3.11.15-linux-x86_64-gnu/lib/python3.11/traceback.py", line 390, in extract
    return klass._extract_from_extended_frame_gen(
  File "/home/luffy/.local/share/uv/python/cpython-3.11.15-linux-x86_64-gnu/lib/python3.11/traceback.py", line 433, in _extract_from_extended_frame_gen
    f.line
  File "/home/luffy/.local/share/uv/python/cpython-3.11.15-linux-x86_64-gnu/lib/python3.11/traceback.py", line 318, in line
    self._line = linecache.getline(self.filename, self.lineno)
  File "/home/luffy/.local/share/uv/python/cpython-3.11.15-linux-x86_64-gnu/lib/python3.11/linecache.py", line 30, in getline
    lines = getlines(filename, module_globals)
  File "/home/luffy/.local/share/uv/python/cpython-3.11.15-linux-x86_64-gnu/lib/python3.11/linecache.py", line 46, in getlines
    return updatecache(filename, module_globals)
  File "/home/luffy/.local/share/uv/python/cpython-3.11.15-linux-x86_64-gnu/lib/python3.11/linecache.py", line 137, in updatecache
    lines = fp.readlines()
  File "<frozen codecs>", line 319, in decode
  File "/home/luffy/.hermes/hermes-agent/tui_gateway/entry.py", line 141, in _log_signal
    _shutdown_sessions()
  File "/home/luffy/.hermes/hermes-agent/tui_gateway/server.py", line 705, in _shutdown_sessions
    _close_session_by_id(sid, end_reason="tui_shutdown")
  File "/home/luffy/.hermes/hermes-agent/tui_gateway/entry.py", line 113, in _log_signal
    f.write("".join(traceback.format_stack(sys._current_frames().get(tid))))

--- thread Thread-2 (_loop) (id=140521614206656) ---
  File "/home/luffy/.local/share/uv/python/cpython-3.11.15-linux-x86_64-gnu/lib/python3.11/threading.py", line 1002, in _bootstrap
    self._bootstrap_inner()
  File "/home/luffy/.local/share/uv/python/cpython-3.11.15-linux-x86_64-gnu/lib/python3.11/threading.py", line 1045, in _bootstrap_inner
    self.run()
  File "/home/luffy/.local/share/uv/python/cpython-3.11.15-linux-x86_64-gnu/lib/python3.11/threading.py", line 982, in run
    self._target(*self._args, **self._kwargs)
  File "/home/luffy/.hermes/hermes-agent/tui_gateway/server.py", line 825, in _loop
    time.sleep(_REAPER_SCAN_S)

--- thread tui-rpc_0 (id=140521532028608) ---
  File "/home/luffy/.local/share/uv/python/cpython-3.11.15-linux-x86_64-gnu/lib/python3.11/threading.py", line 1002, in _bootstrap
    self._bootstrap_inner()
  File "/home/luffy/.local/share/uv/python/cpython-3.11.15-linux-x86_64-gnu/lib/python3.11/threading.py", line 1045, in _bootstrap_inner
    self.run()
  File "/home/luffy/.local/share/uv/python/cpython-3.11.15-linux-x86_64-gnu/lib/python3.11/threading.py", line 982, in run
    self._target(*self._args, **self._kwargs)
  File "/home/luffy/.local/share/uv/python/cpython-3.11.15-linux-x86_64-gnu/lib/python3.11/concurrent/futures/thread.py", line 81, in _worker
    work_item = work_queue.get(block=True)

--- thread Thread-8 (_notification_poller_loop) (id=140521126229696) ---
  File "/home/luffy/.local/share/uv/python/cpython-3.11.15-linux-x86_64-gnu/lib/python3.11/threading.py", line 1002, in _bootstrap
    self._bootstrap_inner()
  File "/home/luffy/.local/share/uv/python/cpython-3.11.15-linux-x86_64-gnu/lib/python3.11/threading.py", line 1045, in _bootstrap_inner
    self.run()
  File "/home/luffy/.local/share/uv/python/cpython-3.11.15-linux-x86_64-gnu/lib/python3.11/threading.py", line 982, in run
    self._target(*self._args, **self._kwargs)
  File "/home/luffy/.hermes/hermes-agent/tui_gateway/server.py", line 8165, in _notification_poller_loop
    evt = process_registry.completion_queue.get(timeout=0.5)
  File "/home/luffy/.local/share/uv/python/cpython-3.11.15-linux-x86_64-gnu/lib/python3.11/queue.py", line 180, in get
    self.not_empty.wait(remaining)
  File "/home/luffy/.local/share/uv/python/cpython-3.11.15-linux-x86_64-gnu/lib/python3.11/threading.py", line 331, in wait
    gotit = waiter.acquire(True, timeout)

--- thread Thread-12 (_cleanup_thread_worker) (id=140521494353600) ---
  File "/home/luffy/.local/share/uv/python/cpython-3.11.15-linux-x86_64-gnu/lib/python3.11/threading.py", line 1002, in _bootstrap
    self._bootstrap_inner()
  File "/home/luffy/.local/share/uv/python/cpython-3.11.15-linux-x86_64-gnu/lib/python3.11/threading.py", line 1045, in _bootstrap_inner
    self.run()
  File "/home/luffy/.local/share/uv/python/cpython-3.11.15-linux-x86_64-gnu/lib/python3.11/threading.py", line 982, in run
    self._target(*self._args, **self._kwargs)
  File "/home/luffy/.hermes/hermes-agent/tools/terminal_tool.py", line 1574, in _cleanup_thread_worker
    time.sleep(1)

--- thread asyncio_0 (id=140520726722240) ---
  File "/home/luffy/.local/share/uv/python/cpython-3.11.15-linux-x86_64-gnu/lib/python3.11/threading.py", line 1002, in _bootstrap
    self._bootstrap_inner()
  File "/home/luffy/.local/share/uv/python/cpython-3.11.15-linux-x86_64-gnu/lib/python3.11/threading.py", line 1045, in _bootstrap_inner
    self.run()
  File "/home/luffy/.local/share/uv/python/cpython-3.11.15-linux-x86_64-gnu/lib/python3.11/threading.py", line 982, in run
    self._target(*self._args, **self._kwargs)
  File "/home/luffy/.local/share/uv/python/cpython-3.11.15-linux-x86_64-gnu/lib/python3.11/concurrent/futures/thread.py", line 81, in _worker
    work_item = work_queue.get(block=True)

--- thread proc-reader-proc_118987279fbe (id=140521080075968) ---
  File "/home/luffy/.local/share/uv/python/cpython-3.11.15-linux-x86_64-gnu/lib/python3.11/threading.py", line 1002, in _bootstrap
    self._bootstrap_inner()
  File "/home/luffy/.local/share/uv/python/cpython-3.11.15-linux-x86_64-gnu/lib/python3.11/threading.py", line 1045, in _bootstrap_inner
    self.run()
  File "/home/luffy/.local/share/uv/python/cpython-3.11.15-linux-x86_64-gnu/lib/python3.11/threading.py", line 982, in run
    self._target(*self._args, **self._kwargs)
  File "/home/luffy/.hermes/hermes-agent/tools/process_registry.py", line 907, in _reader_loop
    chunk = session.process.stdout.read(4096)

--- thread proc-reader-proc_21d712930d10 (id=140520718329536) ---
  File "/home/luffy/.local/share/uv/python/cpython-3.11.15-linux-x86_64-gnu/lib/python3.11/threading.py", line 1002, in _bootstrap
    self._bootstrap_inner()
  File "/home/luffy/.local/share/uv/python/cpython-3.11.15-linux-x86_64-gnu/lib/python3.11/threading.py", line 1045, in _bootstrap_inner
    self.run()
  File "/home/luffy/.local/share/uv/python/cpython-3.11.15-linux-x86_64-gnu/lib/python3.11/threading.py", line 982, in run
    self._target(*self._args, **self._kwargs)
  File "/home/luffy/.hermes/hermes-agent/tools/process_registry.py", line 907, in _reader_loop
    chunk = session.process.stdout.read(4096)

--- thread proc-reader-proc_5054781496a8 (id=140520709936832) ---
  File "/home/luffy/.local/share/uv/python/cpython-3.11.15-linux-x86_64-gnu/lib/python3.11/threading.py", line 1002, in _bootstrap
    self._bootstrap_inner()
  File "/home/luffy/.local/share/uv/python/cpython-3.11.15-linux-x86_64-gnu/lib/python3.11/threading.py", line 1045, in _bootstrap_inner
    self.run()
  File "/home/luffy/.local/share/uv/python/cpython-3.11.15-linux-x86_64-gnu/lib/python3.11/threading.py", line 982, in run
    self._target(*self._args, **self._kwargs)
  File "/home/luffy/.hermes/hermes-agent/tools/process_registry.py", line 907, in _reader_loop
    chunk = session.process.stdout.read(4096)

--- thread proc-reader-proc_40413d117f7f (id=140521096861376) ---
  File "/home/luffy/.local/share/uv/python/cpython-3.11.15-linux-x86_64-gnu/lib/python3.11/threading.py", line 1002, in _bootstrap
    self._bootstrap_inner()
  File "/home/luffy/.local/share/uv/python/cpython-3.11.15-linux-x86_64-gnu/lib/python3.11/threading.py", line 1045, in _bootstrap_inner
    self.run()
  File "/home/luffy/.local/share/uv/python/cpython-3.11.15-linux-x86_64-gnu/lib/python3.11/threading.py", line 982, in run
    self._target(*self._args, **self._kwargs)
  File "/home/luffy/.hermes/hermes-agent/tools/process_registry.py", line 907, in _reader_loop
    chunk = session.process.stdout.read(4096)

--- thread Thread-234 (run) (id=140521112594112) ---
  File "/home/luffy/.local/share/uv/python/cpython-3.11.15-linux-x86_64-gnu/lib/python3.11/threading.py", line 1002, in _bootstrap
    self._bootstrap_inner()
  File "/home/luffy/.local/share/uv/python/cpython-3.11.15-linux-x86_64-gnu/lib/python3.11/threading.py", line 1045, in _bootstrap_inner
    self.run()
  File "/home/luffy/.local/share/uv/python/cpython-3.11.15-linux-x86_64-gnu/lib/python3.11/threading.py", line 982, in run
    self._target(*self._args, **self._kwargs)
  File "/home/luffy/.hermes/hermes-agent/tui_gateway/server.py", line 8426, in run
    result = agent.run_conversation(run_message, **run_kwargs)
  File "/home/luffy/.hermes/hermes-agent/run_agent.py", line 5335, in run_conversation
    return run_conversation(
  File "/home/luffy/.hermes/hermes-agent/agent/conversation_loop.py", line 1185, in run_conversation
    response = run_llm_execution_middleware(
  File "/home/luffy/.hermes/hermes-agent/hermes_cli/middleware.py", line 181, in run_llm_execution_middleware
    return next_call(request)
  File "/home/luffy/.hermes/hermes-agent/agent/conversation_loop.py", line 1178, in _perform_api_call
    return agent._interruptible_streaming_api_call(
  File "/home/luffy/.hermes/hermes-agent/run_agent.py", line 4340, in _interruptible_streaming_api_call
    return interruptible_streaming_api_call(self, api_kwargs, on_first_delta=on_first_delta)
  File "/home/luffy/.hermes/hermes-agent/agent/chat_completion_helpers.py", line 2581, in interruptible_streaming_api_call
    t.join(timeout=0.3)
  File "/home/luffy/.local/share/uv/python/cpython-3.11.15-linux-x86_64-gnu/lib/python3.11/threading.py", line 1123, in join
    self._wait_for_tstate_lock(timeout=max(timeout, 0))
  File "/home/luffy/.local/share/uv/python/cpython-3.11.15-linux-x86_64-gnu/lib/python3.11/threading.py", line 1139, in _wait_for_tstate_lock
    if lock.acquire(block, timeout):

--- thread Thread-237 (_call) (id=140520693151424) ---
  File "/home/luffy/.local/share/uv/python/cpython-3.11.15-linux-x86_64-gnu/lib/python3.11/threading.py", line 1002, in _bootstrap
    self._bootstrap_inner()
  File "/home/luffy/.local/share/uv/python/cpython-3.11.15-linux-x86_64-gnu/lib/python3.11/threading.py", line 1045, in _bootstrap_inner
    self.run()
  File "/home/luffy/.local/share/uv/python/cpython-3.11.15-linux-x86_64-gnu/lib/python3.11/threading.py", line 982, in run
    self._target(*self._args, **self._kwargs)
  File "/home/luffy/.hermes/hermes-agent/agent/chat_completion_helpers.py", line 2272, in _call
    result["response"] = _call_chat_completions()
  File "/home/luffy/.hermes/hermes-agent/agent/chat_completion_helpers.py", line 1893, in _call_chat_completions
    for chunk in stream:
  File "/home/luffy/.hermes/hermes-agent/venv/lib/python3.11/site-packages/openai/_streaming.py", line 49, in __iter__
    for item in self._iterator:
  File "/home/luffy/.hermes/hermes-agent/venv/lib/python3.11/site-packages/openai/_streaming.py", line 62, in __stream__
    for sse in iterator:
  File "/home/luffy/.hermes/hermes-agent/venv/lib/python3.11/site-packages/openai/_streaming.py", line 53, in _iter_events
    yield from self._decoder.iter_bytes(self.response.iter_bytes())
  File "/home/luffy/.hermes/hermes-agent/venv/lib/python3.11/site-packages/openai/_streaming.py", line 297, in iter_bytes
    for chunk in self._iter_chunks(iterator):
  File "/home/luffy/.hermes/hermes-agent/venv/lib/python3.11/site-packages/openai/_streaming.py", line 308, in _iter_chunks
    for chunk in iterator:
  File "/home/luffy/.hermes/hermes-agent/venv/lib/python3.11/site-packages/httpx/_models.py", line 897, in iter_bytes
    for raw_bytes in self.iter_raw():
  File "/home/luffy/.hermes/hermes-agent/venv/lib/python3.11/site-packages/httpx/_models.py", line 951, in iter_raw
    for raw_stream_bytes in self.stream:
  File "/home/luffy/.hermes/hermes-agent/venv/lib/python3.11/site-packages/httpx/_client.py", line 153, in __iter__
    for chunk in self._stream:
  File "/home/luffy/.hermes/hermes-agent/venv/lib/python3.11/site-packages/httpx/_transports/default.py", line 127, in __iter__
    for part in self._httpcore_stream:
  File "/home/luffy/.hermes/hermes-agent/venv/lib/python3.11/site-packages/httpcore/_sync/connection_pool.py", line 403, in __iter__
    for part in self._stream:
  File "/home/luffy/.hermes/hermes-agent/venv/lib/python3.11/site-packages/httpcore/_sync/http11.py", line 334, in __iter__
    for chunk in self._connection._receive_response_body(**kwargs):
  File "/home/luffy/.hermes/hermes-agent/venv/lib/python3.11/site-packages/httpcore/_sync/http11.py", line 203, in _receive_response_body
    event = self._receive_event(timeout=timeout)
  File "/home/luffy/.hermes/hermes-agent/venv/lib/python3.11/site-packages/httpcore/_sync/http11.py", line 217, in _receive_event
    data = self._network_stream.read(
  File "/home/luffy/.hermes/hermes-agent/venv/lib/python3.11/site-packages/httpcore/_backends/sync.py", line 128, in read
    return self._sock.recv(max_bytes)
  File "/home/luffy/.local/share/uv/python/cpython-3.11.15-linux-x86_64-gnu/lib/python3.11/ssl.py", line 1307, in recv
    return self.read(buflen)
  File "/home/luffy/.local/share/uv/python/cpython-3.11.15-linux-x86_64-gnu/lib/python3.11/ssl.py", line 1180, in read
    return self._sslobj.read(len)

--- thread Thread-238 (id=140521502746304) ---
  File "/home/luffy/.local/share/uv/python/cpython-3.11.15-linux-x86_64-gnu/lib/python3.11/threading.py", line 1002, in _bootstrap
    self._bootstrap_inner()
  File "/home/luffy/.local/share/uv/python/cpython-3.11.15-linux-x86_64-gnu/lib/python3.11/threading.py", line 1045, in _bootstrap_inner
    self.run()
  File "/home/luffy/.local/share/uv/python/cpython-3.11.15-linux-x86_64-gnu/lib/python3.11/threading.py", line 1399, in run
    self.finished.wait(self.interval)
  File "/home/luffy/.local/share/uv/python/cpython-3.11.15-linux-x86_64-gnu/lib/python3.11/threading.py", line 629, in wait
    signaled = self._cond.wait(timeout)
  File "/home/luffy/.local/share/uv/python/cpython-3.11.15-linux-x86_64-gnu/lib/python3.11/threading.py", line 331, in wait
    gotit = waiter.acquire(True, timeout)

=== SIGHUP received · 2026-06-27 10:05:57 ===
main-thread stack at signal delivery:
  File "<frozen runpy>", line 198, in _run_module_as_main
  File "<frozen runpy>", line 88, in _run_code
  File "/home/luffy/.hermes/hermes-agent/tui_gateway/entry.py", line 347, in <module>
    main()
  File "/home/luffy/.hermes/hermes-agent/tui_gateway/entry.py", line 323, in main
    for raw in sys.stdin:

--- thread MainThread (id=140521631835968) ---
  File "<frozen runpy>", line 198, in _run_module_as_main
  File "<frozen runpy>", line 88, in _run_code
  File "/home/luffy/.hermes/hermes-agent/tui_gateway/entry.py", line 347, in <module>
    main()
  File "/home/luffy/.hermes/hermes-agent/tui_gateway/entry.py", line 323, in main
    for raw in sys.stdin:
  File "/home/luffy/.hermes/hermes-agent/tui_gateway/entry.py", line 113, in _log_signal
    f.write("".join(traceback.format_stack(sys._current_frames().get(tid))))

--- thread Thread-2 (_loop) (id=140521614206656) ---
[tui-parent] 2026-06-27T04:35:57.262Z unhandledRejection: Error: EIO: i/o error, write
[tui-parent] 2026-06-27T04:35:58.038Z [lifecycle] spawned gateway child pid=44138 killed=false exitCode=null signal=null python=/home/luffy/.hermes/hermes-agent/venv/bin/python3 cwd=/home/luffy/Desktop/project

=== gateway exit · 2026-06-27 10:06:01 · reason=stdin EOF (TUI closed the command pipe) ===

=== unhandled exception · 2026-06-27 10:06:01 ===
Traceback (most recent call last):
  File "<frozen runpy>", line 198, in _run_module_as_main
  File "<frozen runpy>", line 88, in _run_code
  File "/home/luffy/.hermes/hermes-agent/tui_gateway/entry.py", line 347, in <module>
    main()
  File "/home/luffy/.hermes/hermes-agent/tui_gateway/entry.py", line 343, in main
    _log_exit("stdin EOF (TUI closed the command pipe)")
  File "/home/luffy/.hermes/hermes-agent/tui_gateway/entry.py", line 204, in _log_exit
    print(f"[gateway-exit] {reason}", file=sys.stderr, flush=True)
BrokenPipeError: [Errno 32] Broken pipe
[tui-parent] 2026-06-27T07:43:41.126Z [lifecycle] spawned gateway child pid=363486 killed=false exitCode=null signal=null python=/home/luffy/.hermes/hermes-agent/venv/bin/python3 cwd=/home/luffy/Desktop/chatApplication
[tui-parent] 2026-06-27T08:25:23.094Z [lifecycle] GatewayClient.kill reason=app.die pid=363486 killed=true exitCode=null signal=null killResult=true

=== SIGTERM received · 2026-06-27 13:55:23 ===
main-thread stack at signal delivery:
  File "<frozen runpy>", line 198, in _run_module_as_main
  File "<frozen runpy>", line 88, in _run_code
  File "/home/luffy/.hermes/hermes-agent/tui_gateway/entry.py", line 347, in <module>
    main()
  File "/home/luffy/.hermes/hermes-agent/tui_gateway/entry.py", line 323, in main
    for raw in sys.stdin:

--- thread MainThread (id=139632745772864) ---
  File "<frozen runpy>", line 198, in _run_module_as_main
  File "<frozen runpy>", line 88, in _run_code
  File "/home/luffy/.hermes/hermes-agent/tui_gateway/entry.py", line 347, in <module>
    main()
  File "/home/luffy/.hermes/hermes-agent/tui_gateway/entry.py", line 323, in main
    for raw in sys.stdin:
  File "/home/luffy/.hermes/hermes-agent/tui_gateway/entry.py", line 113, in _log_signal
    f.write("".join(traceback.format_stack(sys._current_frames().get(tid))))

--- thread Thread-2 (_loop) (id=139632719832768) ---
  File "/home/luffy/.local/share/uv/python/cpython-3.11.15-linux-x86_64-gnu/lib/python3.11/threading.py", line 1002, in _bootstrap
    self._bootstrap_inner()
  File "/home/luffy/.local/share/uv/python/cpython-3.11.15-linux-x86_64-gnu/lib/python3.11/threading.py", line 1045, in _bootstrap_inner
    self.run()
  File "/home/luffy/.local/share/uv/python/cpython-3.11.15-linux-x86_64-gnu/lib/python3.11/threading.py", line 982, in run
    self._target(*self._args, **self._kwargs)
  File "/home/luffy/.hermes/hermes-agent/tui_gateway/server.py", line 825, in _loop
    time.sleep(_REAPER_SCAN_S)

--- thread tui-rpc_0 (id=139632728225472) ---
  File "/home/luffy/.local/share/uv/python/cpython-3.11.15-linux-x86_64-gnu/lib/python3.11/threading.py", line 1002, in _bootstrap
    self._bootstrap_inner()
  File "/home/luffy/.local/share/uv/python/cpython-3.11.15-linux-x86_64-gnu/lib/python3.11/threading.py", line 1045, in _bootstrap_inner
    self.run()
  File "/home/luffy/.local/share/uv/python/cpython-3.11.15-linux-x86_64-gnu/lib/python3.11/threading.py", line 982, in run
    self._target(*self._args, **self._kwargs)
  File "/home/luffy/.local/share/uv/python/cpython-3.11.15-linux-x86_64-gnu/lib/python3.11/concurrent/futures/thread.py", line 81, in _worker
    work_item = work_queue.get(block=True)

--- thread Thread-8 (_notification_poller_loop) (id=139632240903872) ---
  File "/home/luffy/.local/share/uv/python/cpython-3.11.15-linux-x86_64-gnu/lib/python3.11/threading.py", line 1002, in _bootstrap
    self._bootstrap_inner()
  File "/home/luffy/.local/share/uv/python/cpython-3.11.15-linux-x86_64-gnu/lib/python3.11/threading.py", line 1045, in _bootstrap_inner
    self.run()
  File "/home/luffy/.local/share/uv/python/cpython-3.11.15-linux-x86_64-gnu/lib/python3.11/threading.py", line 982, in run
    self._target(*self._args, **self._kwargs)
  File "/home/luffy/.hermes/hermes-agent/tui_gateway/server.py", line 8165, in _notification_poller_loop
    evt = process_registry.completion_queue.get(timeout=0.5)
  File "/home/luffy/.local/share/uv/python/cpython-3.11.15-linux-x86_64-gnu/lib/python3.11/queue.py", line 180, in get
    self.not_empty.wait(remaining)
  File "/home/luffy/.local/share/uv/python/cpython-3.11.15-linux-x86_64-gnu/lib/python3.11/threading.py", line 331, in wait
    gotit = waiter.acquire(True, timeout)

--- thread Thread-13 (_cleanup_thread_worker) (id=139632473798336) ---
  File "/home/luffy/.local/share/uv/python/cpython-3.11.15-linux-x86_64-gnu/lib/python3.11/threading.py", line 1002, in _bootstrap
    self._bootstrap_inner()
  File "/home/luffy/.local/share/uv/python/cpython-3.11.15-linux-x86_64-gnu/lib/python3.11/threading.py", line 1045, in _bootstrap_inner
    self.run()
  File "/home/luffy/.local/share/uv/python/cpython-3.11.15-linux-x86_64-gnu/lib/python3.11/threading.py", line 982, in run
    self._target(*self._args, **self._kwargs)
  File "/home/luffy/.hermes/hermes-agent/tools/terminal_tool.py", line 1574, in _cleanup_thread_worker
    time.sleep(1)

--- thread hermes-lsp-loop (id=139632226485952) ---
  File "/home/luffy/.local/share/uv/python/cpython-3.11.15-linux-x86_64-gnu/lib/python3.11/threading.py", line 1002, in _bootstrap
    self._bootstrap_inner()
  File "/home/luffy/.local/share/uv/python/cpython-3.11.15-linux-x86_64-gnu/lib/python3.11/threading.py", line 1045, in _bootstrap_inner
    self.run()
  File "/home/luffy/.local/share/uv/python/cpython-3.11.15-linux-x86_64-gnu/lib/python3.11/threading.py", line 982, in run
    self._target(*self._args, **self._kwargs)
  File "/home/luffy/.hermes/hermes-agent/agent/lsp/manager.py", line 93, in _run_forever
    loop.run_forever()
  File "/home/luffy/.local/share/uv/python/cpython-3.11.15-linux-x86_64-gnu/lib/python3.11/asyncio/base_events.py", line 608, in run_forever
    self._run_once()
  File "/home/luffy/.local/share/uv/python/cpython-3.11.15-linux-x86_64-gnu/lib/python3.11/asyncio/base_events.py", line 1898, in _run_once
    event_list = self._selector.select(timeout)
  File "/home/luffy/.local/share/uv/python/cpython-3.11.15-linux-x86_64-gnu/lib/python3.11/selectors.py", line 468, in select
    fd_event_list = self._selector.poll(timeout, max_ev)

--- thread tui-rpc_1 (id=139632138254016) ---
  File "/home/luffy/.local/share/uv/python/cpython-3.11.15-linux-x86_64-gnu/lib/python3.11/threading.py", line 1002, in _bootstrap
    self._bootstrap_inner()
  File "/home/luffy/.local/share/uv/python/cpython-3.11.15-linux-x86_64-gnu/lib/python3.11/threading.py", line 1045, in _bootstrap_inner
    self.run()
  File "/home/luffy/.local/share/uv/python/cpython-3.11.15-linux-x86_64-gnu/lib/python3.11/threading.py", line 982, in run
    self._target(*self._args, **self._kwargs)
  File "/home/luffy/.local/share/uv/python/cpython-3.11.15-linux-x86_64-gnu/lib/python3.11/concurrent/futures/thread.py", line 81, in _worker
    work_item = work_queue.get(block=True)

--- thread Thread-306 (_drain_stdout) (id=139632692405952) ---
  File "/home/luffy/.local/share/uv/python/cpython-3.11.15-linux-x86_64-gnu/lib/python3.11/threading.py", line 1002, in _bootstrap
    self._bootstrap_inner()
  File "/home/luffy/.local/share/uv/python/cpython-3.11.15-linux-x86_64-gnu/lib/python3.11/threading.py", line 1045, in _bootstrap_inner
    self.run()
  File "/home/luffy/.local/share/uv/python/cpython-3.11.15-linux-x86_64-gnu/lib/python3.11/threading.py", line 982, in run
    self._target(*self._args, **self._kwargs)
  File "/home/luffy/.hermes/hermes-agent/tui_gateway/server.py", line 283, in _drain_stdout
    for line in self.proc.stdout or []:

--- thread Thread-307 (_drain_stderr) (id=139632684013248) ---
  File "/home/luffy/.local/share/uv/python/cpython-3.11.15-linux-x86_64-gnu/lib/python3.11/threading.py", line 1002, in _bootstrap
    self._bootstrap_inner()
  File "/home/luffy/.local/share/uv/python/cpython-3.11.15-linux-x86_64-gnu/lib/python3.11/threading.py", line 1045, in _bootstrap_inner
    self.run()
  File "/home/luffy/.local/share/uv/python/cpython-3.11.15-linux-x86_64-gnu/lib/python3.11/threading.py", line 982, in run
    self._target(*self._args, **self._kwargs)
  File "/home/luffy/.hermes/hermes-agent/tui_gateway/server.py", line 291, in _drain_stderr
    for line in self.proc.stderr or []:
[tui-parent] 2026-06-27T08:28:03.737Z [lifecycle] spawned gateway child pid=441164 killed=false exitCode=null signal=null python=/home/luffy/.hermes/hermes-agent/venv/bin/python3 cwd=/home/luffy
[tui-parent] 2026-06-27T08:28:27.956Z graceful-exit received signal=SIGHUP → killing gateway

=== SIGHUP received · 2026-06-27 13:58:27 ===
main-thread stack at signal delivery:
  File "<frozen runpy>", line 198, in _run_module_as_main
  File "<frozen runpy>", line 88, in _run_code
  File "/home/luffy/.hermes/hermes-agent/tui_gateway/entry.py", line 347, in <module>
    main()
  File "/home/luffy/.hermes/hermes-agent/tui_gateway/entry.py", line 323, in main
    for raw in sys.stdin:
  File "/home/luffy/.hermes/hermes-agent/tui_gateway/entry.py", line 113, in _log_signal
    f.write("".join(traceback.format_stack(sys._current_frames().get(tid))))
  File "/home/luffy/.local/share/uv/python/cpython-3.11.15-linux-x86_64-gnu/lib/python3.11/traceback.py", line 214, in format_stack
    return format_list(extract_stack(f, limit=limit))
  File "/home/luffy/.local/share/uv/python/cpython-3.11.15-linux-x86_64-gnu/lib/python3.11/traceback.py", line 228, in extract_stack
    stack = StackSummary.extract(walk_stack(f), limit=limit)
  File "/home/luffy/.local/share/uv/python/cpython-3.11.15-linux-x86_64-gnu/lib/python3.11/traceback.py", line 390, in extract
    return klass._extract_from_extended_frame_gen(
  File "/home/luffy/.local/share/uv/python/cpython-3.11.15-linux-x86_64-gnu/lib/python3.11/traceback.py", line 433, in _extract_from_extended_frame_gen
    f.line
  File "/home/luffy/.local/share/uv/python/cpython-3.11.15-linux-x86_64-gnu/lib/python3.11/traceback.py", line 318, in line
    self._line = linecache.getline(self.filename, self.lineno)
  File "/home/luffy/.local/share/uv/python/cpython-3.11.15-linux-x86_64-gnu/lib/python3.11/linecache.py", line 30, in getline
    lines = getlines(filename, module_globals)
  File "/home/luffy/.local/share/uv/python/cpython-3.11.15-linux-x86_64-gnu/lib/python3.11/linecache.py", line 46, in getlines
    return updatecache(filename, module_globals)
  File "/home/luffy/.local/share/uv/python/cpython-3.11.15-linux-x86_64-gnu/lib/python3.11/linecache.py", line 137, in updatecache
    lines = fp.readlines()
  File "<frozen codecs>", line 319, in decode

--- thread MainThread (id=139650903328576) ---
  File "<frozen runpy>", line 198, in _run_module_as_main
  File "<frozen runpy>", line 88, in _run_code
  File "/home/luffy/.hermes/hermes-agent/tui_gateway/entry.py", line 347, in <module>
    main()
  File "/home/luffy/.hermes/hermes-agent/tui_gateway/entry.py", line 323, in main
    for raw in sys.stdin:
  File "/home/luffy/.hermes/hermes-agent/tui_gateway/entry.py", line 113, in _log_signal
    f.write("".join(traceback.format_stack(sys._current_frames().get(tid))))
  File "/home/luffy/.local/share/uv/python/cpython-3.11.15-linux-x86_64-gnu/lib/python3.11/traceback.py", line 214, in format_stack
    return format_list(extract_stack(f, limit=limit))
  File "/home/luffy/.local/share/uv/python/cpython-3.11.15-linux-x86_64-gnu/lib/python3.11/traceback.py", line 228, in extract_stack
    stack = StackSummary.extract(walk_stack(f), limit=limit)
  File "/home/luffy/.local/share/uv/python/cpython-3.11.15-linux-x86_64-gnu/lib/python3.11/traceback.py", line 390, in extract
    return klass._extract_from_extended_frame_gen(
  File "/home/luffy/.local/share/uv/python/cpython-3.11.15-linux-x86_64-gnu/lib/python3.11/traceback.py", line 433, in _extract_from_extended_frame_gen
    f.line
  File "/home/luffy/.local/share/uv/python/cpython-3.11.15-linux-x86_64-gnu/lib/python3.11/traceback.py", line 318, in line
    self._line = linecache.getline(self.filename, self.lineno)
  File "/home/luffy/.local/share/uv/python/cpython-3.11.15-linux-x86_64-gnu/lib/python3.11/linecache.py", line 30, in getline
    lines = getlines(filename, module_globals)
  File "/home/luffy/.local/share/uv/python/cpython-3.11.15-linux-x86_64-gnu/lib/python3.11/linecache.py", line 46, in getlines
    return updatecache(filename, module_globals)
  File "/home/luffy/.local/share/uv/python/cpython-3.11.15-linux-x86_64-gnu/lib/python3.11/linecache.py", line 137, in updatecache
    lines = fp.readlines()
  File "<frozen codecs>", line 319, in decode
  File "/home/luffy/.hermes/hermes-agent/tui_gateway/entry.py", line 113, in _log_signal
    f.write("".join(traceback.format_stack(sys._current_frames().get(tid))))

--- thread Thread-2 (_loop) (id=139650877413056) ---
  File "/home/luffy/.local/share/uv/python/cpython-3.11.15-linux-x86_64-gnu/lib/python3.11/threading.py", line 1002, in _bootstrap
    self._bootstrap_inner()
  File "/home/luffy/.local/share/uv/python/cpython-3.11.15-linux-x86_64-gnu/lib/python3.11/threading.py", line 1045, in _bootstrap_inner
    self.run()
  File "/home/luffy/.local/share/uv/python/cpython-3.11.15-linux-x86_64-gnu/lib/python3.11/threading.py", line 982, in run
    self._target(*self._args, **self._kwargs)
  File "/home/luffy/.hermes/hermes-agent/tui_gateway/server.py", line 825, in _loop
    time.sleep(_REAPER_SCAN_S)

--- thread tui-rpc_0 (id=139650885805760) ---
  File "/home/luffy/.local/share/uv/python/cpython-3.11.15-linux-x86_64-gnu/lib/python3.11/threading.py", line 1002, in _bootstrap
    self._bootstrap_inner()
  File "/home/luffy/.local/share/uv/python/cpython-3.11.15-linux-x86_64-gnu/lib/python3.11/threading.py", line 1045, in _bootstrap_inner
    self.run()
  File "/home/luffy/.local/share/uv/python/cpython-3.11.15-linux-x86_64-gnu/lib/python3.11/threading.py", line 982, in run
    self._target(*self._args, **self._kwargs)
  File "/home/luffy/.local/share/uv/python/cpython-3.11.15-linux-x86_64-gnu/lib/python3.11/concurrent/futures/thread.py", line 81, in _worker
    work_item = work_queue.get(block=True)

--- thread Thread-8 (_notification_poller_loop) (id=139650397750976) ---
  File "/home/luffy/.local/share/uv/python/cpython-3.11.15-linux-x86_64-gnu/lib/python3.11/threading.py", line 1002, in _bootstrap
    self._bootstrap_inner()
  File "/home/luffy/.local/share/uv/python/cpython-3.11.15-linux-x86_64-gnu/lib/python3.11/threading.py", line 1045, in _bootstrap_inner
    self.run()
  File "/home/luffy/.local/share/uv/python/cpython-3.11.15-linux-x86_64-gnu/lib/python3.11/threading.py", line 982, in run
    self._target(*self._args, **self._kwargs)
  File "/home/luffy/.hermes/hermes-agent/tui_gateway/server.py", line 8165, in _notification_poller_loop
    evt = process_registry.completion_queue.get(timeout=0.5)
  File "/home/luffy/.local/share/uv/python/cpython-3.11.15-linux-x86_64-gnu/lib/python3.11/queue.py", line 180, in get
    self.not_empty.wait(remaining)
  File "/home/luffy/.local/share/uv/python/cpython-3.11.15-linux-x86_64-gnu/lib/python3.11/threading.py", line 331, in wait
    gotit = waiter.acquire(True, timeout)
[tui-parent] 2026-06-27T08:28:27.995Z uncaughtException: Error: write EIO

=== SIGHUP received · 2026-06-27 13:58:27 ===
main-thread stack at signal delivery:
  File "<frozen runpy>", line 198, in _run_module_as_main
  File "<frozen runpy>", line 88, in _run_code
  File "/home/luffy/.hermes/hermes-agent/tui_gateway/entry.py", line 347, in <module>
    main()
  File "/home/luffy/.hermes/hermes-agent/tui_gateway/entry.py", line 323, in main
    for raw in sys.stdin:

--- thread MainThread (id=139650903328576) ---
  File "<frozen runpy>", line 198, in _run_module_as_main
  File "<frozen runpy>", line 88, in _run_code
  File "/home/luffy/.hermes/hermes-agent/tui_gateway/entry.py", line 347, in <module>
    main()
  File "/home/luffy/.hermes/hermes-agent/tui_gateway/entry.py", line 323, in main
    for raw in sys.stdin:
  File "/home/luffy/.hermes/hermes-agent/tui_gateway/entry.py", line 113, in _log_signal
    f.write("".join(traceback.format_stack(sys._current_frames().get(tid))))

--- thread Thread-2 (_loop) (id=139650877413056) ---
[tui-parent] 2026-06-27T08:28:28.006Z [lifecycle] GatewayClient.kill reason=graceful-exit-cleanup pid=441164 killed=true exitCode=null signal=null killResult=true
[tui-parent] 2026-06-27T08:28:28.013Z unhandledRejection: Error: EIO: i/o error, write
[tui-parent] 2026-06-27T08:28:28.039Z [lifecycle] child exit pid=441164 killed=true exitCode=null signal=SIGTERM code=null signal=SIGTERM
[tui-parent] 2026-06-27T08:28:28.040Z [lifecycle] transport exit code=null reason=none
[tui-parent] 2026-06-27T08:28:28.050Z [lifecycle] spawned gateway child pid=442203 killed=false exitCode=null signal=null python=/home/luffy/.hermes/hermes-agent/venv/bin/python3 cwd=/home/luffy

=== gateway exit · 2026-06-27 13:58:32 · reason=stdin EOF (TUI closed the command pipe) ===

=== unhandled exception · 2026-06-27 13:58:32 ===
Traceback (most recent call last):
  File "<frozen runpy>", line 198, in _run_module_as_main
  File "<frozen runpy>", line 88, in _run_code
  File "/home/luffy/.hermes/hermes-agent/tui_gateway/entry.py", line 347, in <module>
    main()
  File "/home/luffy/.hermes/hermes-agent/tui_gateway/entry.py", line 343, in main
    _log_exit("stdin EOF (TUI closed the command pipe)")
  File "/home/luffy/.hermes/hermes-agent/tui_gateway/entry.py", line 204, in _log_exit
    print(f"[gateway-exit] {reason}", file=sys.stderr, flush=True)
BrokenPipeError: [Errno 32] Broken pipe
[tui-parent] 2026-06-27T08:31:00.073Z [lifecycle] spawned gateway child pid=446482 killed=false exitCode=null signal=null python=/home/luffy/.hermes/hermes-agent/venv/bin/python3 cwd=/home/luffy
[tui-parent] 2026-06-27T09:10:19.037Z [lifecycle] GatewayClient.kill reason=app.die pid=446482 killed=true exitCode=null signal=null killResult=true

=== SIGTERM received · 2026-06-27 14:40:19 ===
main-thread stack at signal delivery:
  File "<frozen runpy>", line 198, in _run_module_as_main
  File "<frozen runpy>", line 88, in _run_code
  File "/home/luffy/.hermes/hermes-agent/tui_gateway/entry.py", line 347, in <module>
  File "/home/luffy/.hermes/hermes-agent/tui_gateway/entry.py", line 323, in main
    _log_exit("startup write failed (broken stdout pipe before first event)")

--- thread MainThread (id=140240587937600) ---
  File "<frozen runpy>", line 198, in _run_module_as_main
  File "<frozen runpy>", line 88, in _run_code
  File "/home/luffy/.hermes/hermes-agent/tui_gateway/entry.py", line 347, in <module>
  File "/home/luffy/.hermes/hermes-agent/tui_gateway/entry.py", line 323, in main
    _log_exit("startup write failed (broken stdout pipe before first event)")
  File "/home/luffy/.hermes/hermes-agent/tui_gateway/entry.py", line 113, in _log_signal
    f.write("".join(traceback.format_stack(sys._current_frames().get(tid))))

--- thread Thread-2 (_loop) (id=140240570345152) ---
  File "/home/luffy/.local/share/uv/python/cpython-3.11.15-linux-x86_64-gnu/lib/python3.11/threading.py", line 1002, in _bootstrap
    self._bootstrap_inner()
  File "/home/luffy/.local/share/uv/python/cpython-3.11.15-linux-x86_64-gnu/lib/python3.11/threading.py", line 1045, in _bootstrap_inner
    self.run()
  File "/home/luffy/.local/share/uv/python/cpython-3.11.15-linux-x86_64-gnu/lib/python3.11/threading.py", line 982, in run
    self._target(*self._args, **self._kwargs)
  File "/home/luffy/.hermes/hermes-agent/tui_gateway/server.py", line 825, in _loop
    time.sleep(_REAPER_SCAN_S)

--- thread tui-rpc_0 (id=140240561952448) ---
  File "/home/luffy/.local/share/uv/python/cpython-3.11.15-linux-x86_64-gnu/lib/python3.11/threading.py", line 1002, in _bootstrap
    self._bootstrap_inner()
  File "/home/luffy/.local/share/uv/python/cpython-3.11.15-linux-x86_64-gnu/lib/python3.11/threading.py", line 1045, in _bootstrap_inner
    self.run()
  File "/home/luffy/.local/share/uv/python/cpython-3.11.15-linux-x86_64-gnu/lib/python3.11/threading.py", line 982, in run
    self._target(*self._args, **self._kwargs)
  File "/home/luffy/.local/share/uv/python/cpython-3.11.15-linux-x86_64-gnu/lib/python3.11/concurrent/futures/thread.py", line 83, in _worker
    work_item.run()
  File "/home/luffy/.local/share/uv/python/cpython-3.11.15-linux-x86_64-gnu/lib/python3.11/concurrent/futures/thread.py", line 58, in run
    result = self.fn(*self.args, **self.kwargs)
  File "/home/luffy/.hermes/hermes-agent/tui_gateway/server.py", line 1112, in <lambda>
    _pool.submit(lambda: ctx.run(run))
  File "/home/luffy/.hermes/hermes-agent/tui_gateway/server.py", line 1106, in run
    resp = handle_request(req)
  File "/home/luffy/.hermes/hermes-agent/tui_gateway/server.py", line 1075, in handle_request
    return fn(rid, params)
  File "/home/luffy/.hermes/hermes-agent/tui_gateway/server.py", line 902, in wrapper
    return handler(rid, params)
  File "/home/luffy/.hermes/hermes-agent/tui_gateway/server.py", line 6367, in _
    cfg = load_config()
  File "/home/luffy/.hermes/hermes-agent/hermes_cli/config.py", line 5811, in load_config
    return _load_config_impl(want_deepcopy=True)
  File "/home/luffy/.hermes/hermes-agent/hermes_cli/config.py", line 5955, in _load_config_impl
    ensure_hermes_home()
  File "/home/luffy/.hermes/hermes-agent/hermes_cli/config.py", line 866, in ensure_hermes_home
    _ensure_default_soul_md(home)
  File "/home/luffy/.hermes/hermes-agent/hermes_cli/config.py", line 832, in _ensure_default_soul_md
    existing = soul_path.read_text(encoding="utf-8")
  File "/home/luffy/.local/share/uv/python/cpython-3.11.15-linux-x86_64-gnu/lib/python3.11/pathlib.py", line 1059, in read_text
    return f.read()

--- thread Thread-12 (_drain_stdout) (id=140240067548864) ---
  File "/home/luffy/.local/share/uv/python/cpython-3.11.15-linux-x86_64-gnu/lib/python3.11/threading.py", line 1002, in _bootstrap
    self._bootstrap_inner()
  File "/home/luffy/.local/share/uv/python/cpython-3.11.15-linux-x86_64-gnu/lib/python3.11/threading.py", line 1045, in _bootstrap_inner
    self.run()
  File "/home/luffy/.local/share/uv/python/cpython-3.11.15-linux-x86_64-gnu/lib/python3.11/threading.py", line 982, in run
    self._target(*self._args, **self._kwargs)
  File "/home/luffy/.hermes/hermes-agent/tui_gateway/server.py", line 283, in _drain_stdout
    for line in self.proc.stdout or []:

--- thread Thread-13 (_drain_stderr) (id=140240083015360) ---
  File "/home/luffy/.local/share/uv/python/cpython-3.11.15-linux-x86_64-gnu/lib/python3.11/threading.py", line 1002, in _bootstrap
    self._bootstrap_inner()
  File "/home/luffy/.local/share/uv/python/cpython-3.11.15-linux-x86_64-gnu/lib/python3.11/threading.py", line 1045, in _bootstrap_inner
    self.run()
  File "/home/luffy/.local/share/uv/python/cpython-3.11.15-linux-x86_64-gnu/lib/python3.11/threading.py", line 982, in run
    self._target(*self._args, **self._kwargs)
  File "/home/luffy/.hermes/hermes-agent/tui_gateway/server.py", line 291, in _drain_stderr
    for line in self.proc.stderr or []:

--- thread Thread-14 (_notification_poller_loop) (id=140240458970816) ---
  File "/home/luffy/.local/share/uv/python/cpython-3.11.15-linux-x86_64-gnu/lib/python3.11/threading.py", line 1002, in _bootstrap
    self._bootstrap_inner()
  File "/home/luffy/.local/share/uv/python/cpython-3.11.15-linux-x86_64-gnu/lib/python3.11/threading.py", line 1045, in _bootstrap_inner
    self.run()
  File "/home/luffy/.local/share/uv/python/cpython-3.11.15-linux-x86_64-gnu/lib/python3.11/threading.py", line 982, in run
    self._target(*self._args, **self._kwargs)
  File "/home/luffy/.hermes/hermes-agent/tui_gateway/server.py", line 8165, in _notification_poller_loop
    evt = process_registry.completion_queue.get(timeout=0.5)
  File "/home/luffy/.local/share/uv/python/cpython-3.11.15-linux-x86_64-gnu/lib/python3.11/queue.py", line 180, in get
    self.not_empty.wait(remaining)
  File "/home/luffy/.local/share/uv/python/cpython-3.11.15-linux-x86_64-gnu/lib/python3.11/threading.py", line 331, in wait
    gotit = waiter.acquire(True, timeout)

--- thread Thread-21 (_cleanup_thread_worker) (id=140240467363520) ---
  File "/home/luffy/.local/share/uv/python/cpython-3.11.15-linux-x86_64-gnu/lib/python3.11/threading.py", line 1002, in _bootstrap
    self._bootstrap_inner()
  File "/home/luffy/.local/share/uv/python/cpython-3.11.15-linux-x86_64-gnu/lib/python3.11/threading.py", line 1045, in _bootstrap_inner
    self.run()
  File "/home/luffy/.local/share/uv/python/cpython-3.11.15-linux-x86_64-gnu/lib/python3.11/threading.py", line 982, in run
    self._target(*self._args, **self._kwargs)
  File "/home/luffy/.hermes/hermes-agent/tools/terminal_tool.py", line 1574, in _cleanup_thread_worker
    time.sleep(1)

--- thread hermes-lsp-loop (id=140240050763456) ---
  File "/home/luffy/.local/share/uv/python/cpython-3.11.15-linux-x86_64-gnu/lib/python3.11/threading.py", line 1002, in _bootstrap
    self._bootstrap_inner()
  File "/home/luffy/.local/share/uv/python/cpython-3.11.15-linux-x86_64-gnu/lib/python3.11/threading.py", line 1045, in _bootstrap_inner
    self.run()
  File "/home/luffy/.local/share/uv/python/cpython-3.11.15-linux-x86_64-gnu/lib/python3.11/threading.py", line 982, in run
    self._target(*self._args, **self._kwargs)
  File "/home/luffy/.hermes/hermes-agent/agent/lsp/manager.py", line 93, in _run_forever
    loop.run_forever()
  File "/home/luffy/.local/share/uv/python/cpython-3.11.15-linux-x86_64-gnu/lib/python3.11/asyncio/base_events.py", line 608, in run_forever
    self._run_once()
  File "/home/luffy/.local/share/uv/python/cpython-3.11.15-linux-x86_64-gnu/lib/python3.11/asyncio/base_events.py", line 1898, in _run_once
    event_list = self._selector.select(timeout)
  File "/home/luffy/.local/share/uv/python/cpython-3.11.15-linux-x86_64-gnu/lib/python3.11/selectors.py", line 468, in select
    fd_event_list = self._selector.poll(timeout, max_ev)
[tui-parent] 2026-06-27T09:10:58.803Z [lifecycle] spawned gateway child pid=517154 killed=false exitCode=null signal=null python=/home/luffy/.hermes/hermes-agent/venv/bin/python3 cwd=/home/luffy
[tui-parent] 2026-06-27T09:11:23.972Z [lifecycle] GatewayClient.kill reason=app.die pid=517154 killed=true exitCode=null signal=null killResult=true

=== SIGTERM received · 2026-06-27 14:41:23 ===
main-thread stack at signal delivery:
  File "<frozen runpy>", line 198, in _run_module_as_main
  File "<frozen runpy>", line 88, in _run_code
  File "/home/luffy/.hermes/hermes-agent/tui_gateway/entry.py", line 350, in <module>
    main()
  File "/home/luffy/.hermes/hermes-agent/tui_gateway/entry.py", line 326, in main
    for raw in sys.stdin:

--- thread MainThread (id=139784191973184) ---
  File "<frozen runpy>", line 198, in _run_module_as_main
  File "<frozen runpy>", line 88, in _run_code
  File "/home/luffy/.hermes/hermes-agent/tui_gateway/entry.py", line 350, in <module>
    main()
  File "/home/luffy/.hermes/hermes-agent/tui_gateway/entry.py", line 326, in main
    for raw in sys.stdin:
  File "/home/luffy/.hermes/hermes-agent/tui_gateway/entry.py", line 113, in _log_signal
    f.write("".join(traceback.format_stack(sys._current_frames().get(tid))))

--- thread Thread-2 (_loop) (id=139784168089280) ---
  File "/home/luffy/.local/share/uv/python/cpython-3.11.15-linux-x86_64-gnu/lib/python3.11/threading.py", line 1002, in _bootstrap
    self._bootstrap_inner()
  File "/home/luffy/.local/share/uv/python/cpython-3.11.15-linux-x86_64-gnu/lib/python3.11/threading.py", line 1045, in _bootstrap_inner
    self.run()
  File "/home/luffy/.local/share/uv/python/cpython-3.11.15-linux-x86_64-gnu/lib/python3.11/threading.py", line 982, in run
    self._target(*self._args, **self._kwargs)
  File "/home/luffy/.hermes/hermes-agent/tui_gateway/server.py", line 825, in _loop
    time.sleep(_REAPER_SCAN_S)

--- thread tui-rpc_0 (id=139784159696576) ---
  File "/home/luffy/.local/share/uv/python/cpython-3.11.15-linux-x86_64-gnu/lib/python3.11/threading.py", line 1002, in _bootstrap
    self._bootstrap_inner()
  File "/home/luffy/.local/share/uv/python/cpython-3.11.15-linux-x86_64-gnu/lib/python3.11/threading.py", line 1045, in _bootstrap_inner
    self.run()
  File "/home/luffy/.local/share/uv/python/cpython-3.11.15-linux-x86_64-gnu/lib/python3.11/threading.py", line 982, in run
    self._target(*self._args, **self._kwargs)
  File "/home/luffy/.local/share/uv/python/cpython-3.11.15-linux-x86_64-gnu/lib/python3.11/concurrent/futures/thread.py", line 81, in _worker
    work_item = work_queue.get(block=True)

--- thread Thread-6 (_drain_stdout) (id=139784061183680) ---
  File "/home/luffy/.local/share/uv/python/cpython-3.11.15-linux-x86_64-gnu/lib/python3.11/threading.py", line 1002, in _bootstrap
    self._bootstrap_inner()
  File "/home/luffy/.local/share/uv/python/cpython-3.11.15-linux-x86_64-gnu/lib/python3.11/threading.py", line 1045, in _bootstrap_inner
    self.run()
  File "/home/luffy/.local/share/uv/python/cpython-3.11.15-linux-x86_64-gnu/lib/python3.11/threading.py", line 982, in run
    self._target(*self._args, **self._kwargs)
  File "/home/luffy/.hermes/hermes-agent/tui_gateway/server.py", line 283, in _drain_stdout
    for line in self.proc.stdout or []:

--- thread Thread-7 (_drain_stderr) (id=139784069576384) ---
  File "/home/luffy/.local/share/uv/python/cpython-3.11.15-linux-x86_64-gnu/lib/python3.11/threading.py", line 1002, in _bootstrap
    self._bootstrap_inner()
  File "/home/luffy/.local/share/uv/python/cpython-3.11.15-linux-x86_64-gnu/lib/python3.11/threading.py", line 1045, in _bootstrap_inner
    self.run()
  File "/home/luffy/.local/share/uv/python/cpython-3.11.15-linux-x86_64-gnu/lib/python3.11/threading.py", line 982, in run
    self._target(*self._args, **self._kwargs)
  File "/home/luffy/.hermes/hermes-agent/tui_gateway/server.py", line 291, in _drain_stderr
    for line in self.proc.stderr or []:

--- thread Thread-8 (_notification_poller_loop) (id=139783688214208) ---
  File "/home/luffy/.local/share/uv/python/cpython-3.11.15-linux-x86_64-gnu/lib/python3.11/threading.py", line 1002, in _bootstrap
    self._bootstrap_inner()
  File "/home/luffy/.local/share/uv/python/cpython-3.11.15-linux-x86_64-gnu/lib/python3.11/threading.py", line 1045, in _bootstrap_inner
    self.run()
  File "/home/luffy/.local/share/uv/python/cpython-3.11.15-linux-x86_64-gnu/lib/python3.11/threading.py", line 982, in run
    self._target(*self._args, **self._kwargs)
  File "/home/luffy/.hermes/hermes-agent/tui_gateway/server.py", line 8165, in _notification_poller_loop
    evt = process_registry.completion_queue.get(timeout=0.5)
  File "/home/luffy/.local/share/uv/python/cpython-3.11.15-linux-x86_64-gnu/lib/python3.11/queue.py", line 180, in get
    self.not_empty.wait(remaining)
  File "/home/luffy/.local/share/uv/python/cpython-3.11.15-linux-x86_64-gnu/lib/python3.11/threading.py", line 331, in wait
    gotit = waiter.acquire(True, timeout)
[tui-parent] 2026-06-27T09:11:31.410Z [lifecycle] spawned gateway child pid=518116 killed=false exitCode=null signal=null python=/home/luffy/.hermes/hermes-agent/venv/bin/python3 cwd=/home/luffy
[tui-parent] 2026-06-27T09:52:41.271Z [lifecycle] GatewayClient.kill reason=app.die pid=518116 killed=true exitCode=null signal=null killResult=true

=== SIGTERM received · 2026-06-27 15:22:41 ===
main-thread stack at signal delivery:
  File "<frozen runpy>", line 198, in _run_module_as_main
  File "<frozen runpy>", line 88, in _run_code
  File "/home/luffy/.hermes/hermes-agent/tui_gateway/entry.py", line 350, in <module>
    main()
  File "/home/luffy/.hermes/hermes-agent/tui_gateway/entry.py", line 326, in main
    for raw in sys.stdin:

--- thread MainThread (id=139680248760128) ---
  File "<frozen runpy>", line 198, in _run_module_as_main
  File "<frozen runpy>", line 88, in _run_code
  File "/home/luffy/.hermes/hermes-agent/tui_gateway/entry.py", line 350, in <module>
    main()
  File "/home/luffy/.hermes/hermes-agent/tui_gateway/entry.py", line 326, in main
    for raw in sys.stdin:
  File "/home/luffy/.hermes/hermes-agent/tui_gateway/entry.py", line 113, in _log_signal
    f.write("".join(traceback.format_stack(sys._current_frames().get(tid))))

--- thread Thread-2 (_loop) (id=139680231253696) ---
  File "/home/luffy/.local/share/uv/python/cpython-3.11.15-linux-x86_64-gnu/lib/python3.11/threading.py", line 1002, in _bootstrap
    self._bootstrap_inner()
  File "/home/luffy/.local/share/uv/python/cpython-3.11.15-linux-x86_64-gnu/lib/python3.11/threading.py", line 1045, in _bootstrap_inner
    self.run()
  File "/home/luffy/.local/share/uv/python/cpython-3.11.15-linux-x86_64-gnu/lib/python3.11/threading.py", line 982, in run
    self._target(*self._args, **self._kwargs)
  File "/home/luffy/.hermes/hermes-agent/tui_gateway/server.py", line 825, in _loop
    time.sleep(_REAPER_SCAN_S)

--- thread tui-rpc_0 (id=139680222860992) ---
  File "/home/luffy/.local/share/uv/python/cpython-3.11.15-linux-x86_64-gnu/lib/python3.11/threading.py", line 1002, in _bootstrap
    self._bootstrap_inner()
  File "/home/luffy/.local/share/uv/python/cpython-3.11.15-linux-x86_64-gnu/lib/python3.11/threading.py", line 1045, in _bootstrap_inner
    self.run()
  File "/home/luffy/.local/share/uv/python/cpython-3.11.15-linux-x86_64-gnu/lib/python3.11/threading.py", line 982, in run
    self._target(*self._args, **self._kwargs)
  File "/home/luffy/.local/share/uv/python/cpython-3.11.15-linux-x86_64-gnu/lib/python3.11/concurrent/futures/thread.py", line 81, in _worker
    work_item = work_queue.get(block=True)

--- thread Thread-44 (_cleanup_thread_worker) (id=139680121091776) ---
  File "/home/luffy/.local/share/uv/python/cpython-3.11.15-linux-x86_64-gnu/lib/python3.11/threading.py", line 1002, in _bootstrap
    self._bootstrap_inner()
  File "/home/luffy/.local/share/uv/python/cpython-3.11.15-linux-x86_64-gnu/lib/python3.11/threading.py", line 1045, in _bootstrap_inner
    self.run()
  File "/home/luffy/.local/share/uv/python/cpython-3.11.15-linux-x86_64-gnu/lib/python3.11/threading.py", line 982, in run
    self._target(*self._args, **self._kwargs)
  File "/home/luffy/.hermes/hermes-agent/tools/terminal_tool.py", line 1574, in _cleanup_thread_worker
    time.sleep(1)

--- thread Thread-73 (_drain_stdout) (id=139679728322240) ---
  File "/home/luffy/.local/share/uv/python/cpython-3.11.15-linux-x86_64-gnu/lib/python3.11/threading.py", line 1002, in _bootstrap
    self._bootstrap_inner()
  File "/home/luffy/.local/share/uv/python/cpython-3.11.15-linux-x86_64-gnu/lib/python3.11/threading.py", line 1045, in _bootstrap_inner
    self.run()
  File "/home/luffy/.local/share/uv/python/cpython-3.11.15-linux-x86_64-gnu/lib/python3.11/threading.py", line 982, in run
    self._target(*self._args, **self._kwargs)
  File "/home/luffy/.hermes/hermes-agent/tui_gateway/server.py", line 283, in _drain_stdout
    for line in self.proc.stdout or []:

--- thread Thread-74 (_drain_stderr) (id=139679743788736) ---
  File "/home/luffy/.local/share/uv/python/cpython-3.11.15-linux-x86_64-gnu/lib/python3.11/threading.py", line 1002, in _bootstrap
    self._bootstrap_inner()
  File "/home/luffy/.local/share/uv/python/cpython-3.11.15-linux-x86_64-gnu/lib/python3.11/threading.py", line 1045, in _bootstrap_inner
    self.run()
  File "/home/luffy/.local/share/uv/python/cpython-3.11.15-linux-x86_64-gnu/lib/python3.11/threading.py", line 982, in run
    self._target(*self._args, **self._kwargs)
  File "/home/luffy/.hermes/hermes-agent/tui_gateway/server.py", line 291, in _drain_stderr
    for line in self.proc.stderr or []:

--- thread Thread-75 (_notification_poller_loop) (id=139679640839872) ---
  File "/home/luffy/.local/share/uv/python/cpython-3.11.15-linux-x86_64-gnu/lib/python3.11/threading.py", line 1002, in _bootstrap
    self._bootstrap_inner()
  File "/home/luffy/.local/share/uv/python/cpython-3.11.15-linux-x86_64-gnu/lib/python3.11/threading.py", line 1045, in _bootstrap_inner
    self.run()
  File "/home/luffy/.local/share/uv/python/cpython-3.11.15-linux-x86_64-gnu/lib/python3.11/threading.py", line 982, in run
    self._target(*self._args, **self._kwargs)
  File "/home/luffy/.hermes/hermes-agent/tui_gateway/server.py", line 8165, in _notification_poller_loop
    evt = process_registry.completion_queue.get(timeout=0.5)
  File "/home/luffy/.local/share/uv/python/cpython-3.11.15-linux-x86_64-gnu/lib/python3.11/queue.py", line 180, in get
    self.not_empty.wait(remaining)
  File "/home/luffy/.local/share/uv/python/cpython-3.11.15-linux-x86_64-gnu/lib/python3.11/threading.py", line 331, in wait
    gotit = waiter.acquire(True, timeout)
[tui-parent] 2026-06-27T09:52:51.598Z [lifecycle] spawned gateway child pid=591157 killed=false exitCode=null signal=null python=/home/luffy/.hermes/hermes-agent/venv/bin/python3 cwd=/home/luffy
[tui-parent] 2026-06-27T10:00:59.124Z graceful-exit received signal=SIGHUP → killing gateway

=== SIGHUP received · 2026-06-27 15:30:59 ===
main-thread stack at signal delivery:
  File "<frozen runpy>", line 198, in _run_module_as_main
  File "<frozen runpy>", line 88, in _run_code
  File "/home/luffy/.hermes/hermes-agent/tui_gateway/entry.py", line 350, in <module>
    main()
  File "/home/luffy/.hermes/hermes-agent/tui_gateway/entry.py", line 326, in main
    for raw in sys.stdin:
  File "/home/luffy/.hermes/hermes-agent/tui_gateway/entry.py", line 113, in _log_signal
    f.write("".join(traceback.format_stack(sys._current_frames().get(tid))))
  File "/home/luffy/.local/share/uv/python/cpython-3.11.15-linux-x86_64-gnu/lib/python3.11/traceback.py", line 214, in format_stack
    return format_list(extract_stack(f, limit=limit))
  File "/home/luffy/.local/share/uv/python/cpython-3.11.15-linux-x86_64-gnu/lib/python3.11/traceback.py", line 228, in extract_stack
    stack = StackSummary.extract(walk_stack(f), limit=limit)
  File "/home/luffy/.local/share/uv/python/cpython-3.11.15-linux-x86_64-gnu/lib/python3.11/traceback.py", line 390, in extract
    return klass._extract_from_extended_frame_gen(
  File "/home/luffy/.local/share/uv/python/cpython-3.11.15-linux-x86_64-gnu/lib/python3.11/traceback.py", line 433, in _extract_from_extended_frame_gen
    f.line
  File "/home/luffy/.local/share/uv/python/cpython-3.11.15-linux-x86_64-gnu/lib/python3.11/traceback.py", line 318, in line
    self._line = linecache.getline(self.filename, self.lineno)
  File "/home/luffy/.local/share/uv/python/cpython-3.11.15-linux-x86_64-gnu/lib/python3.11/linecache.py", line 30, in getline
    lines = getlines(filename, module_globals)
  File "/home/luffy/.local/share/uv/python/cpython-3.11.15-linux-x86_64-gnu/lib/python3.11/linecache.py", line 46, in getlines
    return updatecache(filename, module_globals)
  File "/home/luffy/.local/share/uv/python/cpython-3.11.15-linux-x86_64-gnu/lib/python3.11/linecache.py", line 137, in updatecache
    lines = fp.readlines()
  File "<frozen codecs>", line 319, in decode

--- thread MainThread (id=139668390786880) ---
  File "<frozen runpy>", line 198, in _run_module_as_main
  File "<frozen runpy>", line 88, in _run_code
  File "/home/luffy/.hermes/hermes-agent/tui_gateway/entry.py", line 350, in <module>
    main()
  File "/home/luffy/.hermes/hermes-agent/tui_gateway/entry.py", line 326, in main
    for raw in sys.stdin:
  File "/home/luffy/.hermes/hermes-agent/tui_gateway/entry.py", line 113, in _log_signal
    f.write("".join(traceback.format_stack(sys._current_frames().get(tid))))
  File "/home/luffy/.local/share/uv/python/cpython-3.11.15-linux-x86_64-gnu/lib/python3.11/traceback.py", line 214, in format_stack
    return format_list(extract_stack(f, limit=limit))
  File "/home/luffy/.local/share/uv/python/cpython-3.11.15-linux-x86_64-gnu/lib/python3.11/traceback.py", line 228, in extract_stack
    stack = StackSummary.extract(walk_stack(f), limit=limit)
  File "/home/luffy/.local/share/uv/python/cpython-3.11.15-linux-x86_64-gnu/lib/python3.11/traceback.py", line 390, in extract
    return klass._extract_from_extended_frame_gen(
  File "/home/luffy/.local/share/uv/python/cpython-3.11.15-linux-x86_64-gnu/lib/python3.11/traceback.py", line 433, in _extract_from_extended_frame_gen
    f.line
  File "/home/luffy/.local/share/uv/python/cpython-3.11.15-linux-x86_64-gnu/lib/python3.11/traceback.py", line 318, in line
    self._line = linecache.getline(self.filename, self.lineno)
  File "/home/luffy/.local/share/uv/python/cpython-3.11.15-linux-x86_64-gnu/lib/python3.11/linecache.py", line 30, in getline
    lines = getlines(filename, module_globals)
  File "/home/luffy/.local/share/uv/python/cpython-3.11.15-linux-x86_64-gnu/lib/python3.11/linecache.py", line 46, in getlines
    return updatecache(filename, module_globals)
  File "/home/luffy/.local/share/uv/python/cpython-3.11.15-linux-x86_64-gnu/lib/python3.11/linecache.py", line 137, in updatecache
    lines = fp.readlines()
  File "<frozen codecs>", line 319, in decode
  File "/home/luffy/.hermes/hermes-agent/tui_gateway/entry.py", line 113, in _log_signal
    f.write("".join(traceback.format_stack(sys._current_frames().get(tid))))

--- thread Thread-2 (_loop) (id=139668364842688) ---
  File "/home/luffy/.local/share/uv/python/cpython-3.11.15-linux-x86_64-gnu/lib/python3.11/threading.py", line 1002, in _bootstrap
    self._bootstrap_inner()
  File "/home/luffy/.local/share/uv/python/cpython-3.11.15-linux-x86_64-gnu/lib/python3.11/threading.py", line 1045, in _bootstrap_inner
    self.run()
  File "/home/luffy/.local/share/uv/python/cpython-3.11.15-linux-x86_64-gnu/lib/python3.11/threading.py", line 982, in run
    self._target(*self._args, **self._kwargs)
  File "/home/luffy/.hermes/hermes-agent/tui_gateway/server.py", line 825, in _loop
    time.sleep(_REAPER_SCAN_S)

=== SIGHUP received · 2026-06-27 15:30:59 ===
main-thread stack at signal delivery:
  File "<frozen runpy>", line 198, in _run_module_as_main
  File "<frozen runpy>", line 88, in _run_code
  File "/home/luffy/.hermes/hermes-agent/tui_gateway/entry.py", line 350, in <module>
    main()
  File "/home/luffy/.hermes/hermes-agent/tui_gateway/entry.py", line 326, in main
    for raw in sys.stdin:

--- thread MainThread (id=139668390786880) ---
  File "<frozen runpy>", line 198, in _run_module_as_main
  File "<frozen runpy>", line 88, in _run_code
  File "/home/luffy/.hermes/hermes-agent/tui_gateway/entry.py", line 350, in <module>
    main()
  File "/home/luffy/.hermes/hermes-agent/tui_gateway/entry.py", line 326, in main
    for raw in sys.stdin:
  File "/home/luffy/.hermes/hermes-agent/tui_gateway/entry.py", line 113, in _log_signal
    f.write("".join(traceback.format_stack(sys._current_frames().get(tid))))

--- thread Thread-2 (_loop) (id=139668364842688) ---
[tui-parent] 2026-06-27T10:00:59.173Z uncaughtException: Error: write EIO
[tui-parent] 2026-06-27T10:00:59.182Z [lifecycle] GatewayClient.kill reason=graceful-exit-cleanup pid=591157 killed=true exitCode=null signal=null killResult=true
[tui-parent] 2026-06-27T10:00:59.191Z unhandledRejection: Error: EIO: i/o error, write
[tui-parent] 2026-06-27T10:00:59.226Z [lifecycle] child exit pid=591157 killed=true exitCode=null signal=SIGTERM code=null signal=SIGTERM
[tui-parent] 2026-06-27T10:00:59.227Z [lifecycle] transport exit code=null reason=none
[tui-parent] 2026-06-27T10:00:59.234Z [lifecycle] spawned gateway child pid=603968 killed=false exitCode=null signal=null python=/home/luffy/.hermes/hermes-agent/venv/bin/python3 cwd=/home/luffy

=== gateway exit · 2026-06-27 15:31:03 · reason=stdin EOF (TUI closed the command pipe) ===

=== unhandled exception · 2026-06-27 15:31:03 ===
Traceback (most recent call last):
  File "<frozen runpy>", line 198, in _run_module_as_main
  File "<frozen runpy>", line 88, in _run_code
  File "/home/luffy/.hermes/hermes-agent/tui_gateway/entry.py", line 350, in <module>
    main()
  File "/home/luffy/.hermes/hermes-agent/tui_gateway/entry.py", line 346, in main
    _log_exit("stdin EOF (TUI closed the command pipe)")
  File "/home/luffy/.hermes/hermes-agent/tui_gateway/entry.py", line 204, in _log_exit
    print(f"[gateway-exit] {reason}", file=sys.stderr, flush=True)
BrokenPipeError: [Errno 32] Broken pipe
[tui-parent] 2026-06-27T10:27:37.402Z [lifecycle] spawned gateway child pid=649240 killed=false exitCode=null signal=null python=/home/luffy/.hermes/hermes-agent/venv/bin/python3 cwd=/home/luffy
[tui-parent] 2026-06-27T10:43:54.462Z uncaughtException: Error: write EIO
[tui-parent] 2026-06-27T10:43:54.476Z graceful-exit received signal=SIGHUP → killing gateway

=== SIGHUP received · 2026-06-27 16:13:54 ===
main-thread stack at signal delivery:
  File "<frozen runpy>", line 198, in _run_module_as_main
  File "<frozen runpy>", line 88, in _run_code
  File "/home/luffy/.hermes/hermes-agent/tui_gateway/entry.py", line 350, in <module>
    main()
  File "/home/luffy/.hermes/hermes-agent/tui_gateway/entry.py", line 326, in main
    for raw in sys.stdin:

--- thread MainThread (id=139923883435840) ---
  File "<frozen runpy>", line 198, in _run_module_as_main
  File "<frozen runpy>", line 88, in _run_code
  File "/home/luffy/.hermes/hermes-agent/tui_gateway/entry.py", line 350, in <module>
    main()
  File "/home/luffy/.hermes/hermes-agent/tui_gateway/entry.py", line 326, in main
    for raw in sys.stdin:
  File "/home/luffy/.hermes/hermes-agent/tui_gateway/entry.py", line 113, in _log_signal
    f.write("".join(traceback.format_stack(sys._current_frames().get(tid))))

--- thread Thread-2 (_loop) (id=139923865933504) ---
  File "/home/luffy/.local/share/uv/python/cpython-3.11.15-linux-x86_64-gnu/lib/python3.11/threading.py", line 1002, in _bootstrap
    self._bootstrap_inner()
  File "/home/luffy/.local/share/uv/python/cpython-3.11.15-linux-x86_64-gnu/lib/python3.11/threading.py", line 1045, in _bootstrap_inner
    self.run()
  File "/home/luffy/.local/share/uv/python/cpython-3.11.15-linux-x86_64-gnu/lib/python3.11/threading.py", line 982, in run
    self._target(*self._args, **self._kwargs)
  File "/home/luffy/.hermes/hermes-agent/tui_gateway/server.py", line 825, in _loop
    time.sleep(_REAPER_SCAN_S)
[tui-parent] 2026-06-27T10:43:54.480Z uncaughtException: Error: write EIO
[tui-parent] 2026-06-27T10:43:54.482Z [lifecycle] GatewayClient.kill reason=graceful-exit-cleanup pid=649240 killed=true exitCode=null signal=null killResult=true
[tui-parent] 2026-06-27T10:43:54.498Z unhandledRejection: Error: EIO: i/o error, write

=== SIGHUP received · 2026-06-27 16:13:54 ===
main-thread stack at signal delivery:
  File "<frozen runpy>", line 198, in _run_module_as_main
  File "<frozen runpy>", line 88, in _run_code
  File "/home/luffy/.hermes/hermes-agent/tui_gateway/entry.py", line 350, in <module>
    main()
  File "/home/luffy/.hermes/hermes-agent/tui_gateway/entry.py", line 326, in main
    for raw in sys.stdin:
  File "/home/luffy/.hermes/hermes-agent/tui_gateway/entry.py", line 141, in _log_signal
    _shutdown_sessions()
  File "/home/luffy/.hermes/hermes-agent/tui_gateway/server.py", line 705, in _shutdown_sessions
    _close_session_by_id(sid, end_reason="tui_shutdown")
  File "/home/luffy/.hermes/hermes-agent/tui_gateway/server.py", line 615, in _close_session_by_id
    _teardown_session(session, end_reason=end_reason)
  File "/home/luffy/.hermes/hermes-agent/tui_gateway/server.py", line 574, in _teardown_session
    _finalize_session(session, end_reason=end_reason)
  File "/home/luffy/.hermes/hermes-agent/tui_gateway/server.py", line 542, in _finalize_session
    db.end_session(session_id, end_reason)
  File "/home/luffy/.hermes/hermes-agent/hermes_state.py", line 1479, in end_session
    self._execute_write(_do)
  File "/home/luffy/.hermes/hermes-agent/hermes_state.py", line 1030, in _execute_write
    self._conn.commit()
  File "/home/luffy/.hermes/hermes-agent/tui_gateway/entry.py", line 107, in _log_signal
    traceback.print_stack(frame, file=f)
  File "/home/luffy/.local/share/uv/python/cpython-3.11.15-linux-x86_64-gnu/lib/python3.11/traceback.py", line 207, in print_stack
    print_list(extract_stack(f, limit=limit), file=file)
  File "/home/luffy/.local/share/uv/python/cpython-3.11.15-linux-x86_64-gnu/lib/python3.11/traceback.py", line 228, in extract_stack
    stack = StackSummary.extract(walk_stack(f), limit=limit)
  File "/home/luffy/.local/share/uv/python/cpython-3.11.15-linux-x86_64-gnu/lib/python3.11/traceback.py", line 390, in extract
    return klass._extract_from_extended_frame_gen(
  File "/home/luffy/.local/share/uv/python/cpython-3.11.15-linux-x86_64-gnu/lib/python3.11/traceback.py", line 433, in _extract_from_extended_frame_gen
    f.line
  File "/home/luffy/.local/share/uv/python/cpython-3.11.15-linux-x86_64-gnu/lib/python3.11/traceback.py", line 318, in line
    self._line = linecache.getline(self.filename, self.lineno)
  File "/home/luffy/.local/share/uv/python/cpython-3.11.15-linux-x86_64-gnu/lib/python3.11/linecache.py", line 30, in getline
    lines = getlines(filename, module_globals)
  File "/home/luffy/.local/share/uv/python/cpython-3.11.15-linux-x86_64-gnu/lib/python3.11/linecache.py", line 46, in getlines
    return updatecache(filename, module_globals)
  File "/home/luffy/.local/share/uv/python/cpython-3.11.15-linux-x86_64-gnu/lib/python3.11/linecache.py", line 137, in updatecache
    lines = fp.readlines()
  File "<frozen codecs>", line 319, in decode

--- thread MainThread (id=139923883435840) ---
  File "<frozen runpy>", line 198, in _run_module_as_main
  File "<frozen runpy>", line 88, in _run_code
  File "/home/luffy/.hermes/hermes-agent/tui_gateway/entry.py", line 350, in <module>
    main()
  File "/home/luffy/.hermes/hermes-agent/tui_gateway/entry.py", line 326, in main
    for raw in sys.stdin:
  File "/home/luffy/.hermes/hermes-agent/tui_gateway/entry.py", line 141, in _log_signal
    _shutdown_sessions()
  File "/home/luffy/.hermes/hermes-agent/tui_gateway/server.py", line 705, in _shutdown_sessions
    _close_session_by_id(sid, end_reason="tui_shutdown")
  File "/home/luffy/.hermes/hermes-agent/tui_gateway/server.py", line 615, in _close_session_by_id
    _teardown_session(session, end_reason=end_reason)
  File "/home/luffy/.hermes/hermes-agent/tui_gateway/server.py", line 574, in _teardown_session
    _finalize_session(session, end_reason=end_reason)
  File "/home/luffy/.hermes/hermes-agent/tui_gateway/server.py", line 542, in _finalize_session
    db.end_session(session_id, end_reason)
  File "/home/luffy/.hermes/hermes-agent/hermes_state.py", line 1479, in end_session
    self._execute_write(_do)
  File "/home/luffy/.hermes/hermes-agent/hermes_state.py", line 1030, in _execute_write
    self._conn.commit()
  File "/home/luffy/.hermes/hermes-agent/tui_gateway/entry.py", line 107, in _log_signal
    traceback.print_stack(frame, file=f)
  File "/home/luffy/.local/share/uv/python/cpython-3.11.15-linux-x86_64-gnu/lib/python3.11/traceback.py", line 207, in print_stack
    print_list(extract_stack(f, limit=limit), file=file)
  File "/home/luffy/.local/share/uv/python/cpython-3.11.15-linux-x86_64-gnu/lib/python3.11/traceback.py", line 228, in extract_stack
    stack = StackSummary.extract(walk_stack(f), limit=limit)
  File "/home/luffy/.local/share/uv/python/cpython-3.11.15-linux-x86_64-gnu/lib/python3.11/traceback.py", line 390, in extract
    return klass._extract_from_extended_frame_gen(
  File "/home/luffy/.local/share/uv/python/cpython-3.11.15-linux-x86_64-gnu/lib/python3.11/traceback.py", line 433, in _extract_from_extended_frame_gen
    f.line
  File "/home/luffy/.local/share/uv/python/cpython-3.11.15-linux-x86_64-gnu/lib/python3.11/traceback.py", line 318, in line
    self._line = linecache.getline(self.filename, self.lineno)
  File "/home/luffy/.local/share/uv/python/cpython-3.11.15-linux-x86_64-gnu/lib/python3.11/linecache.py", line 30, in getline
    lines = getlines(filename, module_globals)
  File "/home/luffy/.local/share/uv/python/cpython-3.11.15-linux-x86_64-gnu/lib/python3.11/linecache.py", line 46, in getlines
    return updatecache(filename, module_globals)
  File "/home/luffy/.local/share/uv/python/cpython-3.11.15-linux-x86_64-gnu/lib/python3.11/linecache.py", line 137, in updatecache
    lines = fp.readlines()
  File "<frozen codecs>", line 319, in decode
  File "/home/luffy/.hermes/hermes-agent/tui_gateway/entry.py", line 113, in _log_signal
    f.write("".join(traceback.format_stack(sys._current_frames().get(tid))))

--- thread Thread-2 (_loop) (id=139923865933504) ---
  File "/home/luffy/.local/share/uv/python/cpython-3.11.15-linux-x86_64-gnu/lib/python3.11/threading.py", line 1002, in _bootstrap
    self._bootstrap_inner()
  File "/home/luffy/.local/share/uv/python/cpython-3.11.15-linux-x86_64-gnu/lib/python3.11/threading.py", line 1045, in _bootstrap_inner
    self.run()
  File "/home/luffy/.local/share/uv/python/cpython-3.11.15-linux-x86_64-gnu/lib/python3.11/threading.py", line 982, in run
    self._target(*self._args, **self._kwargs)
  File "/home/luffy/.hermes/hermes-agent/tui_gateway/server.py", line 825, in _loop
    time.sleep(_REAPER_SCAN_S)

--- thread tui-rpc_0 (id=139923857540800) ---
  File "/home/luffy/.local/share/uv/python/cpython-3.11.15-linux-x86_64-gnu/lib/python3.11/threading.py", line 1002, in _bootstrap
    self._bootstrap_inner()
  File "/home/luffy/.local/share/uv/python/cpython-3.11.15-linux-x86_64-gnu/lib/python3.11/threading.py", line 1045, in _bootstrap_inner
    self.run()
  File "/home/luffy/.local/share/uv/python/cpython-3.11.15-linux-x86_64-gnu/lib/python3.11/threading.py", line 982, in run
    self._target(*self._args, **self._kwargs)
  File "/home/luffy/.local/share/uv/python/cpython-3.11.15-linux-x86_64-gnu/lib/python3.11/concurrent/futures/thread.py", line 81, in _worker
    work_item = work_queue.get(block=True)

--- thread Thread-27 (_cleanup_thread_worker) (id=139923362993856) ---
  File "/home/luffy/.local/share/uv/python/cpython-3.11.15-linux-x86_64-gnu/lib/python3.11/threading.py", line 1002, in _bootstrap
    self._bootstrap_inner()
  File "/home/luffy/.local/share/uv/python/cpython-3.11.15-linux-x86_64-gnu/lib/python3.11/threading.py", line 1045, in _bootstrap_inner
    self.run()
  File "/home/luffy/.local/share/uv/python/cpython-3.11.15-linux-x86_64-gnu/lib/python3.11/threading.py", line 982, in run
    self._target(*self._args, **self._kwargs)
  File "/home/luffy/.hermes/hermes-agent/tools/terminal_tool.py", line 1574, in _cleanup_thread_worker
    time.sleep(1)

--- thread Thread-59 (id=139923821721280) ---
  File "/home/luffy/.local/share/uv/python/cpython-3.11.15-linux-x86_64-gnu/lib/python3.11/threading.py", line 1002, in _bootstrap
    self._bootstrap_inner()
  File "/home/luffy/.local/share/uv/python/cpython-3.11.15-linux-x86_64-gnu/lib/python3.11/threading.py", line 1045, in _bootstrap_inner
    self.run()
  File "/home/luffy/.local/share/uv/python/cpython-3.11.15-linux-x86_64-gnu/lib/python3.11/threading.py", line 1399, in run
    self.finished.wait(self.interval)
  File "/home/luffy/.local/share/uv/python/cpython-3.11.15-linux-x86_64-gnu/lib/python3.11/threading.py", line 629, in wait
    signaled = self._cond.wait(timeout)
  File "/home/luffy/.local/share/uv/python/cpython-3.11.15-linux-x86_64-gnu/lib/python3.11/threading.py", line 331, in wait
    gotit = waiter.acquire(True, timeout)

=== SIGTERM received · 2026-06-27 16:13:54 ===
main-thread stack at signal delivery:
[tui-parent] 2026-06-27T10:43:55.099Z [lifecycle] spawned gateway child pid=678906 killed=false exitCode=null signal=null python=/home/luffy/.hermes/hermes-agent/venv/bin/python3 cwd=/home/luffy

=== gateway exit · 2026-06-27 16:13:58 · reason=stdin EOF (TUI closed the command pipe) ===

=== unhandled exception · 2026-06-27 16:13:58 ===
Traceback (most recent call last):
  File "<frozen runpy>", line 198, in _run_module_as_main
  File "<frozen runpy>", line 88, in _run_code
  File "/home/luffy/.hermes/hermes-agent/tui_gateway/entry.py", line 350, in <module>
    main()
  File "/home/luffy/.hermes/hermes-agent/tui_gateway/entry.py", line 346, in main
    _log_exit("stdin EOF (TUI closed the command pipe)")
  File "/home/luffy/.hermes/hermes-agent/tui_gateway/entry.py", line 204, in _log_exit
    print(f"[gateway-exit] {reason}", file=sys.stderr, flush=True)
BrokenPipeError: [Errno 32] Broken pipe
[tui-parent] 2026-06-27T14:03:24.407Z [lifecycle] spawned gateway child pid=41726 killed=false exitCode=null signal=null python=/home/luffy/.hermes/hermes-agent/venv/bin/python3 cwd=/home/luffy/Desktop/chatApplication/backend
[tui-parent] 2026-06-27T15:15:24.524Z graceful-exit received signal=SIGHUP → killing gateway

=== SIGHUP received · 2026-06-27 20:45:24 ===
main-thread stack at signal delivery:
  File "<frozen runpy>", line 198, in _run_module_as_main
  File "<frozen runpy>", line 88, in _run_code
  File "/home/luffy/.hermes/hermes-agent/tui_gateway/entry.py", line 350, in <module>
    main()
  File "/home/luffy/.hermes/hermes-agent/tui_gateway/entry.py", line 326, in main
    for raw in sys.stdin:
  File "/home/luffy/.hermes/hermes-agent/tui_gateway/entry.py", line 113, in _log_signal
    f.write("".join(traceback.format_stack(sys._current_frames().get(tid))))
  File "/home/luffy/.local/share/uv/python/cpython-3.11.15-linux-x86_64-gnu/lib/python3.11/traceback.py", line 214, in format_stack
    return format_list(extract_stack(f, limit=limit))
  File "/home/luffy/.local/share/uv/python/cpython-3.11.15-linux-x86_64-gnu/lib/python3.11/traceback.py", line 228, in extract_stack
    stack = StackSummary.extract(walk_stack(f), limit=limit)
  File "/home/luffy/.local/share/uv/python/cpython-3.11.15-linux-x86_64-gnu/lib/python3.11/traceback.py", line 390, in extract
    return klass._extract_from_extended_frame_gen(
  File "/home/luffy/.local/share/uv/python/cpython-3.11.15-linux-x86_64-gnu/lib/python3.11/traceback.py", line 433, in _extract_from_extended_frame_gen
    f.line
  File "/home/luffy/.local/share/uv/python/cpython-3.11.15-linux-x86_64-gnu/lib/python3.11/traceback.py", line 318, in line
    self._line = linecache.getline(self.filename, self.lineno)
  File "/home/luffy/.local/share/uv/python/cpython-3.11.15-linux-x86_64-gnu/lib/python3.11/linecache.py", line 30, in getline
    lines = getlines(filename, module_globals)
  File "/home/luffy/.local/share/uv/python/cpython-3.11.15-linux-x86_64-gnu/lib/python3.11/linecache.py", line 46, in getlines
    return updatecache(filename, module_globals)
  File "/home/luffy/.local/share/uv/python/cpython-3.11.15-linux-x86_64-gnu/lib/python3.11/linecache.py", line 137, in updatecache
    lines = fp.readlines()
  File "<frozen codecs>", line 322, in decode

--- thread MainThread (id=139681841825600) ---
  File "<frozen runpy>", line 198, in _run_module_as_main
  File "<frozen runpy>", line 88, in _run_code
  File "/home/luffy/.hermes/hermes-agent/tui_gateway/entry.py", line 350, in <module>
    main()
  File "/home/luffy/.hermes/hermes-agent/tui_gateway/entry.py", line 326, in main
    for raw in sys.stdin:
  File "/home/luffy/.hermes/hermes-agent/tui_gateway/entry.py", line 113, in _log_signal
    f.write("".join(traceback.format_stack(sys._current_frames().get(tid))))
  File "/home/luffy/.local/share/uv/python/cpython-3.11.15-linux-x86_64-gnu/lib/python3.11/traceback.py", line 214, in format_stack
    return format_list(extract_stack(f, limit=limit))
  File "/home/luffy/.local/share/uv/python/cpython-3.11.15-linux-x86_64-gnu/lib/python3.11/traceback.py", line 228, in extract_stack
    stack = StackSummary.extract(walk_stack(f), limit=limit)
  File "/home/luffy/.local/share/uv/python/cpython-3.11.15-linux-x86_64-gnu/lib/python3.11/traceback.py", line 390, in extract
    return klass._extract_from_extended_frame_gen(
  File "/home/luffy/.local/share/uv/python/cpython-3.11.15-linux-x86_64-gnu/lib/python3.11/traceback.py", line 433, in _extract_from_extended_frame_gen
    f.line
  File "/home/luffy/.local/share/uv/python/cpython-3.11.15-linux-x86_64-gnu/lib/python3.11/traceback.py", line 318, in line
    self._line = linecache.getline(self.filename, self.lineno)
  File "/home/luffy/.local/share/uv/python/cpython-3.11.15-linux-x86_64-gnu/lib/python3.11/linecache.py", line 30, in getline
    lines = getlines(filename, module_globals)
  File "/home/luffy/.local/share/uv/python/cpython-3.11.15-linux-x86_64-gnu/lib/python3.11/linecache.py", line 46, in getlines
    return updatecache(filename, module_globals)
  File "/home/luffy/.local/share/uv/python/cpython-3.11.15-linux-x86_64-gnu/lib/python3.11/linecache.py", line 137, in updatecache
    lines = fp.readlines()
  File "<frozen codecs>", line 322, in decode
  File "/home/luffy/.hermes/hermes-agent/tui_gateway/entry.py", line 113, in _log_signal
    f.write("".join(traceback.format_stack(sys._current_frames().get(tid))))

--- thread Thread-2 (_loop) (id=139681824184000) ---
  File "/home/luffy/.local/share/uv/python/cpython-3.11.15-linux-x86_64-gnu/lib/python3.11/threading.py", line 1002, in _bootstrap
    self._bootstrap_inner()
  File "/home/luffy/.local/share/uv/python/cpython-3.11.15-linux-x86_64-gnu/lib/python3.11/threading.py", line 1045, in _bootstrap_inner
    self.run()
  File "/home/luffy/.local/share/uv/python/cpython-3.11.15-linux-x86_64-gnu/lib/python3.11/threading.py", line 982, in run
    self._target(*self._args, **self._kwargs)
  File "/home/luffy/.hermes/hermes-agent/tui_gateway/server.py", line 825, in _loop
    time.sleep(_REAPER_SCAN_S)

--- thread tui-rpc_0 (id=139681815791296) ---
  File "/home/luffy/.local/share/uv/python/cpython-3.11.15-linux-x86_64-gnu/lib/python3.11/threading.py", line 1002, in _bootstrap
    self._bootstrap_inner()
  File "/home/luffy/.local/share/uv/python/cpython-3.11.15-linux-x86_64-gnu/lib/python3.11/threading.py", line 1045, in _bootstrap_inner
    self.run()
  File "/home/luffy/.local/share/uv/python/cpython-3.11.15-linux-x86_64-gnu/lib/python3.11/threading.py", line 982, in run
    self._target(*self._args, **self._kwargs)
  File "/home/luffy/.local/share/uv/python/cpython-3.11.15-linux-x86_64-gnu/lib/python3.11/concurrent/futures/thread.py", line 81, in _worker
    work_item = work_queue.get(block=True)

--- thread Thread-32 (_notification_poller_loop) (id=139681721218752) ---
  File "/home/luffy/.local/share/uv/python/cpython-3.11.15-linux-x86_64-gnu/lib/python3.11/threading.py", line 1002, in _bootstrap
    self._bootstrap_inner()
  File "/home/luffy/.local/share/uv/python/cpython-3.11.15-linux-x86_64-gnu/lib/python3.11/threading.py", line 1045, in _bootstrap_inner
    self.run()
  File "/home/luffy/.local/share/uv/python/cpython-3.11.15-linux-x86_64-gnu/lib/python3.11/threading.py", line 982, in run
    self._target(*self._args, **self._kwargs)
  File "/home/luffy/.hermes/hermes-agent/tui_gateway/server.py", line 8165, in _notification_poller_loop
    evt = process_registry.completion_queue.get(timeout=0.5)
  File "/home/luffy/.local/share/uv/python/cpython-3.11.15-linux-x86_64-gnu/lib/python3.11/queue.py", line 180, in get
    self.not_empty.wait(remaining)
  File "/home/luffy/.local/share/uv/python/cpython-3.11.15-linux-x86_64-gnu/lib/python3.11/threading.py", line 331, in wait
    gotit = waiter.acquire(True, timeout)

--- thread Thread-37 (_cleanup_thread_worker) (id=139681335662272) ---
  File "/home/luffy/.local/share/uv/python/cpython-3.11.15-linux-x86_64-gnu/lib/python3.11/threading.py", line 1002, in _bootstrap
    self._bootstrap_inner()
  File "/home/luffy/.local/share/uv/python/cpython-3.11.15-linux-x86_64-gnu/lib/python3.11/threading.py", line 1045, in _bootstrap_inner
    self.run()
  File "/home/luffy/.local/share/uv/python/cpython-3.11.15-linux-x86_64-gnu/lib/python3.11/threading.py", line 982, in run
    self._target(*self._args, **self._kwargs)
  File "/home/luffy/.hermes/hermes-agent/tools/terminal_tool.py", line 1574, in _cleanup_thread_worker
    time.sleep(1)

--- thread tui-rpc_1 (id=139681286629056) ---
  File "/home/luffy/.local/share/uv/python/cpython-3.11.15-linux-x86_64-gnu/lib/python3.11/threading.py", line 1002, in _bootstrap
    self._bootstrap_inner()
  File "/home/luffy/.local/share/uv/python/cpython-3.11.15-linux-x86_64-gnu/lib/python3.11/threading.py", line 1045, in _bootstrap_inner
    self.run()
  File "/home/luffy/.local/share/uv/python/cpython-3.11.15-linux-x86_64-gnu/lib/python3.11/threading.py", line 982, in run
    self._target(*self._args, **self._kwargs)
  File "/home/luffy/.local/share/uv/python/cpython-3.11.15-linux-x86_64-gnu/lib/python3.11/concurrent/futures/thread.py", line 81, in _worker
    work_item = work_queue.get(block=True)

=== SIGHUP received · 2026-06-27 20:45:24 ===
main-thread stack at signal delivery:
  File "<frozen runpy>", line 198, in _run_module_as_main
  File "<frozen runpy>", line 88, in _run_code
  File "/home/luffy/.hermes/hermes-agent/tui_gateway/entry.py", line 350, in <module>
    main()
  File "/home/luffy/.hermes/hermes-agent/tui_gateway/entry.py", line 326, in main
    for raw in sys.stdin:

--- thread MainThread (id=139681841825600) ---
  File "<frozen runpy>", line 198, in _run_module_as_main
  File "<frozen runpy>", line 88, in _run_code
  File "/home/luffy/.hermes/hermes-agent/tui_gateway/entry.py", line 350, in <module>
    main()
  File "/home/luffy/.hermes/hermes-agent/tui_gateway/entry.py", line 326, in main
    for raw in sys.stdin:
  File "/home/luffy/.hermes/hermes-agent/tui_gateway/entry.py", line 113, in _log_signal
    f.write("".join(traceback.format_stack(sys._current_frames().get(tid))))

--- thread Thread-2 (_loop) (id=139681824184000) ---
[tui-parent] 2026-06-27T15:15:24.577Z uncaughtException: Error: write EIO
[tui-parent] 2026-06-27T15:15:24.588Z [lifecycle] GatewayClient.kill reason=graceful-exit-cleanup pid=41726 killed=true exitCode=null signal=null killResult=true

=== SIGTERM received · 2026-06-27 20:45:24 ===
main-thread stack at signal delivery:
  File "/home/luffy/.hermes/hermes-agent/tools/terminal_tool.py", line 1722, in _atexit_cleanup
    _stop_cleanup_thread()
  File "/home/luffy/.hermes/hermes-agent/tools/terminal_tool.py", line 1594, in _stop_cleanup_thread
    _cleanup_thread.join(timeout=5)
  File "/home/luffy/.local/share/uv/python/cpython-3.11.15-linux-x86_64-gnu/lib/python3.11/threading.py", line 1123, in join
    self._wait_for_tstate_lock(timeout=max(timeout, 0))
  File "/home/luffy/.local/share/uv/python/cpython-3.11.15-linux-x86_64-gnu/lib/python3.11/threading.py", line 1139, in _wait_for_tstate_lock
    if lock.acquire(block, timeout):

--- thread MainThread (id=139681841825600) ---
  File "/home/luffy/.hermes/hermes-agent/tools/terminal_tool.py", line 1722, in _atexit_cleanup
    _stop_cleanup_thread()
  File "/home/luffy/.hermes/hermes-agent/tools/terminal_tool.py", line 1594, in _stop_cleanup_thread
    _cleanup_thread.join(timeout=5)
  File "/home/luffy/.local/share/uv/python/cpython-3.11.15-linux-x86_64-gnu/lib/python3.11/threading.py", line 1123, in join
    self._wait_for_tstate_lock(timeout=max(timeout, 0))
  File "/home/luffy/.local/share/uv/python/cpython-3.11.15-linux-x86_64-gnu/lib/python3.11/threading.py", line 1139, in _wait_for_tstate_lock
    if lock.acquire(block, timeout):
  File "/home/luffy/.hermes/hermes-agent/tui_gateway/entry.py", line 113, in _log_signal
    f.write("".join(traceback.format_stack(sys._current_frames().get(tid))))

--- thread Thread-2 (_loop) (id=139681824184000) ---
  File "/home/luffy/.local/share/uv/python/cpython-3.11.15-linux-x86_64-gnu/lib/python3.11/threading.py", line 1002, in _bootstrap
    self._bootstrap_inner()
  File "/home/luffy/.local/share/uv/python/cpython-3.11.15-linux-x86_64-gnu/lib/python3.11/threading.py", line 1045, in _bootstrap_inner
    self.run()
  File "/home/luffy/.local/share/uv/python/cpython-3.11.15-linux-x86_64-gnu/lib/python3.11/threading.py", line 982, in run
    self._target(*self._args, **self._kwargs)
  File "/home/luffy/.hermes/hermes-agent/tui_gateway/server.py", line 825, in _loop
    time.sleep(_REAPER_SCAN_S)

--- thread Thread-32 (_notification_poller_loop) (id=139681721218752) ---
  File "/home/luffy/.local/share/uv/python/cpython-3.11.15-linux-x86_64-gnu/lib/python3.11/threading.py", line 1002, in _bootstrap
    self._bootstrap_inner()
  File "/home/luffy/.local/share/uv/python/cpython-3.11.15-linux-x86_64-gnu/lib/python3.11/threading.py", line 1045, in _bootstrap_inner
    self.run()
  File "/home/luffy/.local/share/uv/python/cpython-3.11.15-linux-x86_64-gnu/lib/python3.11/threading.py", line 982, in run
    self._target(*self._args, **self._kwargs)
  File "/home/luffy/.hermes/hermes-agent/tui_gateway/server.py", line 8165, in _notification_poller_loop
    evt = process_registry.completion_queue.get(timeout=0.5)
  File "/home/luffy/.local/share/uv/python/cpython-3.11.15-linux-x86_64-gnu/lib/python3.11/queue.py", line 180, in get
    self.not_empty.wait(remaining)
  File "/home/luffy/.local/share/uv/python/cpython-3.11.15-linux-x86_64-gnu/lib/python3.11/threading.py", line 331, in wait
    gotit = waiter.acquire(True, timeout)

--- thread Thread-37 (_cleanup_thread_worker) (id=139681335662272) ---
  File "/home/luffy/.local/share/uv/python/cpython-3.11.15-linux-x86_64-gnu/lib/python3.11/threading.py", line 1002, in _bootstrap
    self._bootstrap_inner()
  File "/home/luffy/.local/share/uv/python/cpython-3.11.15-linux-x86_64-gnu/lib/python3.11/threading.py", line 1045, in _bootstrap_inner
    self.run()
  File "/home/luffy/.local/share/uv/python/cpython-3.11.15-linux-x86_64-gnu/lib/python3.11/threading.py", line 982, in run
    self._target(*self._args, **self._kwargs)
  File "/home/luffy/.hermes/hermes-agent/tools/terminal_tool.py", line 1574, in _cleanup_thread_worker
    time.sleep(1)

--- thread Thread-108 (id=139681306560192) ---
  File "/home/luffy/.local/share/uv/python/cpython-3.11.15-linux-x86_64-gnu/lib/python3.11/threading.py", line 1002, in _bootstrap
    self._bootstrap_inner()
  File "/home/luffy/.local/share/uv/python/cpython-3.11.15-linux-x86_64-gnu/lib/python3.11/threading.py", line 1045, in _bootstrap_inner
    self.run()
  File "/home/luffy/.local/share/uv/python/cpython-3.11.15-linux-x86_64-gnu/lib/python3.11/threading.py", line 1399, in run
    self.finished.wait(self.interval)
  File "/home/luffy/.local/share/uv/python/cpython-3.11.15-linux-x86_64-gnu/lib/python3.11/threading.py", line 629, in wait
    signaled = self._cond.wait(timeout)
  File "/home/luffy/.local/share/uv/python/cpython-3.11.15-linux-x86_64-gnu/lib/python3.11/threading.py", line 331, in wait
    gotit = waiter.acquire(True, timeout)
[tui-parent] 2026-06-27T15:15:24.597Z unhandledRejection: Error: EIO: i/o error, write
[tui-parent] 2026-06-27T15:15:24.886Z [lifecycle] spawned gateway child pid=153827 killed=false exitCode=null signal=null python=/home/luffy/.hermes/hermes-agent/venv/bin/python3 cwd=/home/luffy/Desktop/chatApplication/backend

=== gateway exit · 2026-06-27 20:45:28 · reason=stdin EOF (TUI closed the command pipe) ===

=== unhandled exception · 2026-06-27 20:45:28 ===
Traceback (most recent call last):
  File "<frozen runpy>", line 198, in _run_module_as_main
  File "<frozen runpy>", line 88, in _run_code
  File "/home/luffy/.hermes/hermes-agent/tui_gateway/entry.py", line 350, in <module>
    main()
  File "/home/luffy/.hermes/hermes-agent/tui_gateway/entry.py", line 346, in main
    _log_exit("stdin EOF (TUI closed the command pipe)")
  File "/home/luffy/.hermes/hermes-agent/tui_gateway/entry.py", line 204, in _log_exit
    print(f"[gateway-exit] {reason}", file=sys.stderr, flush=True)
BrokenPipeError: [Errno 32] Broken pipe
[tui-parent] 2026-06-27T17:18:23.288Z [lifecycle] spawned gateway child pid=366512 killed=false exitCode=null signal=null python=/home/luffy/.hermes/hermes-agent/venv/bin/python3 cwd=/home/luffy

=== SIGHUP received · 2026-06-27 23:17:08 ===
main-thread stack at signal delivery:
  File "<frozen runpy>", line 198, in _run_module_as_main
  File "<frozen runpy>", line 88, in _run_code
  File "/home/luffy/.hermes/hermes-agent/tui_gateway/entry.py", line 350, in <module>
    main()
  File "/home/luffy/.hermes/hermes-agent/tui_gateway/entry.py", line 326, in main
    for raw in sys.stdin:

--- thread MainThread (id=140098952329024) ---
  File "<frozen runpy>", line 198, in _run_module_as_main
  File "<frozen runpy>", line 88, in _run_code
  File "/home/luffy/.hermes/hermes-agent/tui_gateway/entry.py", line 350, in <module>
    main()
  File "/home/luffy/.hermes/hermes-agent/tui_gateway/entry.py", line 326, in main
    for raw in sys.stdin:
  File "/home/luffy/.hermes/hermes-agent/tui_gateway/entry.py", line 113, in _log_signal
    f.write("".join(traceback.format_stack(sys._current_frames().get(tid))))

--- thread Thread-2 (_loop) (id=140098929235648) ---
  File "/home/luffy/.local/share/uv/python/cpython-3.11.15-linux-x86_64-gnu/lib/python3.11/threading.py", line 1002, in _bootstrap
    self._bootstrap_inner()
  File "/home/luffy/.local/share/uv/python/cpython-3.11.15-linux-x86_64-gnu/lib/python3.11/threading.py", line 1045, in _bootstrap_inner
    self.run()
  File "/home/luffy/.local/share/uv/python/cpython-3.11.15-linux-x86_64-gnu/lib/python3.11/threading.py", line 982, in run
    self._target(*self._args, **self._kwargs)
  File "/home/luffy/.hermes/hermes-agent/tui_gateway/server.py", line 825, in _loop
    time.sleep(_REAPER_SCAN_S)
[tui-parent] 2026-06-27T17:47:08.945Z uncaughtException: Error: write EIO

=== SIGHUP received · 2026-06-27 23:17:08 ===
main-thread stack at signal delivery:
  File "/home/luffy/.hermes/hermes-agent/tools/terminal_tool.py", line 1722, in _atexit_cleanup
    _stop_cleanup_thread()
  File "/home/luffy/.hermes/hermes-agent/tools/terminal_tool.py", line 1594, in _stop_cleanup_thread
    _cleanup_thread.join(timeout=5)
  File "/home/luffy/.local/share/uv/python/cpython-3.11.15-linux-x86_64-gnu/lib/python3.11/threading.py", line 1123, in join
    self._wait_for_tstate_lock(timeout=max(timeout, 0))
  File "/home/luffy/.local/share/uv/python/cpython-3.11.15-linux-x86_64-gnu/lib/python3.11/threading.py", line 1139, in _wait_for_tstate_lock
    if lock.acquire(block, timeout):

--- thread MainThread (id=140098952329024) ---
  File "/home/luffy/.hermes/hermes-agent/tools/terminal_tool.py", line 1722, in _atexit_cleanup
    _stop_cleanup_thread()
  File "/home/luffy/.hermes/hermes-agent/tools/terminal_tool.py", line 1594, in _stop_cleanup_thread
    _cleanup_thread.join(timeout=5)
  File "/home/luffy/.local/share/uv/python/cpython-3.11.15-linux-x86_64-gnu/lib/python3.11/threading.py", line 1123, in join
    self._wait_for_tstate_lock(timeout=max(timeout, 0))
  File "/home/luffy/.local/share/uv/python/cpython-3.11.15-linux-x86_64-gnu/lib/python3.11/threading.py", line 1139, in _wait_for_tstate_lock
    if lock.acquire(block, timeout):
  File "/home/luffy/.hermes/hermes-agent/tui_gateway/entry.py", line 113, in _log_signal
    f.write("".join(traceback.format_stack(sys._current_frames().get(tid))))

--- thread Thread-2 (_loop) (id=140098929235648) ---
  File "/home/luffy/.local/share/uv/python/cpython-3.11.15-linux-x86_64-gnu/lib/python3.11/threading.py", line 1002, in _bootstrap
    self._bootstrap_inner()
  File "/home/luffy/.local/share/uv/python/cpython-3.11.15-linux-x86_64-gnu/lib/python3.11/threading.py", line 1045, in _bootstrap_inner
    self.run()
  File "/home/luffy/.local/share/uv/python/cpython-3.11.15-linux-x86_64-gnu/lib/python3.11/threading.py", line 982, in run
    self._target(*self._args, **self._kwargs)
  File "/home/luffy/.hermes/hermes-agent/tui_gateway/server.py", line 825, in _loop
    time.sleep(_REAPER_SCAN_S)

--- thread Thread-18 (_notification_poller_loop) (id=140098428249792) ---
  File "/home/luffy/.local/share/uv/python/cpython-3.11.15-linux-x86_64-gnu/lib/python3.11/threading.py", line 1002, in _bootstrap
    self._bootstrap_inner()
  File "/home/luffy/.local/share/uv/python/cpython-3.11.15-linux-x86_64-gnu/lib/python3.11/threading.py", line 1045, in _bootstrap_inner
    self.run()
  File "/home/luffy/.local/share/uv/python/cpython-3.11.15-linux-x86_64-gnu/lib/python3.11/threading.py", line 982, in run
    self._target(*self._args, **self._kwargs)
  File "/home/luffy/.hermes/hermes-agent/tui_gateway/server.py", line 8165, in _notification_poller_loop
    evt = process_registry.completion_queue.get(timeout=0.5)
  File "/home/luffy/.local/share/uv/python/cpython-3.11.15-linux-x86_64-gnu/lib/python3.11/queue.py", line 180, in get
    self.not_empty.wait(remaining)
  File "/home/luffy/.local/share/uv/python/cpython-3.11.15-linux-x86_64-gnu/lib/python3.11/threading.py", line 331, in wait
    gotit = waiter.acquire(True, timeout)

--- thread Thread-30 (_cleanup_thread_worker) (id=140098209314496) ---
  File "/home/luffy/.local/share/uv/python/cpython-3.11.15-linux-x86_64-gnu/lib/python3.11/threading.py", line 1002, in _bootstrap
    self._bootstrap_inner()
  File "/home/luffy/.local/share/uv/python/cpython-3.11.15-linux-x86_64-gnu/lib/python3.11/threading.py", line 1045, in _bootstrap_inner
    self.run()
  File "/home/luffy/.local/share/uv/python/cpython-3.11.15-linux-x86_64-gnu/lib/python3.11/threading.py", line 982, in run
    self._target(*self._args, **self._kwargs)
  File "/home/luffy/.hermes/hermes-agent/tools/terminal_tool.py", line 1574, in _cleanup_thread_worker
    time.sleep(1)

--- thread Thread-94 (id=140098419857088) ---
  File "/home/luffy/.local/share/uv/python/cpython-3.11.15-linux-x86_64-gnu/lib/python3.11/threading.py", line 1002, in _bootstrap
    self._bootstrap_inner()
  File "/home/luffy/.local/share/uv/python/cpython-3.11.15-linux-x86_64-gnu/lib/python3.11/threading.py", line 1045, in _bootstrap_inner
    self.run()
  File "/home/luffy/.local/share/uv/python/cpython-3.11.15-linux-x86_64-gnu/lib/python3.11/threading.py", line 1399, in run
    self.finished.wait(self.interval)
  File "/home/luffy/.local/share/uv/python/cpython-3.11.15-linux-x86_64-gnu/lib/python3.11/threading.py", line 629, in wait
    signaled = self._cond.wait(timeout)
  File "/home/luffy/.local/share/uv/python/cpython-3.11.15-linux-x86_64-gnu/lib/python3.11/threading.py", line 331, in wait
    gotit = waiter.acquire(True, timeout)
[tui-parent] 2026-06-27T17:47:08.965Z graceful-exit received signal=SIGHUP → killing gateway
[tui-parent] 2026-06-27T17:47:08.976Z uncaughtException: Error: write EIO
[tui-parent] 2026-06-27T17:47:08.993Z [lifecycle] GatewayClient.kill reason=graceful-exit-cleanup pid=366512 killed=true exitCode=null signal=null killResult=true
[tui-parent] 2026-06-27T17:47:09.002Z unhandledRejection: Error: EIO: i/o error, write
[tui-parent] 2026-06-27T17:47:09.018Z [lifecycle] child exit pid=366512 killed=true exitCode=null signal=SIGTERM code=null signal=SIGTERM
[tui-parent] 2026-06-27T17:47:09.019Z [lifecycle] transport exit code=null reason=none
[tui-parent] 2026-06-27T17:47:09.036Z [lifecycle] spawned gateway child pid=414788 killed=false exitCode=null signal=null python=/home/luffy/.hermes/hermes-agent/venv/bin/python3 cwd=/home/luffy
[tui-parent] 2026-06-28T08:01:28.892Z [lifecycle] spawned gateway child pid=90694 killed=false exitCode=null signal=null python=/home/luffy/.hermes/hermes-agent/venv/bin/python3 cwd=/home/luffy/Desktop/chatApplication/backend
[tui-parent] 2026-06-28T08:03:41.124Z [lifecycle] GatewayClient.kill reason=app.die pid=90694 killed=true exitCode=null signal=null killResult=true

=== SIGTERM received · 2026-06-28 13:33:41 ===
main-thread stack at signal delivery:
  File "<frozen runpy>", line 198, in _run_module_as_main
  File "<frozen runpy>", line 88, in _run_code
  File "/home/luffy/.hermes/hermes-agent/tui_gateway/entry.py", line 350, in <module>
    main()
  File "/home/luffy/.hermes/hermes-agent/tui_gateway/entry.py", line 326, in main
    for raw in sys.stdin:

--- thread MainThread (id=140172112160576) ---
  File "<frozen runpy>", line 198, in _run_module_as_main
  File "<frozen runpy>", line 88, in _run_code
  File "/home/luffy/.hermes/hermes-agent/tui_gateway/entry.py", line 350, in <module>
    main()
  File "/home/luffy/.hermes/hermes-agent/tui_gateway/entry.py", line 326, in main
    for raw in sys.stdin:
  File "/home/luffy/.hermes/hermes-agent/tui_gateway/entry.py", line 113, in _log_signal
    f.write("".join(traceback.format_stack(sys._current_frames().get(tid))))

--- thread Thread-2 (_loop) (id=140172094465728) ---
  File "/home/luffy/.local/share/uv/python/cpython-3.11.15-linux-x86_64-gnu/lib/python3.11/threading.py", line 1002, in _bootstrap
    self._bootstrap_inner()
  File "/home/luffy/.local/share/uv/python/cpython-3.11.15-linux-x86_64-gnu/lib/python3.11/threading.py", line 1045, in _bootstrap_inner
    self.run()
  File "/home/luffy/.local/share/uv/python/cpython-3.11.15-linux-x86_64-gnu/lib/python3.11/threading.py", line 982, in run
    self._target(*self._args, **self._kwargs)
  File "/home/luffy/.hermes/hermes-agent/tui_gateway/server.py", line 825, in _loop
    time.sleep(_REAPER_SCAN_S)

--- thread tui-rpc_0 (id=140172086073024) ---
  File "/home/luffy/.local/share/uv/python/cpython-3.11.15-linux-x86_64-gnu/lib/python3.11/threading.py", line 1002, in _bootstrap
    self._bootstrap_inner()
  File "/home/luffy/.local/share/uv/python/cpython-3.11.15-linux-x86_64-gnu/lib/python3.11/threading.py", line 1045, in _bootstrap_inner
    self.run()
  File "/home/luffy/.local/share/uv/python/cpython-3.11.15-linux-x86_64-gnu/lib/python3.11/threading.py", line 982, in run
    self._target(*self._args, **self._kwargs)
  File "/home/luffy/.local/share/uv/python/cpython-3.11.15-linux-x86_64-gnu/lib/python3.11/concurrent/futures/thread.py", line 81, in _worker
    work_item = work_queue.get(block=True)

--- thread Thread-6 (_drain_stdout) (id=140172050253504) ---
  File "/home/luffy/.local/share/uv/python/cpython-3.11.15-linux-x86_64-gnu/lib/python3.11/threading.py", line 1002, in _bootstrap
    self._bootstrap_inner()
  File "/home/luffy/.local/share/uv/python/cpython-3.11.15-linux-x86_64-gnu/lib/python3.11/threading.py", line 1045, in _bootstrap_inner
    self.run()
  File "/home/luffy/.local/share/uv/python/cpython-3.11.15-linux-x86_64-gnu/lib/python3.11/threading.py", line 982, in run
    self._target(*self._args, **self._kwargs)
  File "/home/luffy/.hermes/hermes-agent/tui_gateway/server.py", line 283, in _drain_stdout
    for line in self.proc.stdout or []:

--- thread Thread-7 (_drain_stderr) (id=140172058646208) ---
  File "/home/luffy/.local/share/uv/python/cpython-3.11.15-linux-x86_64-gnu/lib/python3.11/threading.py", line 1002, in _bootstrap
    self._bootstrap_inner()
  File "/home/luffy/.local/share/uv/python/cpython-3.11.15-linux-x86_64-gnu/lib/python3.11/threading.py", line 1045, in _bootstrap_inner
    self.run()
  File "/home/luffy/.local/share/uv/python/cpython-3.11.15-linux-x86_64-gnu/lib/python3.11/threading.py", line 982, in run
    self._target(*self._args, **self._kwargs)
  File "/home/luffy/.hermes/hermes-agent/tui_gateway/server.py", line 291, in _drain_stderr
    for line in self.proc.stderr or []:

--- thread Thread-8 (_notification_poller_loop) (id=140171605255872) ---
  File "/home/luffy/.local/share/uv/python/cpython-3.11.15-linux-x86_64-gnu/lib/python3.11/threading.py", line 1002, in _bootstrap
    self._bootstrap_inner()
  File "/home/luffy/.local/share/uv/python/cpython-3.11.15-linux-x86_64-gnu/lib/python3.11/threading.py", line 1045, in _bootstrap_inner
    self.run()
  File "/home/luffy/.local/share/uv/python/cpython-3.11.15-linux-x86_64-gnu/lib/python3.11/threading.py", line 982, in run
    self._target(*self._args, **self._kwargs)
  File "/home/luffy/.hermes/hermes-agent/tui_gateway/server.py", line 8165, in _notification_poller_loop
    evt = process_registry.completion_queue.get(timeout=0.5)
  File "/home/luffy/.local/share/uv/python/cpython-3.11.15-linux-x86_64-gnu/lib/python3.11/queue.py", line 180, in get
    self.not_empty.wait(remaining)
  File "/home/luffy/.local/share/uv/python/cpython-3.11.15-linux-x86_64-gnu/lib/python3.11/threading.py", line 331, in wait
    gotit = waiter.acquire(True, timeout)
[tui-parent] 2026-06-28T08:04:43.278Z [lifecycle] spawned gateway child pid=150949 killed=false exitCode=null signal=null python=/home/luffy/.hermes/hermes-agent/venv/bin/python3 cwd=/home/luffy/Desktop/chatApplication/backend
[tui-parent] 2026-06-28T08:15:40.868Z graceful-exit received signal=SIGHUP → killing gateway

=== SIGHUP received · 2026-06-28 13:45:40 ===
main-thread stack at signal delivery:
  File "<frozen runpy>", line 198, in _run_module_as_main
  File "<frozen runpy>", line 88, in _run_code
  File "/home/luffy/.hermes/hermes-agent/tui_gateway/entry.py", line 350, in <module>
    main()
  File "/home/luffy/.hermes/hermes-agent/tui_gateway/entry.py", line 326, in main
    for raw in sys.stdin:
  File "/home/luffy/.hermes/hermes-agent/tui_gateway/entry.py", line 113, in _log_signal
    f.write("".join(traceback.format_stack(sys._current_frames().get(tid))))
  File "/home/luffy/.local/share/uv/python/cpython-3.11.15-linux-x86_64-gnu/lib/python3.11/traceback.py", line 214, in format_stack
    return format_list(extract_stack(f, limit=limit))
  File "/home/luffy/.local/share/uv/python/cpython-3.11.15-linux-x86_64-gnu/lib/python3.11/traceback.py", line 228, in extract_stack
    stack = StackSummary.extract(walk_stack(f), limit=limit)
  File "/home/luffy/.local/share/uv/python/cpython-3.11.15-linux-x86_64-gnu/lib/python3.11/traceback.py", line 390, in extract
    return klass._extract_from_extended_frame_gen(
  File "/home/luffy/.local/share/uv/python/cpython-3.11.15-linux-x86_64-gnu/lib/python3.11/traceback.py", line 433, in _extract_from_extended_frame_gen
    f.line
  File "/home/luffy/.local/share/uv/python/cpython-3.11.15-linux-x86_64-gnu/lib/python3.11/traceback.py", line 318, in line
    self._line = linecache.getline(self.filename, self.lineno)
  File "/home/luffy/.local/share/uv/python/cpython-3.11.15-linux-x86_64-gnu/lib/python3.11/linecache.py", line 30, in getline
    lines = getlines(filename, module_globals)
  File "/home/luffy/.local/share/uv/python/cpython-3.11.15-linux-x86_64-gnu/lib/python3.11/linecache.py", line 46, in getlines
    return updatecache(filename, module_globals)
  File "/home/luffy/.local/share/uv/python/cpython-3.11.15-linux-x86_64-gnu/lib/python3.11/linecache.py", line 137, in updatecache
    lines = fp.readlines()
  File "<frozen codecs>", line 322, in decode

--- thread MainThread (id=140443914741568) ---
  File "<frozen runpy>", line 198, in _run_module_as_main
  File "<frozen runpy>", line 88, in _run_code
  File "/home/luffy/.hermes/hermes-agent/tui_gateway/entry.py", line 350, in <module>
    main()
  File "/home/luffy/.hermes/hermes-agent/tui_gateway/entry.py", line 326, in main
    for raw in sys.stdin:
  File "/home/luffy/.hermes/hermes-agent/tui_gateway/entry.py", line 113, in _log_signal
    f.write("".join(traceback.format_stack(sys._current_frames().get(tid))))
  File "/home/luffy/.local/share/uv/python/cpython-3.11.15-linux-x86_64-gnu/lib/python3.11/traceback.py", line 214, in format_stack
    return format_list(extract_stack(f, limit=limit))
  File "/home/luffy/.local/share/uv/python/cpython-3.11.15-linux-x86_64-gnu/lib/python3.11/traceback.py", line 228, in extract_stack
    stack = StackSummary.extract(walk_stack(f), limit=limit)
  File "/home/luffy/.local/share/uv/python/cpython-3.11.15-linux-x86_64-gnu/lib/python3.11/traceback.py", line 390, in extract
    return klass._extract_from_extended_frame_gen(
  File "/home/luffy/.local/share/uv/python/cpython-3.11.15-linux-x86_64-gnu/lib/python3.11/traceback.py", line 433, in _extract_from_extended_frame_gen
    f.line
  File "/home/luffy/.local/share/uv/python/cpython-3.11.15-linux-x86_64-gnu/lib/python3.11/traceback.py", line 318, in line
    self._line = linecache.getline(self.filename, self.lineno)
  File "/home/luffy/.local/share/uv/python/cpython-3.11.15-linux-x86_64-gnu/lib/python3.11/linecache.py", line 30, in getline
    lines = getlines(filename, module_globals)
  File "/home/luffy/.local/share/uv/python/cpython-3.11.15-linux-x86_64-gnu/lib/python3.11/linecache.py", line 46, in getlines
    return updatecache(filename, module_globals)
  File "/home/luffy/.local/share/uv/python/cpython-3.11.15-linux-x86_64-gnu/lib/python3.11/linecache.py", line 137, in updatecache
    lines = fp.readlines()
  File "<frozen codecs>", line 322, in decode
  File "/home/luffy/.hermes/hermes-agent/tui_gateway/entry.py", line 113, in _log_signal
    f.write("".join(traceback.format_stack(sys._current_frames().get(tid))))

--- thread Thread-2 (_loop) (id=140443888502464) ---
  File "/home/luffy/.local/share/uv/python/cpython-3.11.15-linux-x86_64-gnu/lib/python3.11/threading.py", line 1002, in _bootstrap
    self._bootstrap_inner()
  File "/home/luffy/.local/share/uv/python/cpython-3.11.15-linux-x86_64-gnu/lib/python3.11/threading.py", line 1045, in _bootstrap_inner
    self.run()
  File "/home/luffy/.local/share/uv/python/cpython-3.11.15-linux-x86_64-gnu/lib/python3.11/threading.py", line 982, in run
    self._target(*self._args, **self._kwargs)
  File "/home/luffy/.hermes/hermes-agent/tui_gateway/server.py", line 839, in _loop
    time.sleep(_REAPER_SCAN_S)

--- thread tui-rpc_0 (id=140443879061184) ---
  File "/home/luffy/.local/share/uv/python/cpython-3.11.15-linux-x86_64-gnu/lib/python3.11/threading.py", line 1002, in _bootstrap
    self._bootstrap_inner()
  File "/home/luffy/.local/share/uv/python/cpython-3.11.15-linux-x86_64-gnu/lib/python3.11/threading.py", line 1045, in _bootstrap_inner
    self.run()
  File "/home/luffy/.local/share/uv/python/cpython-3.11.15-linux-x86_64-gnu/lib/python3.11/threading.py", line 982, in run
    self._target(*self._args, **self._kwargs)
  File "/home/luffy/.local/share/uv/python/cpython-3.11.15-linux-x86_64-gnu/lib/python3.11/concurrent/futures/thread.py", line 81, in _worker
    work_item = work_queue.get(block=True)

--- thread Thread-8 (_notification_poller_loop) (id=140443407898304) ---
  File "/home/luffy/.local/share/uv/python/cpython-3.11.15-linux-x86_64-gnu/lib/python3.11/threading.py", line 1002, in _bootstrap
    self._bootstrap_inner()
  File "/home/luffy/.local/share/uv/python/cpython-3.11.15-linux-x86_64-gnu/lib/python3.11/threading.py", line 1045, in _bootstrap_inner
    self.run()
  File "/home/luffy/.local/share/uv/python/cpython-3.11.15-linux-x86_64-gnu/lib/python3.11/threading.py", line 982, in run
    self._target(*self._args, **self._kwargs)
  File "/home/luffy/.hermes/hermes-agent/tui_gateway/server.py", line 8209, in _notification_poller_loop
    evt = process_registry.completion_queue.get(timeout=0.5)
  File "/home/luffy/.local/share/uv/python/cpython-3.11.15-linux-x86_64-gnu/lib/python3.11/queue.py", line 180, in get
    self.not_empty.wait(remaining)
  File "/home/luffy/.local/share/uv/python/cpython-3.11.15-linux-x86_64-gnu/lib/python3.11/threading.py", line 331, in wait
    gotit = waiter.acquire(True, timeout)

=== SIGHUP received · 2026-06-28 13:45:40 ===
main-thread stack at signal delivery:
  File "<frozen runpy>", line 198, in _run_module_as_main
  File "<frozen runpy>", line 88, in _run_code
  File "/home/luffy/.hermes/hermes-agent/tui_gateway/entry.py", line 350, in <module>
    main()
  File "/home/luffy/.hermes/hermes-agent/tui_gateway/entry.py", line 326, in main
    for raw in sys.stdin:

--- thread MainThread (id=140443914741568) ---
  File "<frozen runpy>", line 198, in _run_module_as_main
  File "<frozen runpy>", line 88, in _run_code
  File "/home/luffy/.hermes/hermes-agent/tui_gateway/entry.py", line 350, in <module>
    main()
  File "/home/luffy/.hermes/hermes-agent/tui_gateway/entry.py", line 326, in main
    for raw in sys.stdin:
  File "/home/luffy/.hermes/hermes-agent/tui_gateway/entry.py", line 113, in _log_signal
    f.write("".join(traceback.format_stack(sys._current_frames().get(tid))))

--- thread Thread-2 (_loop) (id=140443888502464) ---
[tui-parent] 2026-06-28T08:15:40.910Z uncaughtException: Error: write EIO
[tui-parent] 2026-06-28T08:15:40.917Z [lifecycle] GatewayClient.kill reason=graceful-exit-cleanup pid=150949 killed=true exitCode=null signal=null killResult=true
[tui-parent] 2026-06-28T08:15:40.924Z unhandledRejection: Error: EIO: i/o error, write
[tui-parent] 2026-06-28T08:15:40.956Z [lifecycle] child exit pid=150949 killed=true exitCode=null signal=SIGTERM code=null signal=SIGTERM
[tui-parent] 2026-06-28T08:15:40.957Z [lifecycle] transport exit code=null reason=none
[tui-parent] 2026-06-28T08:15:40.965Z [lifecycle] spawned gateway child pid=312777 killed=false exitCode=null signal=null python=/home/luffy/.hermes/hermes-agent/venv/bin/python3 cwd=/home/luffy/Desktop/chatApplication/backend

=== gateway exit · 2026-06-28 13:45:44 · reason=stdin EOF (TUI closed the command pipe) ===

=== unhandled exception · 2026-06-28 13:45:44 ===
Traceback (most recent call last):
  File "<frozen runpy>", line 198, in _run_module_as_main
  File "<frozen runpy>", line 88, in _run_code
  File "/home/luffy/.hermes/hermes-agent/tui_gateway/entry.py", line 350, in <module>
    main()
  File "/home/luffy/.hermes/hermes-agent/tui_gateway/entry.py", line 346, in main
    _log_exit("stdin EOF (TUI closed the command pipe)")
  File "/home/luffy/.hermes/hermes-agent/tui_gateway/entry.py", line 204, in _log_exit
    print(f"[gateway-exit] {reason}", file=sys.stderr, flush=True)
BrokenPipeError: [Errno 32] Broken pipe
[tui-parent] 2026-06-28T08:26:45.323Z [lifecycle] spawned gateway child pid=472531 killed=false exitCode=null signal=null python=/home/luffy/.hermes/hermes-agent/venv/bin/python3 cwd=/home/luffy/Desktop/chatApplication/backend
[tui-parent] 2026-06-28T08:31:32.113Z [lifecycle] GatewayClient.kill reason=app.die pid=472531 killed=true exitCode=null signal=null killResult=true

=== SIGTERM received · 2026-06-28 14:01:32 ===
main-thread stack at signal delivery:
  File "<frozen runpy>", line 198, in _run_module_as_main
  File "<frozen runpy>", line 88, in _run_code
  File "/home/luffy/.hermes/hermes-agent/tui_gateway/entry.py", line 350, in <module>
    main()
  File "/home/luffy/.hermes/hermes-agent/tui_gateway/entry.py", line 326, in main
    for raw in sys.stdin:

--- thread MainThread (id=140138592028480) ---
  File "<frozen runpy>", line 198, in _run_module_as_main
  File "<frozen runpy>", line 88, in _run_code
  File "/home/luffy/.hermes/hermes-agent/tui_gateway/entry.py", line 350, in <module>
    main()
  File "/home/luffy/.hermes/hermes-agent/tui_gateway/entry.py", line 326, in main
    for raw in sys.stdin:
  File "/home/luffy/.hermes/hermes-agent/tui_gateway/entry.py", line 113, in _log_signal
    f.write("".join(traceback.format_stack(sys._current_frames().get(tid))))

--- thread Thread-2 (_loop) (id=140138557757120) ---
  File "/home/luffy/.local/share/uv/python/cpython-3.11.15-linux-x86_64-gnu/lib/python3.11/threading.py", line 1002, in _bootstrap
    self._bootstrap_inner()
  File "/home/luffy/.local/share/uv/python/cpython-3.11.15-linux-x86_64-gnu/lib/python3.11/threading.py", line 1045, in _bootstrap_inner
    self.run()
  File "/home/luffy/.local/share/uv/python/cpython-3.11.15-linux-x86_64-gnu/lib/python3.11/threading.py", line 982, in run
    self._target(*self._args, **self._kwargs)
  File "/home/luffy/.hermes/hermes-agent/tui_gateway/server.py", line 839, in _loop
    time.sleep(_REAPER_SCAN_S)

--- thread tui-rpc_0 (id=140138566149824) ---
  File "/home/luffy/.local/share/uv/python/cpython-3.11.15-linux-x86_64-gnu/lib/python3.11/threading.py", line 1002, in _bootstrap
    self._bootstrap_inner()
  File "/home/luffy/.local/share/uv/python/cpython-3.11.15-linux-x86_64-gnu/lib/python3.11/threading.py", line 1045, in _bootstrap_inner
    self.run()
  File "/home/luffy/.local/share/uv/python/cpython-3.11.15-linux-x86_64-gnu/lib/python3.11/threading.py", line 982, in run
    self._target(*self._args, **self._kwargs)
  File "/home/luffy/.local/share/uv/python/cpython-3.11.15-linux-x86_64-gnu/lib/python3.11/concurrent/futures/thread.py", line 81, in _worker
    work_item = work_queue.get(block=True)

--- thread Thread-8 (_notification_poller_loop) (id=140138086979264) ---
  File "/home/luffy/.local/share/uv/python/cpython-3.11.15-linux-x86_64-gnu/lib/python3.11/threading.py", line 1002, in _bootstrap
    self._bootstrap_inner()
  File "/home/luffy/.local/share/uv/python/cpython-3.11.15-linux-x86_64-gnu/lib/python3.11/threading.py", line 1045, in _bootstrap_inner
    self.run()
  File "/home/luffy/.local/share/uv/python/cpython-3.11.15-linux-x86_64-gnu/lib/python3.11/threading.py", line 982, in run
    self._target(*self._args, **self._kwargs)
  File "/home/luffy/.hermes/hermes-agent/tui_gateway/server.py", line 8209, in _notification_poller_loop
    evt = process_registry.completion_queue.get(timeout=0.5)
  File "/home/luffy/.local/share/uv/python/cpython-3.11.15-linux-x86_64-gnu/lib/python3.11/queue.py", line 180, in get
    self.not_empty.wait(remaining)
  File "/home/luffy/.local/share/uv/python/cpython-3.11.15-linux-x86_64-gnu/lib/python3.11/threading.py", line 331, in wait
    gotit = waiter.acquire(True, timeout)

--- thread Thread-14 (_cleanup_thread_worker) (id=140138454701760) ---
  File "/home/luffy/.local/share/uv/python/cpython-3.11.15-linux-x86_64-gnu/lib/python3.11/threading.py", line 1002, in _bootstrap
    self._bootstrap_inner()
  File "/home/luffy/.local/share/uv/python/cpython-3.11.15-linux-x86_64-gnu/lib/python3.11/threading.py", line 1045, in _bootstrap_inner
    self.run()
  File "/home/luffy/.local/share/uv/python/cpython-3.11.15-linux-x86_64-gnu/lib/python3.11/threading.py", line 982, in run
    self._target(*self._args, **self._kwargs)
  File "/home/luffy/.hermes/hermes-agent/tools/terminal_tool.py", line 1574, in _cleanup_thread_worker
    time.sleep(1)

--- thread Thread-80 (_drain_stdout) (id=140138471487168) ---
  File "/home/luffy/.local/share/uv/python/cpython-3.11.15-linux-x86_64-gnu/lib/python3.11/threading.py", line 1002, in _bootstrap
    self._bootstrap_inner()
  File "/home/luffy/.local/share/uv/python/cpython-3.11.15-linux-x86_64-gnu/lib/python3.11/threading.py", line 1045, in _bootstrap_inner
    self.run()
  File "/home/luffy/.local/share/uv/python/cpython-3.11.15-linux-x86_64-gnu/lib/python3.11/threading.py", line 982, in run
    self._target(*self._args, **self._kwargs)
  File "/home/luffy/.hermes/hermes-agent/tui_gateway/server.py", line 297, in _drain_stdout
    for line in self.proc.stdout or []:

--- thread Thread-81 (_drain_stderr) (id=140138463094464) ---
  File "/home/luffy/.local/share/uv/python/cpython-3.11.15-linux-x86_64-gnu/lib/python3.11/threading.py", line 1002, in _bootstrap
    self._bootstrap_inner()
  File "/home/luffy/.local/share/uv/python/cpython-3.11.15-linux-x86_64-gnu/lib/python3.11/threading.py", line 1045, in _bootstrap_inner
    self.run()
  File "/home/luffy/.local/share/uv/python/cpython-3.11.15-linux-x86_64-gnu/lib/python3.11/threading.py", line 982, in run
    self._target(*self._args, **self._kwargs)
  File "/home/luffy/.hermes/hermes-agent/tui_gateway/server.py", line 305, in _drain_stderr
    for line in self.proc.stderr or []:
[tui-parent] 2026-06-28T13:49:20.787Z [lifecycle] spawned gateway child pid=1436041 killed=false exitCode=null signal=null python=/home/luffy/.hermes/hermes-agent/venv/bin/python3 cwd=/home/luffy/Desktop/chatApplication
[tui-parent] 2026-06-28T13:49:48.957Z [lifecycle] GatewayClient.kill reason=app.die pid=1436041 killed=true exitCode=null signal=null killResult=true

=== SIGTERM received · 2026-06-28 19:19:48 ===
main-thread stack at signal delivery:
  File "<frozen runpy>", line 198, in _run_module_as_main
  File "<frozen runpy>", line 88, in _run_code
  File "/home/luffy/.hermes/hermes-agent/tui_gateway/entry.py", line 350, in <module>
    main()
  File "/home/luffy/.hermes/hermes-agent/tui_gateway/entry.py", line 326, in main
    for raw in sys.stdin:

--- thread MainThread (id=140273717266240) ---
  File "<frozen runpy>", line 198, in _run_module_as_main
  File "<frozen runpy>", line 88, in _run_code
  File "/home/luffy/.hermes/hermes-agent/tui_gateway/entry.py", line 350, in <module>
    main()
  File "/home/luffy/.hermes/hermes-agent/tui_gateway/entry.py", line 326, in main
    for raw in sys.stdin:
  File "/home/luffy/.hermes/hermes-agent/tui_gateway/entry.py", line 113, in _log_signal
    f.write("".join(traceback.format_stack(sys._current_frames().get(tid))))

--- thread Thread-2 (_loop) (id=140273691363008) ---
  File "/home/luffy/.local/share/uv/python/cpython-3.11.15-linux-x86_64-gnu/lib/python3.11/threading.py", line 1002, in _bootstrap
    self._bootstrap_inner()
  File "/home/luffy/.local/share/uv/python/cpython-3.11.15-linux-x86_64-gnu/lib/python3.11/threading.py", line 1045, in _bootstrap_inner
    self.run()
  File "/home/luffy/.local/share/uv/python/cpython-3.11.15-linux-x86_64-gnu/lib/python3.11/threading.py", line 982, in run
    self._target(*self._args, **self._kwargs)
  File "/home/luffy/.hermes/hermes-agent/tui_gateway/server.py", line 839, in _loop
    time.sleep(_REAPER_SCAN_S)

--- thread tui-rpc_0 (id=140273673533120) ---
  File "/home/luffy/.local/share/uv/python/cpython-3.11.15-linux-x86_64-gnu/lib/python3.11/threading.py", line 1002, in _bootstrap
    self._bootstrap_inner()
  File "/home/luffy/.local/share/uv/python/cpython-3.11.15-linux-x86_64-gnu/lib/python3.11/threading.py", line 1045, in _bootstrap_inner
    self.run()
  File "/home/luffy/.local/share/uv/python/cpython-3.11.15-linux-x86_64-gnu/lib/python3.11/threading.py", line 982, in run
    self._target(*self._args, **self._kwargs)
  File "/home/luffy/.local/share/uv/python/cpython-3.11.15-linux-x86_64-gnu/lib/python3.11/concurrent/futures/thread.py", line 81, in _worker
    work_item = work_queue.get(block=True)

--- thread Thread-6 (_drain_stdout) (id=140273547994816) ---
  File "/home/luffy/.local/share/uv/python/cpython-3.11.15-linux-x86_64-gnu/lib/python3.11/threading.py", line 1002, in _bootstrap
    self._bootstrap_inner()
  File "/home/luffy/.local/share/uv/python/cpython-3.11.15-linux-x86_64-gnu/lib/python3.11/threading.py", line 1045, in _bootstrap_inner
    self.run()
  File "/home/luffy/.local/share/uv/python/cpython-3.11.15-linux-x86_64-gnu/lib/python3.11/threading.py", line 982, in run
    self._target(*self._args, **self._kwargs)
  File "/home/luffy/.hermes/hermes-agent/tui_gateway/server.py", line 297, in _drain_stdout
    for line in self.proc.stdout or []:

--- thread Thread-7 (_drain_stderr) (id=140273564776128) ---
  File "/home/luffy/.local/share/uv/python/cpython-3.11.15-linux-x86_64-gnu/lib/python3.11/threading.py", line 1002, in _bootstrap
    self._bootstrap_inner()
  File "/home/luffy/.local/share/uv/python/cpython-3.11.15-linux-x86_64-gnu/lib/python3.11/threading.py", line 1045, in _bootstrap_inner
    self.run()
  File "/home/luffy/.local/share/uv/python/cpython-3.11.15-linux-x86_64-gnu/lib/python3.11/threading.py", line 982, in run
    self._target(*self._args, **self._kwargs)
  File "/home/luffy/.hermes/hermes-agent/tui_gateway/server.py", line 305, in _drain_stderr
    for line in self.proc.stderr or []:

--- thread Thread-8 (_notification_poller_loop) (id=140273176073920) ---
  File "/home/luffy/.local/share/uv/python/cpython-3.11.15-linux-x86_64-gnu/lib/python3.11/threading.py", line 1002, in _bootstrap
    self._bootstrap_inner()
  File "/home/luffy/.local/share/uv/python/cpython-3.11.15-linux-x86_64-gnu/lib/python3.11/threading.py", line 1045, in _bootstrap_inner
    self.run()
  File "/home/luffy/.local/share/uv/python/cpython-3.11.15-linux-x86_64-gnu/lib/python3.11/threading.py", line 982, in run
    self._target(*self._args, **self._kwargs)
  File "/home/luffy/.hermes/hermes-agent/tui_gateway/server.py", line 8209, in _notification_poller_loop
    evt = process_registry.completion_queue.get(timeout=0.5)
  File "/home/luffy/.local/share/uv/python/cpython-3.11.15-linux-x86_64-gnu/lib/python3.11/queue.py", line 180, in get
    self.not_empty.wait(remaining)
  File "/home/luffy/.local/share/uv/python/cpython-3.11.15-linux-x86_64-gnu/lib/python3.11/threading.py", line 331, in wait
    gotit = waiter.acquire(True, timeout)
[tui-parent] 2026-06-28T13:49:58.707Z [lifecycle] spawned gateway child pid=1447913 killed=false exitCode=null signal=null python=/home/luffy/.hermes/hermes-agent/venv/bin/python3 cwd=/home/luffy/Desktop/chatApplication
[tui-parent] 2026-06-28T14:47:28.649Z [lifecycle] GatewayClient.kill reason=app.die pid=1447913 killed=true exitCode=null signal=null killResult=true

=== SIGTERM received · 2026-06-28 20:17:28 ===
main-thread stack at signal delivery:
  File "<frozen runpy>", line 198, in _run_module_as_main
  File "<frozen runpy>", line 88, in _run_code
  File "/home/luffy/.hermes/hermes-agent/tui_gateway/entry.py", line 350, in <module>
    main()
  File "/home/luffy/.hermes/hermes-agent/tui_gateway/entry.py", line 326, in main
    for raw in sys.stdin:

--- thread MainThread (id=140516875265856) ---
  File "<frozen runpy>", line 198, in _run_module_as_main
  File "<frozen runpy>", line 88, in _run_code
  File "/home/luffy/.hermes/hermes-agent/tui_gateway/entry.py", line 350, in <module>
    main()
  File "/home/luffy/.hermes/hermes-agent/tui_gateway/entry.py", line 326, in main
    for raw in sys.stdin:
  File "/home/luffy/.hermes/hermes-agent/tui_gateway/entry.py", line 113, in _log_signal
    f.write("".join(traceback.format_stack(sys._current_frames().get(tid))))

--- thread Thread-2 (_loop) (id=140516849379008) ---
  File "/home/luffy/.local/share/uv/python/cpython-3.11.15-linux-x86_64-gnu/lib/python3.11/threading.py", line 1002, in _bootstrap
    self._bootstrap_inner()
  File "/home/luffy/.local/share/uv/python/cpython-3.11.15-linux-x86_64-gnu/lib/python3.11/threading.py", line 1045, in _bootstrap_inner
    self.run()
  File "/home/luffy/.local/share/uv/python/cpython-3.11.15-linux-x86_64-gnu/lib/python3.11/threading.py", line 982, in run
    self._target(*self._args, **self._kwargs)
  File "/home/luffy/.hermes/hermes-agent/tui_gateway/server.py", line 839, in _loop
    time.sleep(_REAPER_SCAN_S)

--- thread tui-rpc_0 (id=140516831549120) ---
  File "/home/luffy/.local/share/uv/python/cpython-3.11.15-linux-x86_64-gnu/lib/python3.11/threading.py", line 1002, in _bootstrap
    self._bootstrap_inner()
  File "/home/luffy/.local/share/uv/python/cpython-3.11.15-linux-x86_64-gnu/lib/python3.11/threading.py", line 1045, in _bootstrap_inner
    self.run()
  File "/home/luffy/.local/share/uv/python/cpython-3.11.15-linux-x86_64-gnu/lib/python3.11/threading.py", line 982, in run
    self._target(*self._args, **self._kwargs)
  File "/home/luffy/.local/share/uv/python/cpython-3.11.15-linux-x86_64-gnu/lib/python3.11/concurrent/futures/thread.py", line 81, in _worker
    work_item = work_queue.get(block=True)

--- thread Thread-8 (_notification_poller_loop) (id=140516335605440) ---
  File "/home/luffy/.local/share/uv/python/cpython-3.11.15-linux-x86_64-gnu/lib/python3.11/threading.py", line 1002, in _bootstrap
    self._bootstrap_inner()
  File "/home/luffy/.local/share/uv/python/cpython-3.11.15-linux-x86_64-gnu/lib/python3.11/threading.py", line 1045, in _bootstrap_inner
    self.run()
  File "/home/luffy/.local/share/uv/python/cpython-3.11.15-linux-x86_64-gnu/lib/python3.11/threading.py", line 982, in run
    self._target(*self._args, **self._kwargs)
  File "/home/luffy/.hermes/hermes-agent/tui_gateway/server.py", line 8209, in _notification_poller_loop
    evt = process_registry.completion_queue.get(timeout=0.5)
  File "/home/luffy/.local/share/uv/python/cpython-3.11.15-linux-x86_64-gnu/lib/python3.11/queue.py", line 180, in get
    self.not_empty.wait(remaining)
  File "/home/luffy/.local/share/uv/python/cpython-3.11.15-linux-x86_64-gnu/lib/python3.11/threading.py", line 331, in wait
    gotit = waiter.acquire(True, timeout)

--- thread tui-rpc_1 (id=140516230428352) ---
  File "/home/luffy/.local/share/uv/python/cpython-3.11.15-linux-x86_64-gnu/lib/python3.11/threading.py", line 1002, in _bootstrap
    self._bootstrap_inner()
  File "/home/luffy/.local/share/uv/python/cpython-3.11.15-linux-x86_64-gnu/lib/python3.11/threading.py", line 1045, in _bootstrap_inner
    self.run()
  File "/home/luffy/.local/share/uv/python/cpython-3.11.15-linux-x86_64-gnu/lib/python3.11/threading.py", line 982, in run
    self._target(*self._args, **self._kwargs)
  File "/home/luffy/.local/share/uv/python/cpython-3.11.15-linux-x86_64-gnu/lib/python3.11/concurrent/futures/thread.py", line 81, in _worker
    work_item = work_queue.get(block=True)

--- thread tui-rpc_2 (id=140516213647040) ---
  File "/home/luffy/.local/share/uv/python/cpython-3.11.15-linux-x86_64-gnu/lib/python3.11/threading.py", line 1002, in _bootstrap
    self._bootstrap_inner()
  File "/home/luffy/.local/share/uv/python/cpython-3.11.15-linux-x86_64-gnu/lib/python3.11/threading.py", line 1045, in _bootstrap_inner
    self.run()
  File "/home/luffy/.local/share/uv/python/cpython-3.11.15-linux-x86_64-gnu/lib/python3.11/threading.py", line 982, in run
    self._target(*self._args, **self._kwargs)
  File "/home/luffy/.local/share/uv/python/cpython-3.11.15-linux-x86_64-gnu/lib/python3.11/concurrent/futures/thread.py", line 81, in _worker
    work_item = work_queue.get(block=True)

--- thread Thread-32 (_cleanup_thread_worker) (id=140516196865728) ---
  File "/home/luffy/.local/share/uv/python/cpython-3.11.15-linux-x86_64-gnu/lib/python3.11/threading.py", line 1002, in _bootstrap
    self._bootstrap_inner()
  File "/home/luffy/.local/share/uv/python/cpython-3.11.15-linux-x86_64-gnu/lib/python3.11/threading.py", line 1045, in _bootstrap_inner
    self.run()
  File "/home/luffy/.local/share/uv/python/cpython-3.11.15-linux-x86_64-gnu/lib/python3.11/threading.py", line 982, in run
    self._target(*self._args, **self._kwargs)
  File "/home/luffy/.hermes/hermes-agent/tools/terminal_tool.py", line 1574, in _cleanup_thread_worker
    time.sleep(1)
[tui-parent] 2026-06-28T18:33:37.672Z [lifecycle] spawned gateway child pid=1132684 killed=false exitCode=null signal=null python=/home/luffy/.hermes/hermes-agent/venv/bin/python3 cwd=/home/luffy
[tui-parent] 2026-06-28T18:45:17.703Z graceful-exit received signal=SIGHUP → killing gateway

=== SIGHUP received · 2026-06-29 00:15:17 ===
main-thread stack at signal delivery:
  File "<frozen runpy>", line 198, in _run_module_as_main
  File "<frozen runpy>", line 88, in _run_code
  File "/home/luffy/.hermes/hermes-agent/tui_gateway/entry.py", line 350, in <module>
    main()
  File "/home/luffy/.hermes/hermes-agent/tui_gateway/entry.py", line 326, in main
    for raw in sys.stdin:
  File "/home/luffy/.hermes/hermes-agent/tui_gateway/entry.py", line 113, in _log_signal
    f.write("".join(traceback.format_stack(sys._current_frames().get(tid))))
  File "/home/luffy/.local/share/uv/python/cpython-3.11.15-linux-x86_64-gnu/lib/python3.11/traceback.py", line 214, in format_stack
    return format_list(extract_stack(f, limit=limit))
  File "/home/luffy/.local/share/uv/python/cpython-3.11.15-linux-x86_64-gnu/lib/python3.11/traceback.py", line 228, in extract_stack
    stack = StackSummary.extract(walk_stack(f), limit=limit)
  File "/home/luffy/.local/share/uv/python/cpython-3.11.15-linux-x86_64-gnu/lib/python3.11/traceback.py", line 390, in extract
    return klass._extract_from_extended_frame_gen(
  File "/home/luffy/.local/share/uv/python/cpython-3.11.15-linux-x86_64-gnu/lib/python3.11/traceback.py", line 433, in _extract_from_extended_frame_gen
    f.line
  File "/home/luffy/.local/share/uv/python/cpython-3.11.15-linux-x86_64-gnu/lib/python3.11/traceback.py", line 318, in line
    self._line = linecache.getline(self.filename, self.lineno)
  File "/home/luffy/.local/share/uv/python/cpython-3.11.15-linux-x86_64-gnu/lib/python3.11/linecache.py", line 30, in getline
    lines = getlines(filename, module_globals)
  File "/home/luffy/.local/share/uv/python/cpython-3.11.15-linux-x86_64-gnu/lib/python3.11/linecache.py", line 46, in getlines
    return updatecache(filename, module_globals)
  File "/home/luffy/.local/share/uv/python/cpython-3.11.15-linux-x86_64-gnu/lib/python3.11/linecache.py", line 137, in updatecache
    lines = fp.readlines()
  File "<frozen codecs>", line 319, in decode

--- thread MainThread (id=140682968758080) ---
  File "<frozen runpy>", line 198, in _run_module_as_main
  File "<frozen runpy>", line 88, in _run_code
  File "/home/luffy/.hermes/hermes-agent/tui_gateway/entry.py", line 350, in <module>
    main()
  File "/home/luffy/.hermes/hermes-agent/tui_gateway/entry.py", line 326, in main
    for raw in sys.stdin:
  File "/home/luffy/.hermes/hermes-agent/tui_gateway/entry.py", line 113, in _log_signal
    f.write("".join(traceback.format_stack(sys._current_frames().get(tid))))
  File "/home/luffy/.local/share/uv/python/cpython-3.11.15-linux-x86_64-gnu/lib/python3.11/traceback.py", line 214, in format_stack
    return format_list(extract_stack(f, limit=limit))
  File "/home/luffy/.local/share/uv/python/cpython-3.11.15-linux-x86_64-gnu/lib/python3.11/traceback.py", line 228, in extract_stack
    stack = StackSummary.extract(walk_stack(f), limit=limit)
  File "/home/luffy/.local/share/uv/python/cpython-3.11.15-linux-x86_64-gnu/lib/python3.11/traceback.py", line 390, in extract
    return klass._extract_from_extended_frame_gen(
  File "/home/luffy/.local/share/uv/python/cpython-3.11.15-linux-x86_64-gnu/lib/python3.11/traceback.py", line 433, in _extract_from_extended_frame_gen
    f.line
  File "/home/luffy/.local/share/uv/python/cpython-3.11.15-linux-x86_64-gnu/lib/python3.11/traceback.py", line 318, in line
    self._line = linecache.getline(self.filename, self.lineno)
  File "/home/luffy/.local/share/uv/python/cpython-3.11.15-linux-x86_64-gnu/lib/python3.11/linecache.py", line 30, in getline
    lines = getlines(filename, module_globals)
  File "/home/luffy/.local/share/uv/python/cpython-3.11.15-linux-x86_64-gnu/lib/python3.11/linecache.py", line 46, in getlines
    return updatecache(filename, module_globals)
  File "/home/luffy/.local/share/uv/python/cpython-3.11.15-linux-x86_64-gnu/lib/python3.11/linecache.py", line 137, in updatecache
    lines = fp.readlines()
  File "<frozen codecs>", line 319, in decode
  File "/home/luffy/.hermes/hermes-agent/tui_gateway/entry.py", line 113, in _log_signal
    f.write("".join(traceback.format_stack(sys._current_frames().get(tid))))

--- thread Thread-2 (_loop) (id=140682861737664) ---
  File "/home/luffy/.local/share/uv/python/cpython-3.11.15-linux-x86_64-gnu/lib/python3.11/threading.py", line 1002, in _bootstrap
    self._bootstrap_inner()
  File "/home/luffy/.local/share/uv/python/cpython-3.11.15-linux-x86_64-gnu/lib/python3.11/threading.py", line 1045, in _bootstrap_inner
    self.run()
  File "/home/luffy/.local/share/uv/python/cpython-3.11.15-linux-x86_64-gnu/lib/python3.11/threading.py", line 982, in run
    self._target(*self._args, **self._kwargs)
  File "/home/luffy/.hermes/hermes-agent/tui_gateway/server.py", line 839, in _loop
    time.sleep(_REAPER_SCAN_S)

--- thread tui-rpc_0 (id=140682942785216) ---
  File "/home/luffy/.local/share/uv/python/cpython-3.11.15-linux-x86_64-gnu/lib/python3.11/threading.py", line 1002, in _bootstrap
    self._bootstrap_inner()
  File "/home/luffy/.local/share/uv/python/cpython-3.11.15-linux-x86_64-gnu/lib/python3.11/threading.py", line 1045, in _bootstrap_inner
    self.run()
  File "/home/luffy/.local/share/uv/python/cpython-3.11.15-linux-x86_64-gnu/lib/python3.11/threading.py", line 982, in run
    self._target(*self._args, **self._kwargs)
  File "/home/luffy/.local/share/uv/python/cpython-3.11.15-linux-x86_64-gnu/lib/python3.11/concurrent/futures/thread.py", line 81, in _worker
    work_item = work_queue.get(block=True)

--- thread Thread-8 (_notification_poller_loop) (id=140682538047168) ---
  File "/home/luffy/.local/share/uv/python/cpython-3.11.15-linux-x86_64-gnu/lib/python3.11/threading.py", line 1002, in _bootstrap
    self._bootstrap_inner()
  File "/home/luffy/.local/share/uv/python/cpython-3.11.15-linux-x86_64-gnu/lib/python3.11/threading.py", line 1045, in _bootstrap_inner
    self.run()
  File "/home/luffy/.local/share/uv/python/cpython-3.11.15-linux-x86_64-gnu/lib/python3.11/threading.py", line 982, in run
    self._target(*self._args, **self._kwargs)
  File "/home/luffy/.hermes/hermes-agent/tui_gateway/server.py", line 8213, in _notification_poller_loop
    evt = process_registry.completion_queue.get(timeout=0.5)
  File "/home/luffy/.local/share/uv/python/cpython-3.11.15-linux-x86_64-gnu/lib/python3.11/queue.py", line 180, in get
    self.not_empty.wait(remaining)
  File "/home/luffy/.local/share/uv/python/cpython-3.11.15-linux-x86_64-gnu/lib/python3.11/threading.py", line 331, in wait
    gotit = waiter.acquire(True, timeout)

--- thread Thread-19 (_cleanup_thread_worker) (id=140682388047552) ---
  File "/home/luffy/.local/share/uv/python/cpython-3.11.15-linux-x86_64-gnu/lib/python3.11/threading.py", line 1002, in _bootstrap
    self._bootstrap_inner()
  File "/home/luffy/.local/share/uv/python/cpython-3.11.15-linux-x86_64-gnu/lib/python3.11/threading.py", line 1045, in _bootstrap_inner
    self.run()
  File "/home/luffy/.local/share/uv/python/cpython-3.11.15-linux-x86_64-gnu/lib/python3.11/threading.py", line 982, in run
    self._target(*self._args, **self._kwargs)
  File "/home/luffy/.hermes/hermes-agent/tools/terminal_tool.py", line 1574, in _cleanup_thread_worker
    time.sleep(1)

--- thread hermes-lsp-loop (id=140682378606272) ---
  File "/home/luffy/.local/share/uv/python/cpython-3.11.15-linux-x86_64-gnu/lib/python3.11/threading.py", line 1002, in _bootstrap
    self._bootstrap_inner()
  File "/home/luffy/.local/share/uv/python/cpython-3.11.15-linux-x86_64-gnu/lib/python3.11/threading.py", line 1045, in _bootstrap_inner
    self.run()
  File "/home/luffy/.local/share/uv/python/cpython-3.11.15-linux-x86_64-gnu/lib/python3.11/threading.py", line 982, in run
    self._target(*self._args, **self._kwargs)
  File "/home/luffy/.hermes/hermes-agent/agent/lsp/manager.py", line 93, in _run_forever
    loop.run_forever()
  File "/home/luffy/.local/share/uv/python/cpython-3.11.15-linux-x86_64-gnu/lib/python3.11/asyncio/base_events.py", line 608, in run_forever
    self._run_once()
  File "/home/luffy/.local/share/uv/python/cpython-3.11.15-linux-x86_64-gnu/lib/python3.11/asyncio/base_events.py", line 1898, in _run_once
    event_list = self._selector.select(timeout)
  File "/home/luffy/.local/share/uv/python/cpython-3.11.15-linux-x86_64-gnu/lib/python3.11/selectors.py", line 468, in select
    fd_event_list = self._selector.poll(timeout, max_ev)
[tui-parent] 2026-06-28T18:45:17.746Z uncaughtException: Error: write EIO

=== SIGHUP received · 2026-06-29 00:15:17 ===
main-thread stack at signal delivery:
  File "<frozen runpy>", line 198, in _run_module_as_main
  File "<frozen runpy>", line 88, in _run_code
  File "/home/luffy/.hermes/hermes-agent/tui_gateway/entry.py", line 350, in <module>
    main()
  File "/home/luffy/.hermes/hermes-agent/tui_gateway/entry.py", line 326, in main
    for raw in sys.stdin:

--- thread MainThread (id=140682968758080) ---
  File "<frozen runpy>", line 198, in _run_module_as_main
  File "<frozen runpy>", line 88, in _run_code
  File "/home/luffy/.hermes/hermes-agent/tui_gateway/entry.py", line 350, in <module>
    main()
  File "/home/luffy/.hermes/hermes-agent/tui_gateway/entry.py", line 326, in main
    for raw in sys.stdin:
  File "/home/luffy/.hermes/hermes-agent/tui_gateway/entry.py", line 113, in _log_signal
    f.write("".join(traceback.format_stack(sys._current_frames().get(tid))))

--- thread Thread-2 (_loop) (id=140682861737664) ---
[tui-parent] 2026-06-28T18:45:17.756Z [lifecycle] GatewayClient.kill reason=graceful-exit-cleanup pid=1132684 killed=true exitCode=null signal=null killResult=true

=== SIGTERM received · 2026-06-29 00:15:17 ===
main-thread stack at signal delivery:
  File "/home/luffy/.hermes/hermes-agent/tools/terminal_tool.py", line 1722, in _atexit_cleanup
    _stop_cleanup_thread()
  File "/home/luffy/.hermes/hermes-agent/tools/terminal_tool.py", line 1594, in _stop_cleanup_thread
    _cleanup_thread.join(timeout=5)
  File "/home/luffy/.local/share/uv/python/cpython-3.11.15-linux-x86_64-gnu/lib/python3.11/threading.py", line 1123, in join
    self._wait_for_tstate_lock(timeout=max(timeout, 0))
  File "/home/luffy/.local/share/uv/python/cpython-3.11.15-linux-x86_64-gnu/lib/python3.11/threading.py", line 1139, in _wait_for_tstate_lock
    if lock.acquire(block, timeout):

--- thread MainThread (id=140682968758080) ---
  File "/home/luffy/.hermes/hermes-agent/tools/terminal_tool.py", line 1722, in _atexit_cleanup
    _stop_cleanup_thread()
  File "/home/luffy/.hermes/hermes-agent/tools/terminal_tool.py", line 1594, in _stop_cleanup_thread
    _cleanup_thread.join(timeout=5)
  File "/home/luffy/.local/share/uv/python/cpython-3.11.15-linux-x86_64-gnu/lib/python3.11/threading.py", line 1123, in join
    self._wait_for_tstate_lock(timeout=max(timeout, 0))
  File "/home/luffy/.local/share/uv/python/cpython-3.11.15-linux-x86_64-gnu/lib/python3.11/threading.py", line 1139, in _wait_for_tstate_lock
    if lock.acquire(block, timeout):
  File "/home/luffy/.hermes/hermes-agent/tui_gateway/entry.py", line 113, in _log_signal
    f.write("".join(traceback.format_stack(sys._current_frames().get(tid))))

--- thread Thread-2 (_loop) (id=140682861737664) ---
  File "/home/luffy/.local/share/uv/python/cpython-3.11.15-linux-x86_64-gnu/lib/python3.11/threading.py", line 1002, in _bootstrap
    self._bootstrap_inner()
  File "/home/luffy/.local/share/uv/python/cpython-3.11.15-linux-x86_64-gnu/lib/python3.11/threading.py", line 1045, in _bootstrap_inner
    self.run()
  File "/home/luffy/.local/share/uv/python/cpython-3.11.15-linux-x86_64-gnu/lib/python3.11/threading.py", line 982, in run
    self._target(*self._args, **self._kwargs)
  File "/home/luffy/.hermes/hermes-agent/tui_gateway/server.py", line 839, in _loop
    time.sleep(_REAPER_SCAN_S)

--- thread Thread-8 (_notification_poller_loop) (id=140682538047168) ---
  File "/home/luffy/.local/share/uv/python/cpython-3.11.15-linux-x86_64-gnu/lib/python3.11/threading.py", line 1002, in _bootstrap
    self._bootstrap_inner()
  File "/home/luffy/.local/share/uv/python/cpython-3.11.15-linux-x86_64-gnu/lib/python3.11/threading.py", line 1045, in _bootstrap_inner
    self.run()
  File "/home/luffy/.local/share/uv/python/cpython-3.11.15-linux-x86_64-gnu/lib/python3.11/threading.py", line 982, in run
    self._target(*self._args, **self._kwargs)
  File "/home/luffy/.hermes/hermes-agent/tui_gateway/server.py", line 8213, in _notification_poller_loop
    evt = process_registry.completion_queue.get(timeout=0.5)
  File "/home/luffy/.local/share/uv/python/cpython-3.11.15-linux-x86_64-gnu/lib/python3.11/queue.py", line 180, in get
    self.not_empty.wait(remaining)
  File "/home/luffy/.local/share/uv/python/cpython-3.11.15-linux-x86_64-gnu/lib/python3.11/threading.py", line 331, in wait
    gotit = waiter.acquire(True, timeout)

--- thread Thread-19 (_cleanup_thread_worker) (id=140682388047552) ---
  File "/home/luffy/.local/share/uv/python/cpython-3.11.15-linux-x86_64-gnu/lib/python3.11/threading.py", line 1002, in _bootstrap
    self._bootstrap_inner()
  File "/home/luffy/.local/share/uv/python/cpython-3.11.15-linux-x86_64-gnu/lib/python3.11/threading.py", line 1045, in _bootstrap_inner
    self.run()
  File "/home/luffy/.local/share/uv/python/cpython-3.11.15-linux-x86_64-gnu/lib/python3.11/threading.py", line 982, in run
    self._target(*self._args, **self._kwargs)
  File "/home/luffy/.hermes/hermes-agent/tools/terminal_tool.py", line 1574, in _cleanup_thread_worker
    time.sleep(1)

--- thread Thread-64 (id=140682848102080) ---
  File "/home/luffy/.local/share/uv/python/cpython-3.11.15-linux-x86_64-gnu/lib/python3.11/threading.py", line 1002, in _bootstrap
    self._bootstrap_inner()
  File "/home/luffy/.local/share/uv/python/cpython-3.11.15-linux-x86_64-gnu/lib/python3.11/threading.py", line 1045, in _bootstrap_inner
    self.run()
  File "/home/luffy/.local/share/uv/python/cpython-3.11.15-linux-x86_64-gnu/lib/python3.11/threading.py", line 1399, in run
    self.finished.wait(self.interval)
  File "/home/luffy/.local/share/uv/python/cpython-3.11.15-linux-x86_64-gnu/lib/python3.11/threading.py", line 629, in wait
    signaled = self._cond.wait(timeout)
  File "/home/luffy/.local/share/uv/python/cpython-3.11.15-linux-x86_64-gnu/lib/python3.11/threading.py", line 331, in wait
    gotit = waiter.acquire(True, timeout)
[tui-parent] 2026-06-28T18:45:17.766Z unhandledRejection: Error: EIO: i/o error, write
[tui-parent] 2026-06-28T18:45:17.957Z [lifecycle] spawned gateway child pid=1297876 killed=false exitCode=null signal=null python=/home/luffy/.hermes/hermes-agent/venv/bin/python3 cwd=/home/luffy

=== gateway exit · 2026-06-29 00:15:21 · reason=stdin EOF (TUI closed the command pipe) ===

=== unhandled exception · 2026-06-29 00:15:21 ===
Traceback (most recent call last):
  File "<frozen runpy>", line 198, in _run_module_as_main
  File "<frozen runpy>", line 88, in _run_code
  File "/home/luffy/.hermes/hermes-agent/tui_gateway/entry.py", line 350, in <module>
    main()
  File "/home/luffy/.hermes/hermes-agent/tui_gateway/entry.py", line 346, in main
    _log_exit("stdin EOF (TUI closed the command pipe)")
  File "/home/luffy/.hermes/hermes-agent/tui_gateway/entry.py", line 204, in _log_exit
    print(f"[gateway-exit] {reason}", file=sys.stderr, flush=True)
BrokenPipeError: [Errno 32] Broken pipe
[tui-parent] 2026-06-28T18:46:51.615Z [lifecycle] spawned gateway child pid=1320360 killed=false exitCode=null signal=null python=/home/luffy/.hermes/hermes-agent/venv/bin/python3 cwd=/home/luffy
[tui-parent] 2026-06-28T18:48:48.961Z graceful-exit received signal=SIGHUP → killing gateway

=== SIGHUP received · 2026-06-29 00:18:48 ===
main-thread stack at signal delivery:
  File "<frozen runpy>", line 198, in _run_module_as_main
  File "<frozen runpy>", line 88, in _run_code
  File "/home/luffy/.hermes/hermes-agent/tui_gateway/entry.py", line 350, in <module>
    main()
  File "/home/luffy/.hermes/hermes-agent/tui_gateway/entry.py", line 326, in main
    for raw in sys.stdin:
  File "/home/luffy/.hermes/hermes-agent/tui_gateway/entry.py", line 113, in _log_signal
    f.write("".join(traceback.format_stack(sys._current_frames().get(tid))))
  File "/home/luffy/.local/share/uv/python/cpython-3.11.15-linux-x86_64-gnu/lib/python3.11/traceback.py", line 214, in format_stack
    return format_list(extract_stack(f, limit=limit))
  File "/home/luffy/.local/share/uv/python/cpython-3.11.15-linux-x86_64-gnu/lib/python3.11/traceback.py", line 228, in extract_stack
    stack = StackSummary.extract(walk_stack(f), limit=limit)
  File "/home/luffy/.local/share/uv/python/cpython-3.11.15-linux-x86_64-gnu/lib/python3.11/traceback.py", line 390, in extract
    return klass._extract_from_extended_frame_gen(
  File "/home/luffy/.local/share/uv/python/cpython-3.11.15-linux-x86_64-gnu/lib/python3.11/traceback.py", line 433, in _extract_from_extended_frame_gen
    f.line
  File "/home/luffy/.local/share/uv/python/cpython-3.11.15-linux-x86_64-gnu/lib/python3.11/traceback.py", line 318, in line
    self._line = linecache.getline(self.filename, self.lineno)
  File "/home/luffy/.local/share/uv/python/cpython-3.11.15-linux-x86_64-gnu/lib/python3.11/linecache.py", line 30, in getline
    lines = getlines(filename, module_globals)
  File "/home/luffy/.local/share/uv/python/cpython-3.11.15-linux-x86_64-gnu/lib/python3.11/linecache.py", line 46, in getlines
    return updatecache(filename, module_globals)
  File "/home/luffy/.local/share/uv/python/cpython-3.11.15-linux-x86_64-gnu/lib/python3.11/linecache.py", line 137, in updatecache
    lines = fp.readlines()
  File "<frozen codecs>", line 319, in decode

--- thread MainThread (id=139864770705216) ---
  File "<frozen runpy>", line 198, in _run_module_as_main
  File "<frozen runpy>", line 88, in _run_code
  File "/home/luffy/.hermes/hermes-agent/tui_gateway/entry.py", line 350, in <module>
    main()
  File "/home/luffy/.hermes/hermes-agent/tui_gateway/entry.py", line 326, in main
    for raw in sys.stdin:
  File "/home/luffy/.hermes/hermes-agent/tui_gateway/entry.py", line 113, in _log_signal
    f.write("".join(traceback.format_stack(sys._current_frames().get(tid))))
  File "/home/luffy/.local/share/uv/python/cpython-3.11.15-linux-x86_64-gnu/lib/python3.11/traceback.py", line 214, in format_stack
    return format_list(extract_stack(f, limit=limit))
  File "/home/luffy/.local/share/uv/python/cpython-3.11.15-linux-x86_64-gnu/lib/python3.11/traceback.py", line 228, in extract_stack
    stack = StackSummary.extract(walk_stack(f), limit=limit)
  File "/home/luffy/.local/share/uv/python/cpython-3.11.15-linux-x86_64-gnu/lib/python3.11/traceback.py", line 390, in extract
    return klass._extract_from_extended_frame_gen(
  File "/home/luffy/.local/share/uv/python/cpython-3.11.15-linux-x86_64-gnu/lib/python3.11/traceback.py", line 433, in _extract_from_extended_frame_gen
    f.line
  File "/home/luffy/.local/share/uv/python/cpython-3.11.15-linux-x86_64-gnu/lib/python3.11/traceback.py", line 318, in line
    self._line = linecache.getline(self.filename, self.lineno)
  File "/home/luffy/.local/share/uv/python/cpython-3.11.15-linux-x86_64-gnu/lib/python3.11/linecache.py", line 30, in getline
    lines = getlines(filename, module_globals)
  File "/home/luffy/.local/share/uv/python/cpython-3.11.15-linux-x86_64-gnu/lib/python3.11/linecache.py", line 46, in getlines
    return updatecache(filename, module_globals)
  File "/home/luffy/.local/share/uv/python/cpython-3.11.15-linux-x86_64-gnu/lib/python3.11/linecache.py", line 137, in updatecache
    lines = fp.readlines()
  File "<frozen codecs>", line 319, in decode
  File "/home/luffy/.hermes/hermes-agent/tui_gateway/entry.py", line 113, in _log_signal
    f.write("".join(traceback.format_stack(sys._current_frames().get(tid))))

--- thread Thread-2 (_loop) (id=139864736442048) ---
  File "/home/luffy/.local/share/uv/python/cpython-3.11.15-linux-x86_64-gnu/lib/python3.11/threading.py", line 1002, in _bootstrap
    self._bootstrap_inner()
  File "/home/luffy/.local/share/uv/python/cpython-3.11.15-linux-x86_64-gnu/lib/python3.11/threading.py", line 1045, in _bootstrap_inner
    self.run()
  File "/home/luffy/.local/share/uv/python/cpython-3.11.15-linux-x86_64-gnu/lib/python3.11/threading.py", line 982, in run
    self._target(*self._args, **self._kwargs)
  File "/home/luffy/.hermes/hermes-agent/tui_gateway/server.py", line 839, in _loop
    time.sleep(_REAPER_SCAN_S)

--- thread tui-rpc_0 (id=139864744834752) ---
  File "/home/luffy/.local/share/uv/python/cpython-3.11.15-linux-x86_64-gnu/lib/python3.11/threading.py", line 1002, in _bootstrap
    self._bootstrap_inner()
  File "/home/luffy/.local/share/uv/python/cpython-3.11.15-linux-x86_64-gnu/lib/python3.11/threading.py", line 1045, in _bootstrap_inner
    self.run()
  File "/home/luffy/.local/share/uv/python/cpython-3.11.15-linux-x86_64-gnu/lib/python3.11/threading.py", line 982, in run
    self._target(*self._args, **self._kwargs)
  File "/home/luffy/.local/share/uv/python/cpython-3.11.15-linux-x86_64-gnu/lib/python3.11/concurrent/futures/thread.py", line 81, in _worker
    work_item = work_queue.get(block=True)

--- thread Thread-6 (_drain_stdout) (id=139864708925120) ---
  File "/home/luffy/.local/share/uv/python/cpython-3.11.15-linux-x86_64-gnu/lib/python3.11/threading.py", line 1002, in _bootstrap
    self._bootstrap_inner()
  File "/home/luffy/.local/share/uv/python/cpython-3.11.15-linux-x86_64-gnu/lib/python3.11/threading.py", line 1045, in _bootstrap_inner
    self.run()
  File "/home/luffy/.local/share/uv/python/cpython-3.11.15-linux-x86_64-gnu/lib/python3.11/threading.py", line 982, in run
    self._target(*self._args, **self._kwargs)
  File "/home/luffy/.hermes/hermes-agent/tui_gateway/server.py", line 297, in _drain_stdout
    for line in self.proc.stdout or []:

--- thread Thread-7 (_drain_stderr) (id=139864717317824) ---
  File "/home/luffy/.local/share/uv/python/cpython-3.11.15-linux-x86_64-gnu/lib/python3.11/threading.py", line 1002, in _bootstrap
    self._bootstrap_inner()
  File "/home/luffy/.local/share/uv/python/cpython-3.11.15-linux-x86_64-gnu/lib/python3.11/threading.py", line 1045, in _bootstrap_inner
    self.run()
  File "/home/luffy/.local/share/uv/python/cpython-3.11.15-linux-x86_64-gnu/lib/python3.11/threading.py", line 982, in run
    self._target(*self._args, **self._kwargs)
  File "/home/luffy/.hermes/hermes-agent/tui_gateway/server.py", line 305, in _drain_stderr
    for line in self.proc.stderr or []:

--- thread Thread-8 (_notification_poller_loop) (id=139864273168064) ---
  File "/home/luffy/.local/share/uv/python/cpython-3.11.15-linux-x86_64-gnu/lib/python3.11/threading.py", line 1002, in _bootstrap
    self._bootstrap_inner()
  File "/home/luffy/.local/share/uv/python/cpython-3.11.15-linux-x86_64-gnu/lib/python3.11/threading.py", line 1045, in _bootstrap_inner
    self.run()
  File "/home/luffy/.local/share/uv/python/cpython-3.11.15-linux-x86_64-gnu/lib/python3.11/threading.py", line 982, in run
    self._target(*self._args, **self._kwargs)
  File "/home/luffy/.hermes/hermes-agent/tui_gateway/server.py", line 8213, in _notification_poller_loop
    evt = process_registry.completion_queue.get(timeout=0.5)
  File "/home/luffy/.local/share/uv/python/cpython-3.11.15-linux-x86_64-gnu/lib/python3.11/queue.py", line 180, in get
    self.not_empty.wait(remaining)
  File "/home/luffy/.local/share/uv/python/cpython-3.11.15-linux-x86_64-gnu/lib/python3.11/threading.py", line 331, in wait
    gotit = waiter.acquire(True, timeout)

--- thread tui-rpc_1 (id=139864700532416) ---
  File "/home/luffy/.local/share/uv/python/cpython-3.11.15-linux-x86_64-gnu/lib/python3.11/threading.py", line 1002, in _bootstrap
    self._bootstrap_inner()
  File "/home/luffy/.local/share/uv/python/cpython-3.11.15-linux-x86_64-gnu/lib/python3.11/threading.py", line 1045, in _bootstrap_inner
    self.run()
  File "/home/luffy/.local/share/uv/python/cpython-3.11.15-linux-x86_64-gnu/lib/python3.11/threading.py", line 982, in run
    self._target(*self._args, **self._kwargs)
  File "/home/luffy/.local/share/uv/python/cpython-3.11.15-linux-x86_64-gnu/lib/python3.11/concurrent/futures/thread.py", line 81, in _worker
    work_item = work_queue.get(block=True)

--- thread Thread-19 (_cleanup_thread_worker) (id=139864256652992) ---
  File "/home/luffy/.local/share/uv/python/cpython-3.11.15-linux-x86_64-gnu/lib/python3.11/threading.py", line 1002, in _bootstrap
    self._bootstrap_inner()
  File "/home/luffy/.local/share/uv/python/cpython-3.11.15-linux-x86_64-gnu/lib/python3.11/threading.py", line 1045, in _bootstrap_inner
    self.run()
  File "/home/luffy/.local/share/uv/python/cpython-3.11.15-linux-x86_64-gnu/lib/python3.11/threading.py", line 982, in run
    self._target(*self._args, **self._kwargs)
  File "/home/luffy/.hermes/hermes-agent/tools/terminal_tool.py", line 1574, in _cleanup_thread_worker
    time.sleep(1)

--- thread hermes-lsp-loop (id=139864238819008) ---
  File "/home/luffy/.local/share/uv/python/cpython-3.11.15-linux-x86_64-gnu/lib/python3.11/threading.py", line 1002, in _bootstrap
    self._bootstrap_inner()
  File "/home/luffy/.local/share/uv/python/cpython-3.11.15-linux-x86_64-gnu/lib/python3.11/threading.py", line 1045, in _bootstrap_inner
    self.run()
  File "/home/luffy/.local/share/uv/python/cpython-3.11.15-linux-x86_64-gnu/lib/python3.11/threading.py", line 982, in run
    self._target(*self._args, **self._kwargs)
  File "/home/luffy/.hermes/hermes-agent/agent/lsp/manager.py", line 93, in _run_forever
    loop.run_forever()
  File "/home/luffy/.local/share/uv/python/cpython-3.11.15-linux-x86_64-gnu/lib/python3.11/asyncio/base_events.py", line 608, in run_forever
    self._run_once()
  File "/home/luffy/.local/share/uv/python/cpython-3.11.15-linux-x86_64-gnu/lib/python3.11/asyncio/base_events.py", line 1898, in _run_once
    event_list = self._selector.select(timeout)
  File "/home/luffy/.local/share/uv/python/cpython-3.11.15-linux-x86_64-gnu/lib/python3.11/selectors.py", line 468, in select
    fd_event_list = self._selector.poll(timeout, max_ev)

=== SIGHUP received · 2026-06-29 00:18:48 ===
main-thread stack at signal delivery:
  File "<frozen runpy>", line 198, in _run_module_as_main
  File "<frozen runpy>", line 88, in _run_code
  File "/home/luffy/.hermes/hermes-agent/tui_gateway/entry.py", line 350, in <module>
    main()
  File "/home/luffy/.hermes/hermes-agent/tui_gateway/entry.py", line 326, in main
    for raw in sys.stdin:

--- thread MainThread (id=139864770705216) ---
  File "<frozen runpy>", line 198, in _run_module_as_main
  File "<frozen runpy>", line 88, in _run_code
  File "/home/luffy/.hermes/hermes-agent/tui_gateway/entry.py", line 350, in <module>
    main()
  File "/home/luffy/.hermes/hermes-agent/tui_gateway/entry.py", line 326, in main
    for raw in sys.stdin:
  File "/home/luffy/.hermes/hermes-agent/tui_gateway/entry.py", line 113, in _log_signal
    f.write("".join(traceback.format_stack(sys._current_frames().get(tid))))

--- thread Thread-2 (_loop) (id=139864736442048) ---
[tui-parent] 2026-06-28T18:48:49.017Z uncaughtException: Error: write EIO
[tui-parent] 2026-06-28T18:48:49.034Z [lifecycle] GatewayClient.kill reason=graceful-exit-cleanup pid=1320360 killed=true exitCode=null signal=null killResult=true

=== SIGTERM received · 2026-06-29 00:18:49 ===
main-thread stack at signal delivery:
  File "/home/luffy/.hermes/hermes-agent/tools/terminal_tool.py", line 1722, in _atexit_cleanup
    _stop_cleanup_thread()
  File "/home/luffy/.hermes/hermes-agent/tools/terminal_tool.py", line 1594, in _stop_cleanup_thread
    _cleanup_thread.join(timeout=5)
  File "/home/luffy/.local/share/uv/python/cpython-3.11.15-linux-x86_64-gnu/lib/python3.11/threading.py", line 1123, in join
    self._wait_for_tstate_lock(timeout=max(timeout, 0))
  File "/home/luffy/.local/share/uv/python/cpython-3.11.15-linux-x86_64-gnu/lib/python3.11/threading.py", line 1139, in _wait_for_tstate_lock
    if lock.acquire(block, timeout):

--- thread MainThread (id=139864770705216) ---
  File "/home/luffy/.hermes/hermes-agent/tools/terminal_tool.py", line 1722, in _atexit_cleanup
    _stop_cleanup_thread()
  File "/home/luffy/.hermes/hermes-agent/tools/terminal_tool.py", line 1594, in _stop_cleanup_thread
    _cleanup_thread.join(timeout=5)
  File "/home/luffy/.local/share/uv/python/cpython-3.11.15-linux-x86_64-gnu/lib/python3.11/threading.py", line 1123, in join
    self._wait_for_tstate_lock(timeout=max(timeout, 0))
  File "/home/luffy/.local/share/uv/python/cpython-3.11.15-linux-x86_64-gnu/lib/python3.11/threading.py", line 1139, in _wait_for_tstate_lock
    if lock.acquire(block, timeout):
  File "/home/luffy/.hermes/hermes-agent/tui_gateway/entry.py", line 113, in _log_signal
    f.write("".join(traceback.format_stack(sys._current_frames().get(tid))))

--- thread Thread-2 (_loop) (id=139864736442048) ---
  File "/home/luffy/.local/share/uv/python/cpython-3.11.15-linux-x86_64-gnu/lib/python3.11/threading.py", line 1002, in _bootstrap
    self._bootstrap_inner()
  File "/home/luffy/.local/share/uv/python/cpython-3.11.15-linux-x86_64-gnu/lib/python3.11/threading.py", line 1045, in _bootstrap_inner
    self.run()
  File "/home/luffy/.local/share/uv/python/cpython-3.11.15-linux-x86_64-gnu/lib/python3.11/threading.py", line 982, in run
    self._target(*self._args, **self._kwargs)
  File "/home/luffy/.hermes/hermes-agent/tui_gateway/server.py", line 839, in _loop
    time.sleep(_REAPER_SCAN_S)

--- thread Thread-8 (_notification_poller_loop) (id=139864273168064) ---
  File "/home/luffy/.local/share/uv/python/cpython-3.11.15-linux-x86_64-gnu/lib/python3.11/threading.py", line 1002, in _bootstrap
    self._bootstrap_inner()
  File "/home/luffy/.local/share/uv/python/cpython-3.11.15-linux-x86_64-gnu/lib/python3.11/threading.py", line 1045, in _bootstrap_inner
    self.run()
  File "/home/luffy/.local/share/uv/python/cpython-3.11.15-linux-x86_64-gnu/lib/python3.11/threading.py", line 982, in run
    self._target(*self._args, **self._kwargs)
  File "/home/luffy/.hermes/hermes-agent/tui_gateway/server.py", line 8213, in _notification_poller_loop
    evt = process_registry.completion_queue.get(timeout=0.5)
  File "/home/luffy/.local/share/uv/python/cpython-3.11.15-linux-x86_64-gnu/lib/python3.11/queue.py", line 180, in get
    self.not_empty.wait(remaining)
  File "/home/luffy/.local/share/uv/python/cpython-3.11.15-linux-x86_64-gnu/lib/python3.11/threading.py", line 331, in wait
    gotit = waiter.acquire(True, timeout)

--- thread Thread-19 (_cleanup_thread_worker) (id=139864256652992) ---
  File "/home/luffy/.local/share/uv/python/cpython-3.11.15-linux-x86_64-gnu/lib/python3.11/threading.py", line 1002, in _bootstrap
    self._bootstrap_inner()
  File "/home/luffy/.local/share/uv/python/cpython-3.11.15-linux-x86_64-gnu/lib/python3.11/threading.py", line 1045, in _bootstrap_inner
    self.run()
  File "/home/luffy/.local/share/uv/python/cpython-3.11.15-linux-x86_64-gnu/lib/python3.11/threading.py", line 982, in run
    self._target(*self._args, **self._kwargs)
  File "/home/luffy/.hermes/hermes-agent/tools/terminal_tool.py", line 1574, in _cleanup_thread_worker
    time.sleep(1)

--- thread Thread-27 (id=139864248260288) ---
  File "/home/luffy/.local/share/uv/python/cpython-3.11.15-linux-x86_64-gnu/lib/python3.11/threading.py", line 1002, in _bootstrap
    self._bootstrap_inner()
  File "/home/luffy/.local/share/uv/python/cpython-3.11.15-linux-x86_64-gnu/lib/python3.11/threading.py", line 1045, in _bootstrap_inner
    self.run()
  File "/home/luffy/.local/share/uv/python/cpython-3.11.15-linux-x86_64-gnu/lib/python3.11/threading.py", line 1399, in run
    self.finished.wait(self.interval)
  File "/home/luffy/.local/share/uv/python/cpython-3.11.15-linux-x86_64-gnu/lib/python3.11/threading.py", line 629, in wait
    signaled = self._cond.wait(timeout)
  File "/home/luffy/.local/share/uv/python/cpython-3.11.15-linux-x86_64-gnu/lib/python3.11/threading.py", line 331, in wait
    gotit = waiter.acquire(True, timeout)
[tui-parent] 2026-06-28T18:48:49.046Z unhandledRejection: Error: EIO: i/o error, write
[tui-parent] 2026-06-28T18:48:49.541Z [lifecycle] child exit pid=1320360 killed=true exitCode=0 signal=null code=0 signal=null
[tui-parent] 2026-06-28T18:48:49.541Z [lifecycle] transport exit code=0 reason=none
[tui-parent] 2026-06-28T18:48:49.546Z [lifecycle] spawned gateway child pid=1348818 killed=false exitCode=null signal=null python=/home/luffy/.hermes/hermes-agent/venv/bin/python3 cwd=/home/luffy

=== gateway exit · 2026-06-29 00:18:53 · reason=stdin EOF (TUI closed the command pipe) ===

=== unhandled exception · 2026-06-29 00:18:53 ===
Traceback (most recent call last):
  File "<frozen runpy>", line 198, in _run_module_as_main
  File "<frozen runpy>", line 88, in _run_code
  File "/home/luffy/.hermes/hermes-agent/tui_gateway/entry.py", line 350, in <module>
    main()
  File "/home/luffy/.hermes/hermes-agent/tui_gateway/entry.py", line 346, in main
    _log_exit("stdin EOF (TUI closed the command pipe)")
  File "/home/luffy/.hermes/hermes-agent/tui_gateway/entry.py", line 204, in _log_exit
    print(f"[gateway-exit] {reason}", file=sys.stderr, flush=True)
BrokenPipeError: [Errno 32] Broken pipe
[tui-parent] 2026-06-28T19:30:54.840Z [lifecycle] spawned gateway child pid=1938595 killed=false exitCode=null signal=null python=/home/luffy/.hermes/hermes-agent/venv/bin/python3 cwd=/home/luffy

=== SIGHUP received · 2026-06-29 01:11:46 ===
main-thread stack at signal delivery:
  File "<frozen runpy>", line 198, in _run_module_as_main
  File "<frozen runpy>", line 88, in _run_code
  File "/home/luffy/.hermes/hermes-agent/tui_gateway/entry.py", line 350, in <module>
    main()
  File "/home/luffy/.hermes/hermes-agent/tui_gateway/entry.py", line 326, in main
    for raw in sys.stdin:

--- thread MainThread (id=140262915630912) ---
  File "<frozen runpy>", line 198, in _run_module_as_main
  File "<frozen runpy>", line 88, in _run_code
  File "/home/luffy/.hermes/hermes-agent/tui_gateway/entry.py", line 350, in <module>
    main()
  File "/home/luffy/.hermes/hermes-agent/tui_gateway/entry.py", line 326, in main
    for raw in sys.stdin:
  File "/home/luffy/.hermes/hermes-agent/tui_gateway/entry.py", line 113, in _log_signal
    f.write("".join(traceback.format_stack(sys._current_frames().get(tid))))

--- thread Thread-2 (_loop) (id=140262889715392) ---
  File "/home/luffy/.local/share/uv/python/cpython-3.11.15-linux-x86_64-gnu/lib/python3.11/threading.py", line 1002, in _bootstrap
    self._bootstrap_inner()
  File "/home/luffy/.local/share/uv/python/cpython-3.11.15-linux-x86_64-gnu/lib/python3.11/threading.py", line 1045, in _bootstrap_inner
    self.run()
  File "/home/luffy/.local/share/uv/python/cpython-3.11.15-linux-x86_64-gnu/lib/python3.11/threading.py", line 982, in run
    self._target(*self._args, **self._kwargs)
  File "/home/luffy/.hermes/hermes-agent/tui_gateway/server.py", line 839, in _loop
    time.sleep(_REAPER_SCAN_S)

--- thread tui-rpc_0 (id=140262880274112) ---
  File "/home/luffy/.local/share/uv/python/cpython-3.11.15-linux-x86_64-gnu/lib/python3.11/threading.py", line 1002, in _bootstrap
    self._bootstrap_inner()
  File "/home/luffy/.local/share/uv/python/cpython-3.11.15-linux-x86_64-gnu/lib/python3.11/threading.py", line 1045, in _bootstrap_inner
    self.run()
  File "/home/luffy/.local/share/uv/python/cpython-3.11.15-linux-x86_64-gnu/lib/python3.11/threading.py", line 982, in run
    self._target(*self._args, **self._kwargs)
  File "/home/luffy/.local/share/uv/python/cpython-3.11.15-linux-x86_64-gnu/lib/python3.11/concurrent/futures/thread.py", line 81, in _worker
    work_item = work_queue.get(block=True)

=== SIGHUP received · 2026-06-29 01:11:46 ===
main-thread stack at signal delivery:
  File "/home/luffy/.hermes/hermes-agent/tools/terminal_tool.py", line 1722, in _atexit_cleanup
    _stop_cleanup_thread()
  File "/home/luffy/.hermes/hermes-agent/tools/terminal_tool.py", line 1594, in _stop_cleanup_thread
    _cleanup_thread.join(timeout=5)
  File "/home/luffy/.local/share/uv/python/cpython-3.11.15-linux-x86_64-gnu/lib/python3.11/threading.py", line 1123, in join
    self._wait_for_tstate_lock(timeout=max(timeout, 0))
  File "/home/luffy/.local/share/uv/python/cpython-3.11.15-linux-x86_64-gnu/lib/python3.11/threading.py", line 1139, in _wait_for_tstate_lock
    if lock.acquire(block, timeout):

--- thread MainThread (id=140262915630912) ---
  File "/home/luffy/.hermes/hermes-agent/tools/terminal_tool.py", line 1722, in _atexit_cleanup
    _stop_cleanup_thread()
  File "/home/luffy/.hermes/hermes-agent/tools/terminal_tool.py", line 1594, in _stop_cleanup_thread
    _cleanup_thread.join(timeout=5)
  File "/home/luffy/.local/share/uv/python/cpython-3.11.15-linux-x86_64-gnu/lib/python3.11/threading.py", line 1123, in join
    self._wait_for_tstate_lock(timeout=max(timeout, 0))
  File "/home/luffy/.local/share/uv/python/cpython-3.11.15-linux-x86_64-gnu/lib/python3.11/threading.py", line 1139, in _wait_for_tstate_lock
    if lock.acquire(block, timeout):
  File "/home/luffy/.hermes/hermes-agent/tui_gateway/entry.py", line 113, in _log_signal
    f.write("".join(traceback.format_stack(sys._current_frames().get(tid))))

--- thread Thread-2 (_loop) (id=140262889715392) ---
  File "/home/luffy/.local/share/uv/python/cpython-3.11.15-linux-x86_64-gnu/lib/python3.11/threading.py", line 1002, in _bootstrap
    self._bootstrap_inner()
  File "/home/luffy/.local/share/uv/python/cpython-3.11.15-linux-x86_64-gnu/lib/python3.11/threading.py", line 1045, in _bootstrap_inner
    self.run()
  File "/home/luffy/.local/share/uv/python/cpython-3.11.15-linux-x86_64-gnu/lib/python3.11/threading.py", line 982, in run
    self._target(*self._args, **self._kwargs)
  File "/home/luffy/.hermes/hermes-agent/tui_gateway/server.py", line 839, in _loop
    time.sleep(_REAPER_SCAN_S)

--- thread Thread-14 (_notification_poller_loop) (id=140262862198464) ---
  File "/home/luffy/.local/share/uv/python/cpython-3.11.15-linux-x86_64-gnu/lib/python3.11/threading.py", line 1002, in _bootstrap
    self._bootstrap_inner()
  File "/home/luffy/.local/share/uv/python/cpython-3.11.15-linux-x86_64-gnu/lib/python3.11/threading.py", line 1045, in _bootstrap_inner
    self.run()
  File "/home/luffy/.local/share/uv/python/cpython-3.11.15-linux-x86_64-gnu/lib/python3.11/threading.py", line 982, in run
    self._target(*self._args, **self._kwargs)
  File "/home/luffy/.hermes/hermes-agent/tui_gateway/server.py", line 8213, in _notification_poller_loop
    evt = process_registry.completion_queue.get(timeout=0.5)
  File "/home/luffy/.local/share/uv/python/cpython-3.11.15-linux-x86_64-gnu/lib/python3.11/queue.py", line 180, in get
    self.not_empty.wait(remaining)
  File "/home/luffy/.local/share/uv/python/cpython-3.11.15-linux-x86_64-gnu/lib/python3.11/threading.py", line 331, in wait
    gotit = waiter.acquire(True, timeout)

--- thread Thread-18 (_cleanup_thread_worker) (id=140262385436352) ---
  File "/home/luffy/.local/share/uv/python/cpython-3.11.15-linux-x86_64-gnu/lib/python3.11/threading.py", line 1002, in _bootstrap
    self._bootstrap_inner()
  File "/home/luffy/.local/share/uv/python/cpython-3.11.15-linux-x86_64-gnu/lib/python3.11/threading.py", line 1045, in _bootstrap_inner
    self.run()
  File "/home/luffy/.local/share/uv/python/cpython-3.11.15-linux-x86_64-gnu/lib/python3.11/threading.py", line 982, in run
    self._target(*self._args, **self._kwargs)
  File "/home/luffy/.hermes/hermes-agent/tools/terminal_tool.py", line 1574, in _cleanup_thread_worker
    time.sleep(1)

--- thread Thread-161 (id=140262393829056) ---
  File "/home/luffy/.local/share/uv/python/cpython-3.11.15-linux-x86_64-gnu/lib/python3.11/threading.py", line 1002, in _bootstrap
    self._bootstrap_inner()
  File "/home/luffy/.local/share/uv/python/cpython-3.11.15-linux-x86_64-gnu/lib/python3.11/threading.py", line 1045, in _bootstrap_inner
    self.run()
  File "/home/luffy/.local/share/uv/python/cpython-3.11.15-linux-x86_64-gnu/lib/python3.11/threading.py", line 1399, in run
    self.finished.wait(self.interval)
  File "/home/luffy/.local/share/uv/python/cpython-3.11.15-linux-x86_64-gnu/lib/python3.11/threading.py", line 629, in wait
    signaled = self._cond.wait(timeout)
  File "/home/luffy/.local/share/uv/python/cpython-3.11.15-linux-x86_64-gnu/lib/python3.11/threading.py", line 331, in wait
    gotit = waiter.acquire(True, timeout)
[tui-parent] 2026-06-28T19:41:46.970Z uncaughtException: Error: write EIO
[tui-parent] 2026-06-28T19:41:46.988Z graceful-exit received signal=SIGHUP → killing gateway
[tui-parent] 2026-06-28T19:41:46.992Z uncaughtException: Error: write EIO
[tui-parent] 2026-06-28T19:41:47.009Z [lifecycle] GatewayClient.kill reason=graceful-exit-cleanup pid=1938595 killed=true exitCode=null signal=null killResult=true
[tui-parent] 2026-06-28T19:41:47.021Z unhandledRejection: Error: EIO: i/o error, write
[tui-parent] 2026-06-28T19:41:47.087Z [lifecycle] child exit pid=1938595 killed=true exitCode=null signal=SIGTERM code=null signal=SIGTERM
[tui-parent] 2026-06-28T19:41:47.087Z [lifecycle] transport exit code=null reason=none
[tui-parent] 2026-06-28T19:41:47.103Z [lifecycle] spawned gateway child pid=2126853 killed=false exitCode=null signal=null python=/home/luffy/.hermes/hermes-agent/venv/bin/python3 cwd=/home/luffy

=== gateway exit · 2026-06-29 01:11:51 · reason=stdin EOF (TUI closed the command pipe) ===

=== unhandled exception · 2026-06-29 01:11:51 ===
Traceback (most recent call last):
  File "<frozen runpy>", line 198, in _run_module_as_main
  File "<frozen runpy>", line 88, in _run_code
  File "/home/luffy/.hermes/hermes-agent/tui_gateway/entry.py", line 350, in <module>
    main()
  File "/home/luffy/.hermes/hermes-agent/tui_gateway/entry.py", line 346, in main
    _log_exit("stdin EOF (TUI closed the command pipe)")
  File "/home/luffy/.hermes/hermes-agent/tui_gateway/entry.py", line 204, in _log_exit
    print(f"[gateway-exit] {reason}", file=sys.stderr, flush=True)
BrokenPipeError: [Errno 32] Broken pipe
[tui-parent] 2026-06-28T19:42:06.443Z [lifecycle] spawned gateway child pid=2134957 killed=false exitCode=null signal=null python=/home/luffy/.hermes/hermes-agent/venv/bin/python3 cwd=/home/luffy
[tui-parent] 2026-06-28T19:42:46.782Z [lifecycle] GatewayClient.kill reason=app.die pid=2134957 killed=true exitCode=null signal=null killResult=true

=== SIGTERM received · 2026-06-29 01:12:46 ===
main-thread stack at signal delivery:
  File "<frozen runpy>", line 198, in _run_module_as_main
  File "<frozen runpy>", line 88, in _run_code
  File "/home/luffy/.hermes/hermes-agent/tui_gateway/entry.py", line 350, in <module>
    main()
  File "/home/luffy/.hermes/hermes-agent/tui_gateway/entry.py", line 326, in main
    for raw in sys.stdin:

--- thread MainThread (id=139839837906752) ---
  File "<frozen runpy>", line 198, in _run_module_as_main
  File "<frozen runpy>", line 88, in _run_code
  File "/home/luffy/.hermes/hermes-agent/tui_gateway/entry.py", line 350, in <module>
    main()
  File "/home/luffy/.hermes/hermes-agent/tui_gateway/entry.py", line 326, in main
    for raw in sys.stdin:
  File "/home/luffy/.hermes/hermes-agent/tui_gateway/entry.py", line 113, in _log_signal
    f.write("".join(traceback.format_stack(sys._current_frames().get(tid))))

--- thread Thread-2 (_loop) (id=139839803631296) ---
  File "/home/luffy/.local/share/uv/python/cpython-3.11.15-linux-x86_64-gnu/lib/python3.11/threading.py", line 1002, in _bootstrap
    self._bootstrap_inner()
  File "/home/luffy/.local/share/uv/python/cpython-3.11.15-linux-x86_64-gnu/lib/python3.11/threading.py", line 1045, in _bootstrap_inner
    self.run()
  File "/home/luffy/.local/share/uv/python/cpython-3.11.15-linux-x86_64-gnu/lib/python3.11/threading.py", line 982, in run
    self._target(*self._args, **self._kwargs)
  File "/home/luffy/.hermes/hermes-agent/tui_gateway/server.py", line 839, in _loop
    time.sleep(_REAPER_SCAN_S)

--- thread tui-rpc_0 (id=139839812024000) ---
  File "/home/luffy/.local/share/uv/python/cpython-3.11.15-linux-x86_64-gnu/lib/python3.11/threading.py", line 1002, in _bootstrap
    self._bootstrap_inner()
  File "/home/luffy/.local/share/uv/python/cpython-3.11.15-linux-x86_64-gnu/lib/python3.11/threading.py", line 1045, in _bootstrap_inner
    self.run()
  File "/home/luffy/.local/share/uv/python/cpython-3.11.15-linux-x86_64-gnu/lib/python3.11/threading.py", line 982, in run
    self._target(*self._args, **self._kwargs)
  File "/home/luffy/.local/share/uv/python/cpython-3.11.15-linux-x86_64-gnu/lib/python3.11/concurrent/futures/thread.py", line 81, in _worker
    work_item = work_queue.get(block=True)

--- thread Thread-12 (_drain_stdout) (id=139839571752640) ---
  File "/home/luffy/.local/share/uv/python/cpython-3.11.15-linux-x86_64-gnu/lib/python3.11/threading.py", line 1002, in _bootstrap
    self._bootstrap_inner()
  File "/home/luffy/.local/share/uv/python/cpython-3.11.15-linux-x86_64-gnu/lib/python3.11/threading.py", line 1045, in _bootstrap_inner
    self.run()
  File "/home/luffy/.local/share/uv/python/cpython-3.11.15-linux-x86_64-gnu/lib/python3.11/threading.py", line 982, in run
    self._target(*self._args, **self._kwargs)
  File "/home/luffy/.hermes/hermes-agent/tui_gateway/server.py", line 297, in _drain_stdout
    for line in self.proc.stdout or []:

--- thread Thread-13 (_drain_stderr) (id=139839784507072) ---
  File "/home/luffy/.local/share/uv/python/cpython-3.11.15-linux-x86_64-gnu/lib/python3.11/threading.py", line 1002, in _bootstrap
    self._bootstrap_inner()
  File "/home/luffy/.local/share/uv/python/cpython-3.11.15-linux-x86_64-gnu/lib/python3.11/threading.py", line 1045, in _bootstrap_inner
    self.run()
  File "/home/luffy/.local/share/uv/python/cpython-3.11.15-linux-x86_64-gnu/lib/python3.11/threading.py", line 982, in run
    self._target(*self._args, **self._kwargs)
  File "/home/luffy/.hermes/hermes-agent/tui_gateway/server.py", line 305, in _drain_stderr
    for line in self.proc.stderr or []:

--- thread Thread-14 (_notification_poller_loop) (id=139839382222528) ---
  File "/home/luffy/.local/share/uv/python/cpython-3.11.15-linux-x86_64-gnu/lib/python3.11/threading.py", line 1002, in _bootstrap
    self._bootstrap_inner()
  File "/home/luffy/.local/share/uv/python/cpython-3.11.15-linux-x86_64-gnu/lib/python3.11/threading.py", line 1045, in _bootstrap_inner
    self.run()
  File "/home/luffy/.local/share/uv/python/cpython-3.11.15-linux-x86_64-gnu/lib/python3.11/threading.py", line 982, in run
    self._target(*self._args, **self._kwargs)
  File "/home/luffy/.hermes/hermes-agent/tui_gateway/server.py", line 8213, in _notification_poller_loop
    evt = process_registry.completion_queue.get(timeout=0.5)
  File "/home/luffy/.local/share/uv/python/cpython-3.11.15-linux-x86_64-gnu/lib/python3.11/queue.py", line 180, in get
    self.not_empty.wait(remaining)
  File "/home/luffy/.local/share/uv/python/cpython-3.11.15-linux-x86_64-gnu/lib/python3.11/threading.py", line 331, in wait
    gotit = waiter.acquire(True, timeout)

--- thread Thread-16 (run) (id=139839236208320) ---
  File "/home/luffy/.local/share/uv/python/cpython-3.11.15-linux-x86_64-gnu/lib/python3.11/threading.py", line 1002, in _bootstrap
    self._bootstrap_inner()
  File "/home/luffy/.local/share/uv/python/cpython-3.11.15-linux-x86_64-gnu/lib/python3.11/threading.py", line 1045, in _bootstrap_inner
    self.run()
  File "/home/luffy/.local/share/uv/python/cpython-3.11.15-linux-x86_64-gnu/lib/python3.11/threading.py", line 982, in run
    self._target(*self._args, **self._kwargs)
  File "/home/luffy/.hermes/hermes-agent/tui_gateway/server.py", line 8474, in run
    result = agent.run_conversation(run_message, **run_kwargs)
  File "/home/luffy/.hermes/hermes-agent/run_agent.py", line 5385, in run_conversation
    return run_conversation(
  File "/home/luffy/.hermes/hermes-agent/agent/conversation_loop.py", line 550, in run_conversation
    _ctx = build_turn_context(
  File "/home/luffy/.hermes/hermes-agent/agent/turn_context.py", line 387, in build_turn_context
    messages, active_system_prompt = agent._compress_context(
  File "/home/luffy/.hermes/hermes-agent/run_agent.py", line 5214, in _compress_context
    return compress_context(
  File "/home/luffy/.hermes/hermes-agent/agent/conversation_compression.py", line 487, in compress_context
    compressed = agent.context_compressor.compress(messages, current_tokens=approx_tokens, focus_topic=focus_topic, force=force)
  File "/home/luffy/.hermes/hermes-agent/agent/context_compressor.py", line 2506, in compress
    summary = self._generate_summary(turns_to_summarize, focus_topic=summary_focus_topic)
  File "/home/luffy/.hermes/hermes-agent/agent/context_compressor.py", line 1668, in _generate_summary
    response = call_llm(**call_kwargs)
  File "/home/luffy/.hermes/hermes-agent/agent/auxiliary_client.py", line 5770, in call_llm
    client.chat.completions.create(**kwargs), task)
  File "/home/luffy/.hermes/hermes-agent/venv/lib/python3.11/site-packages/openai/_utils/_utils.py", line 286, in wrapper
    return func(*args, **kwargs)
  File "/home/luffy/.hermes/hermes-agent/venv/lib/python3.11/site-packages/openai/resources/chat/completions/completions.py", line 1204, in create
    return self._post(
  File "/home/luffy/.hermes/hermes-agent/venv/lib/python3.11/site-packages/openai/_base_client.py", line 1297, in post
    return cast(ResponseT, self.request(cast_to, opts, stream=stream, stream_cls=stream_cls))
  File "/home/luffy/.hermes/hermes-agent/venv/lib/python3.11/site-packages/openai/_base_client.py", line 1005, in request
    response = self._client.send(
  File "/home/luffy/.hermes/hermes-agent/venv/lib/python3.11/site-packages/httpx/_client.py", line 914, in send
    response = self._send_handling_auth(
  File "/home/luffy/.hermes/hermes-agent/venv/lib/python3.11/site-packages/httpx/_client.py", line 942, in _send_handling_auth
    response = self._send_handling_redirects(
  File "/home/luffy/.hermes/hermes-agent/venv/lib/python3.11/site-packages/httpx/_client.py", line 979, in _send_handling_redirects
    response = self._send_single_request(request)
  File "/home/luffy/.hermes/hermes-agent/venv/lib/python3.11/site-packages/httpx/_client.py", line 1014, in _send_single_request
    response = transport.handle_request(request)
  File "/home/luffy/.hermes/hermes-agent/venv/lib/python3.11/site-packages/httpx/_transports/default.py", line 250, in handle_request
    resp = self._pool.handle_request(req)
  File "/home/luffy/.hermes/hermes-agent/venv/lib/python3.11/site-packages/httpcore/_sync/connection_pool.py", line 236, in handle_request
    response = connection.handle_request(
  File "/home/luffy/.hermes/hermes-agent/venv/lib/python3.11/site-packages/httpcore/_sync/connection.py", line 103, in handle_request
    return self._connection.handle_request(request)
  File "/home/luffy/.hermes/hermes-agent/venv/lib/python3.11/site-packages/httpcore/_sync/http11.py", line 106, in handle_request
    ) = self._receive_response_headers(**kwargs)
  File "/home/luffy/.hermes/hermes-agent/venv/lib/python3.11/site-packages/httpcore/_sync/http11.py", line 177, in _receive_response_headers
    event = self._receive_event(timeout=timeout)
  File "/home/luffy/.hermes/hermes-agent/venv/lib/python3.11/site-packages/httpcore/_sync/http11.py", line 217, in _receive_event
    data = self._network_stream.read(
  File "/home/luffy/.hermes/hermes-agent/venv/lib/python3.11/site-packages/httpcore/_backends/sync.py", line 128, in read
    return self._sock.recv(max_bytes)
  File "/home/luffy/.local/share/uv/python/cpython-3.11.15-linux-x86_64-gnu/lib/python3.11/ssl.py", line 1307, in recv
    return self.read(buflen)
  File "/home/luffy/.local/share/uv/python/cpython-3.11.15-linux-x86_64-gnu/lib/python3.11/ssl.py", line 1180, in read
    return self._sslobj.read(len)
[tui-parent] 2026-06-28T19:43:18.730Z [lifecycle] spawned gateway child pid=2156919 killed=false exitCode=null signal=null python=/home/luffy/.hermes/hermes-agent/venv/bin/python3 cwd=/home/luffy
[tui-parent] 2026-06-28T19:48:10.992Z uncaughtException: Error: write EIO
[tui-parent] 2026-06-28T19:48:11.014Z graceful-exit received signal=SIGHUP → killing gateway
[tui-parent] 2026-06-28T19:48:11.021Z uncaughtException: Error: write EIO

=== SIGHUP received · 2026-06-29 01:18:10 ===
main-thread stack at signal delivery:
  File "<frozen runpy>", line 198, in _run_module_as_main
  File "<frozen runpy>", line 88, in _run_code
  File "/home/luffy/.hermes/hermes-agent/tui_gateway/entry.py", line 350, in <module>
    main()
  File "/home/luffy/.hermes/hermes-agent/tui_gateway/entry.py", line 326, in main
    for raw in sys.stdin:
  File "/home/luffy/.hermes/hermes-agent/tui_gateway/entry.py", line 113, in _log_signal
    f.write("".join(traceback.format_stack(sys._current_frames().get(tid))))
  File "/home/luffy/.local/share/uv/python/cpython-3.11.15-linux-x86_64-gnu/lib/python3.11/traceback.py", line 214, in format_stack
    return format_list(extract_stack(f, limit=limit))
  File "/home/luffy/.local/share/uv/python/cpython-3.11.15-linux-x86_64-gnu/lib/python3.11/traceback.py", line 228, in extract_stack
    stack = StackSummary.extract(walk_stack(f), limit=limit)
  File "/home/luffy/.local/share/uv/python/cpython-3.11.15-linux-x86_64-gnu/lib/python3.11/traceback.py", line 390, in extract
    return klass._extract_from_extended_frame_gen(
  File "/home/luffy/.local/share/uv/python/cpython-3.11.15-linux-x86_64-gnu/lib/python3.11/traceback.py", line 433, in _extract_from_extended_frame_gen
    f.line
  File "/home/luffy/.local/share/uv/python/cpython-3.11.15-linux-x86_64-gnu/lib/python3.11/traceback.py", line 318, in line
    self._line = linecache.getline(self.filename, self.lineno)
  File "/home/luffy/.local/share/uv/python/cpython-3.11.15-linux-x86_64-gnu/lib/python3.11/linecache.py", line 30, in getline
    lines = getlines(filename, module_globals)
  File "/home/luffy/.local/share/uv/python/cpython-3.11.15-linux-x86_64-gnu/lib/python3.11/linecache.py", line 46, in getlines
    return updatecache(filename, module_globals)
  File "/home/luffy/.local/share/uv/python/cpython-3.11.15-linux-x86_64-gnu/lib/python3.11/linecache.py", line 136, in updatecache
    with tokenize.open(fullname) as fp:
  File "/home/luffy/.local/share/uv/python/cpython-3.11.15-linux-x86_64-gnu/lib/python3.11/tokenize.py", line 398, in open
    encoding, lines = detect_encoding(buffer.readline)
  File "/home/luffy/.local/share/uv/python/cpython-3.11.15-linux-x86_64-gnu/lib/python3.11/tokenize.py", line 367, in detect_encoding
    first = read_or_stop()
  File "/home/luffy/.local/share/uv/python/cpython-3.11.15-linux-x86_64-gnu/lib/python3.11/tokenize.py", line 325, in read_or_stop
    return readline()

--- thread MainThread (id=140054430750528) ---
  File "<frozen runpy>", line 198, in _run_module_as_main
  File "<frozen runpy>", line 88, in _run_code
  File "/home/luffy/.hermes/hermes-agent/tui_gateway/entry.py", line 350, in <module>
    main()
  File "/home/luffy/.hermes/hermes-agent/tui_gateway/entry.py", line 326, in main
    for raw in sys.stdin:
  File "/home/luffy/.hermes/hermes-agent/tui_gateway/entry.py", line 113, in _log_signal
    f.write("".join(traceback.format_stack(sys._current_frames().get(tid))))
  File "/home/luffy/.local/share/uv/python/cpython-3.11.15-linux-x86_64-gnu/lib/python3.11/traceback.py", line 214, in format_stack
    return format_list(extract_stack(f, limit=limit))
  File "/home/luffy/.local/share/uv/python/cpython-3.11.15-linux-x86_64-gnu/lib/python3.11/traceback.py", line 228, in extract_stack
    stack = StackSummary.extract(walk_stack(f), limit=limit)
  File "/home/luffy/.local/share/uv/python/cpython-3.11.15-linux-x86_64-gnu/lib/python3.11/traceback.py", line 390, in extract
    return klass._extract_from_extended_frame_gen(
  File "/home/luffy/.local/share/uv/python/cpython-3.11.15-linux-x86_64-gnu/lib/python3.11/traceback.py", line 433, in _extract_from_extended_frame_gen
    f.line
  File "/home/luffy/.local/share/uv/python/cpython-3.11.15-linux-x86_64-gnu/lib/python3.11/traceback.py", line 318, in line
    self._line = linecache.getline(self.filename, self.lineno)
  File "/home/luffy/.local/share/uv/python/cpython-3.11.15-linux-x86_64-gnu/lib/python3.11/linecache.py", line 30, in getline
    lines = getlines(filename, module_globals)
  File "/home/luffy/.local/share/uv/python/cpython-3.11.15-linux-x86_64-gnu/lib/python3.11/linecache.py", line 46, in getlines
    return updatecache(filename, module_globals)
  File "/home/luffy/.local/share/uv/python/cpython-3.11.15-linux-x86_64-gnu/lib/python3.11/linecache.py", line 136, in updatecache
    with tokenize.open(fullname) as fp:
  File "/home/luffy/.local/share/uv/python/cpython-3.11.15-linux-x86_64-gnu/lib/python3.11/tokenize.py", line 398, in open
    encoding, lines = detect_encoding(buffer.readline)
  File "/home/luffy/.local/share/uv/python/cpython-3.11.15-linux-x86_64-gnu/lib/python3.11/tokenize.py", line 367, in detect_encoding
    first = read_or_stop()
  File "/home/luffy/.local/share/uv/python/cpython-3.11.15-linux-x86_64-gnu/lib/python3.11/tokenize.py", line 325, in read_or_stop
    return readline()
  File "/home/luffy/.hermes/hermes-agent/tui_gateway/entry.py", line 113, in _log_signal
    f.write("".join(traceback.format_stack(sys._current_frames().get(tid))))

--- thread Thread-2 (_loop) (id=140054396368576) ---
  File "/home/luffy/.local/share/uv/python/cpython-3.11.15-linux-x86_64-gnu/lib/python3.11/threading.py", line 1002, in _bootstrap
    self._bootstrap_inner()
  File "/home/luffy/.local/share/uv/python/cpython-3.11.15-linux-x86_64-gnu/lib/python3.11/threading.py", line 1045, in _bootstrap_inner
    self.run()
  File "/home/luffy/.local/share/uv/python/cpython-3.11.15-linux-x86_64-gnu/lib/python3.11/threading.py", line 982, in run
    self._target(*self._args, **self._kwargs)
  File "/home/luffy/.hermes/hermes-agent/tui_gateway/server.py", line 839, in _loop
    time.sleep(_REAPER_SCAN_S)

--- thread tui-rpc_0 (id=140054404761280) ---
  File "/home/luffy/.local/share/uv/python/cpython-3.11.15-linux-x86_64-gnu/lib/python3.11/threading.py", line 1002, in _bootstrap
    self._bootstrap_inner()
  File "/home/luffy/.local/share/uv/python/cpython-3.11.15-linux-x86_64-gnu/lib/python3.11/threading.py", line 1045, in _bootstrap_inner
    self.run()
  File "/home/luffy/.local/share/uv/python/cpython-3.11.15-linux-x86_64-gnu/lib/python3.11/threading.py", line 982, in run
    self._target(*self._args, **self._kwargs)
  File "/home/luffy/.local/share/uv/python/cpython-3.11.15-linux-x86_64-gnu/lib/python3.11/concurrent/futures/thread.py", line 81, in _worker
    work_item = work_queue.get(block=True)

--- thread Thread-14 (_notification_poller_loop) (id=140053908342464) ---
  File "/home/luffy/.local/share/uv/python/cpython-3.11.15-linux-x86_64-gnu/lib/python3.11/threading.py", line 1002, in _bootstrap
    self._bootstrap_inner()
  File "/home/luffy/.local/share/uv/python/cpython-3.11.15-linux-x86_64-gnu/lib/python3.11/threading.py", line 1045, in _bootstrap_inner
    self.run()
  File "/home/luffy/.local/share/uv/python/cpython-3.11.15-linux-x86_64-gnu/lib/python3.11/threading.py", line 982, in run
    self._target(*self._args, **self._kwargs)
  File "/home/luffy/.hermes/hermes-agent/tui_gateway/server.py", line 8213, in _notification_poller_loop
    evt = process_registry.completion_queue.get(timeout=0.5)
  File "/home/luffy/.local/share/uv/python/cpython-3.11.15-linux-x86_64-gnu/lib/python3.11/queue.py", line 180, in get
    self.not_empty.wait(remaining)
  File "/home/luffy/.local/share/uv/python/cpython-3.11.15-linux-x86_64-gnu/lib/python3.11/threading.py", line 331, in wait
    gotit = waiter.acquire(True, timeout)

--- thread Thread-19 (_cleanup_thread_worker) (id=140053899949760) ---
  File "/home/luffy/.local/share/uv/python/cpython-3.11.15-linux-x86_64-gnu/lib/python3.11/threading.py", line 1002, in _bootstrap
    self._bootstrap_inner()
  File "/home/luffy/.local/share/uv/python/cpython-3.11.15-linux-x86_64-gnu/lib/python3.11/threading.py", line 1045, in _bootstrap_inner
    self.run()
  File "/home/luffy/.local/share/uv/python/cpython-3.11.15-linux-x86_64-gnu/lib/python3.11/threading.py", line 982, in run
    self._target(*self._args, **self._kwargs)
  File "/home/luffy/.hermes/hermes-agent/tools/terminal_tool.py", line 1574, in _cleanup_thread_worker
    time.sleep(1)

--- thread Thread-35 (run) (id=140053924075200) ---
[tui-parent] 2026-06-28T19:48:11.041Z [lifecycle] GatewayClient.kill reason=graceful-exit-cleanup pid=2156919 killed=true exitCode=null signal=null killResult=true

=== SIGTERM received · 2026-06-29 01:18:11 ===
main-thread stack at signal delivery:
  File "<frozen runpy>", line 198, in _run_module_as_main
  File "<frozen runpy>", line 88, in _run_code
  File "/home/luffy/.hermes/hermes-agent/tui_gateway/entry.py", line 350, in <module>
    main()
  File "/home/luffy/.hermes/hermes-agent/tui_gateway/entry.py", line 326, in main
    for raw in sys.stdin:
  File "/home/luffy/.hermes/hermes-agent/tui_gateway/entry.py", line 113, in _log_signal
    f.write("".join(traceback.format_stack(sys._current_frames().get(tid))))
  File "/home/luffy/.local/share/uv/python/cpython-3.11.15-linux-x86_64-gnu/lib/python3.11/traceback.py", line 214, in format_stack
    return format_list(extract_stack(f, limit=limit))
  File "/home/luffy/.local/share/uv/python/cpython-3.11.15-linux-x86_64-gnu/lib/python3.11/traceback.py", line 228, in extract_stack
    stack = StackSummary.extract(walk_stack(f), limit=limit)
  File "/home/luffy/.local/share/uv/python/cpython-3.11.15-linux-x86_64-gnu/lib/python3.11/traceback.py", line 390, in extract
    return klass._extract_from_extended_frame_gen(
  File "/home/luffy/.local/share/uv/python/cpython-3.11.15-linux-x86_64-gnu/lib/python3.11/traceback.py", line 433, in _extract_from_extended_frame_gen
    f.line
  File "/home/luffy/.local/share/uv/python/cpython-3.11.15-linux-x86_64-gnu/lib/python3.11/traceback.py", line 318, in line
    self._line = linecache.getline(self.filename, self.lineno)
  File "/home/luffy/.local/share/uv/python/cpython-3.11.15-linux-x86_64-gnu/lib/python3.11/linecache.py", line 30, in getline
    lines = getlines(filename, module_globals)
  File "/home/luffy/.local/share/uv/python/cpython-3.11.15-linux-x86_64-gnu/lib/python3.11/linecache.py", line 46, in getlines
    return updatecache(filename, module_globals)
  File "/home/luffy/.local/share/uv/python/cpython-3.11.15-linux-x86_64-gnu/lib/python3.11/linecache.py", line 136, in updatecache
    with tokenize.open(fullname) as fp:
  File "/home/luffy/.local/share/uv/python/cpython-3.11.15-linux-x86_64-gnu/lib/python3.11/tokenize.py", line 398, in open
    encoding, lines = detect_encoding(buffer.readline)
  File "/home/luffy/.local/share/uv/python/cpython-3.11.15-linux-x86_64-gnu/lib/python3.11/tokenize.py", line 367, in detect_encoding
    first = read_or_stop()
  File "/home/luffy/.local/share/uv/python/cpython-3.11.15-linux-x86_64-gnu/lib/python3.11/tokenize.py", line 325, in read_or_stop
    return readline()
  File "/home/luffy/.hermes/hermes-agent/tui_gateway/entry.py", line 113, in _log_signal
    f.write("".join(traceback.format_stack(sys._current_frames().get(tid))))
  File "/home/luffy/.local/share/uv/python/cpython-3.11.15-linux-x86_64-gnu/lib/python3.11/traceback.py", line 214, in format_stack
    return format_list(extract_stack(f, limit=limit))
  File "/home/luffy/.local/share/uv/python/cpython-3.11.15-linux-x86_64-gnu/lib/python3.11/traceback.py", line 228, in extract_stack
    stack = StackSummary.extract(walk_stack(f), limit=limit)
  File "/home/luffy/.local/share/uv/python/cpython-3.11.15-linux-x86_64-gnu/lib/python3.11/traceback.py", line 390, in extract
    return klass._extract_from_extended_frame_gen(
  File "/home/luffy/.local/share/uv/python/cpython-3.11.15-linux-x86_64-gnu/lib/python3.11/traceback.py", line 433, in _extract_from_extended_frame_gen
    f.line
  File "/home/luffy/.local/share/uv/python/cpython-3.11.15-linux-x86_64-gnu/lib/python3.11/traceback.py", line 318, in line
    self._line = linecache.getline(self.filename, self.lineno)
  File "/home/luffy/.local/share/uv/python/cpython-3.11.15-linux-x86_64-gnu/lib/python3.11/linecache.py", line 30, in getline
    lines = getlines(filename, module_globals)
  File "/home/luffy/.local/share/uv/python/cpython-3.11.15-linux-x86_64-gnu/lib/python3.11/linecache.py", line 46, in getlines
    return updatecache(filename, module_globals)
  File "/home/luffy/.local/share/uv/python/cpython-3.11.15-linux-x86_64-gnu/lib/python3.11/linecache.py", line 137, in updatecache
    lines = fp.readlines()
  File "<frozen codecs>", line 319, in decode

--- thread MainThread (id=140054430750528) ---
  File "<frozen runpy>", line 198, in _run_module_as_main
  File "<frozen runpy>", line 88, in _run_code
  File "/home/luffy/.hermes/hermes-agent/tui_gateway/entry.py", line 350, in <module>
    main()
  File "/home/luffy/.hermes/hermes-agent/tui_gateway/entry.py", line 326, in main
    for raw in sys.stdin:
  File "/home/luffy/.hermes/hermes-agent/tui_gateway/entry.py", line 113, in _log_signal
    f.write("".join(traceback.format_stack(sys._current_frames().get(tid))))
  File "/home/luffy/.local/share/uv/python/cpython-3.11.15-linux-x86_64-gnu/lib/python3.11/traceback.py", line 214, in format_stack
    return format_list(extract_stack(f, limit=limit))
  File "/home/luffy/.local/share/uv/python/cpython-3.11.15-linux-x86_64-gnu/lib/python3.11/traceback.py", line 228, in extract_stack
    stack = StackSummary.extract(walk_stack(f), limit=limit)
  File "/home/luffy/.local/share/uv/python/cpython-3.11.15-linux-x86_64-gnu/lib/python3.11/traceback.py", line 390, in extract
    return klass._extract_from_extended_frame_gen(
  File "/home/luffy/.local/share/uv/python/cpython-3.11.15-linux-x86_64-gnu/lib/python3.11/traceback.py", line 433, in _extract_from_extended_frame_gen
    f.line
  File "/home/luffy/.local/share/uv/python/cpython-3.11.15-linux-x86_64-gnu/lib/python3.11/traceback.py", line 318, in line
    self._line = linecache.getline(self.filename, self.lineno)
  File "/home/luffy/.local/share/uv/python/cpython-3.11.15-linux-x86_64-gnu/lib/python3.11/linecache.py", line 30, in getline
    lines = getlines(filename, module_globals)
  File "/home/luffy/.local/share/uv/python/cpython-3.11.15-linux-x86_64-gnu/lib/python3.11/linecache.py", line 46, in getlines
    return updatecache(filename, module_globals)
  File "/home/luffy/.local/share/uv/python/cpython-3.11.15-linux-x86_64-gnu/lib/python3.11/linecache.py", line 136, in updatecache
    with tokenize.open(fullname) as fp:
  File "/home/luffy/.local/share/uv/python/cpython-3.11.15-linux-x86_64-gnu/lib/python3.11/tokenize.py", line 398, in open
    encoding, lines = detect_encoding(buffer.readline)
  File "/home/luffy/.local/share/uv/python/cpython-3.11.15-linux-x86_64-gnu/lib/python3.11/tokenize.py", line 367, in detect_encoding
    first = read_or_stop()
  File "/home/luffy/.local/share/uv/python/cpython-3.11.15-linux-x86_64-gnu/lib/python3.11/tokenize.py", line 325, in read_or_stop
    return readline()
  File "/home/luffy/.hermes/hermes-agent/tui_gateway/entry.py", line 113, in _log_signal
    f.write("".join(traceback.format_stack(sys._current_frames().get(tid))))
  File "/home/luffy/.local/share/uv/python/cpython-3.11.15-linux-x86_64-gnu/lib/python3.11/traceback.py", line 214, in format_stack
    return format_list(extract_stack(f, limit=limit))
  File "/home/luffy/.local/share/uv/python/cpython-3.11.15-linux-x86_64-gnu/lib/python3.11/traceback.py", line 228, in extract_stack
    stack = StackSummary.extract(walk_stack(f), limit=limit)
  File "/home/luffy/.local/share/uv/python/cpython-3.11.15-linux-x86_64-gnu/lib/python3.11/traceback.py", line 390, in extract
    return klass._extract_from_extended_frame_gen(
  File "/home/luffy/.local/share/uv/python/cpython-3.11.15-linux-x86_64-gnu/lib/python3.11/traceback.py", line 433, in _extract_from_extended_frame_gen
    f.line
  File "/home/luffy/.local/share/uv/python/cpython-3.11.15-linux-x86_64-gnu/lib/python3.11/traceback.py", line 318, in line
    self._line = linecache.getline(self.filename, self.lineno)
  File "/home/luffy/.local/share/uv/python/cpython-3.11.15-linux-x86_64-gnu/lib/python3.11/linecache.py", line 30, in getline
    lines = getlines(filename, module_globals)
  File "/home/luffy/.local/share/uv/python/cpython-3.11.15-linux-x86_64-gnu/lib/python3.11/linecache.py", line 46, in getlines
    return updatecache(filename, module_globals)
  File "/home/luffy/.local/share/uv/python/cpython-3.11.15-linux-x86_64-gnu/lib/python3.11/linecache.py", line 137, in updatecache
    lines = fp.readlines()
  File "<frozen codecs>", line 319, in decode
  File "/home/luffy/.hermes/hermes-agent/tui_gateway/entry.py", line 113, in _log_signal
    f.write("".join(traceback.format_stack(sys._current_frames().get(tid))))
[tui-parent] 2026-06-28T19:48:11.054Z unhandledRejection: Error: EIO: i/o error, write

--- thread Thread-2 (_loop) (id=140054396368576) ---
  File "/home/luffy/.local/share/uv/python/cpython-3.11.15-linux-x86_64-gnu/lib/python3.11/threading.py", line 1002, in _bootstrap
    self._bootstrap_inner()
  File "/home/luffy/.local/share/uv/python/cpython-3.11.15-linux-x86_64-gnu/lib/python3.11/threading.py", line 1045, in _bootstrap_inner
    self.run()
  File "/home/luffy/.local/share/uv/python/cpython-3.11.15-linux-x86_64-gnu/lib/python3.11/threading.py", line 982, in run
    self._target(*self._args, **self._kwargs)
  File "/home/luffy/.hermes/hermes-agent/tui_gateway/server.py", line 839, in _loop
    time.sleep(_REAPER_SCAN_S)

--- thread tui-rpc_0 (id=140054404761280) ---
  File "/home/luffy/.local/share/uv/python/cpython-3.11.15-linux-x86_64-gnu/lib/python3.11/threading.py", line 1002, in _bootstrap
    self._bootstrap_inner()
  File "/home/luffy/.local/share/uv/python/cpython-3.11.15-linux-x86_64-gnu/lib/python3.11/threading.py", line 1045, in _bootstrap_inner
    self.run()
  File "/home/luffy/.local/share/uv/python/cpython-3.11.15-linux-x86_64-gnu/lib/python3.11/threading.py", line 982, in run
    self._target(*self._args, **self._kwargs)
  File "/home/luffy/.local/share/uv/python/cpython-3.11.15-linux-x86_64-gnu/lib/python3.11/concurrent/futures/thread.py", line 81, in _worker
    work_item = work_queue.get(block=True)

--- thread Thread-14 (_notification_poller_loop) (id=140053908342464) ---
  File "/home/luffy/.local/share/uv/python/cpython-3.11.15-linux-x86_64-gnu/lib/python3.11/threading.py", line 1002, in _bootstrap
    self._bootstrap_inner()
  File "/home/luffy/.local/share/uv/python/cpython-3.11.15-linux-x86_64-gnu/lib/python3.11/threading.py", line 1045, in _bootstrap_inner
    self.run()
  File "/home/luffy/.local/share/uv/python/cpython-3.11.15-linux-x86_64-gnu/lib/python3.11/threading.py", line 982, in run
    self._target(*self._args, **self._kwargs)
  File "/home/luffy/.hermes/hermes-agent/tui_gateway/server.py", line 8213, in _notification_poller_loop
    evt = process_registry.completion_queue.get(timeout=0.5)
  File "/home/luffy/.local/share/uv/python/cpython-3.11.15-linux-x86_64-gnu/lib/python3.11/queue.py", line 180, in get
    self.not_empty.wait(remaining)
  File "/home/luffy/.local/share/uv/python/cpython-3.11.15-linux-x86_64-gnu/lib/python3.11/threading.py", line 331, in wait
    gotit = waiter.acquire(True, timeout)

--- thread Thread-19 (_cleanup_thread_worker) (id=140053899949760) ---
  File "/home/luffy/.local/share/uv/python/cpython-3.11.15-linux-x86_64-gnu/lib/python3.11/threading.py", line 1002, in _bootstrap
    self._bootstrap_inner()
  File "/home/luffy/.local/share/uv/python/cpython-3.11.15-linux-x86_64-gnu/lib/python3.11/threading.py", line 1045, in _bootstrap_inner
    self.run()
  File "/home/luffy/.local/share/uv/python/cpython-3.11.15-linux-x86_64-gnu/lib/python3.11/threading.py", line 982, in run
    self._target(*self._args, **self._kwargs)
  File "/home/luffy/.hermes/hermes-agent/tools/terminal_tool.py", line 1574, in _cleanup_thread_worker
    time.sleep(1)

--- thread Thread-35 (run) (id=140053924075200) ---
  File "/home/luffy/.local/share/uv/python/cpython-3.11.15-linux-x86_64-gnu/lib/python3.11/threading.py", line 1002, in _bootstrap
    self._bootstrap_inner()
  File "/home/luffy/.local/share/uv/python/cpython-3.11.15-linux-x86_64-gnu/lib/python3.11/threading.py", line 1045, in _bootstrap_inner
    self.run()
  File "/home/luffy/.local/share/uv/python/cpython-3.11.15-linux-x86_64-gnu/lib/python3.11/threading.py", line 982, in run
    self._target(*self._args, **self._kwargs)
  File "/home/luffy/.hermes/hermes-agent/tui_gateway/server.py", line 8474, in run
    result = agent.run_conversation(run_message, **run_kwargs)
  File "/home/luffy/.hermes/hermes-agent/run_agent.py", line 5385, in run_conversation
    return run_conversation(
  File "/home/luffy/.hermes/hermes-agent/agent/conversation_loop.py", line 1192, in run_conversation
    response = run_llm_execution_middleware(
  File "/home/luffy/.hermes/hermes-agent/hermes_cli/middleware.py", line 181, in run_llm_execution_middleware
    return next_call(request)
  File "/home/luffy/.hermes/hermes-agent/agent/conversation_loop.py", line 1185, in _perform_api_call
    return agent._interruptible_streaming_api_call(
  File "/home/luffy/.hermes/hermes-agent/run_agent.py", line 4390, in _interruptible_streaming_api_call
    return interruptible_streaming_api_call(self, api_kwargs, on_first_delta=on_first_delta)
  File "/home/luffy/.hermes/hermes-agent/agent/chat_completion_helpers.py", line 2668, in interruptible_streaming_api_call
    t.join(timeout=0.3)
  File "/home/luffy/.local/share/uv/python/cpython-3.11.15-linux-x86_64-gnu/lib/python3.11/threading.py", line 1123, in join
    self._wait_for_tstate_lock(timeout=max(timeout, 0))
  File "/home/luffy/.local/share/uv/python/cpython-3.11.15-linux-x86_64-gnu/lib/python3.11/threading.py", line 1139, in _wait_for_tstate_lock
    if lock.acquire(block, timeout):

--- thread hermes-lsp-loop (id=140054292846272) ---
  File "/home/luffy/.local/share/uv/python/cpython-3.11.15-linux-x86_64-gnu/lib/python3.11/threading.py", line 1002, in _bootstrap
    self._bootstrap_inner()
  File "/home/luffy/.local/share/uv/python/cpython-3.11.15-linux-x86_64-gnu/lib/python3.11/threading.py", line 1045, in _bootstrap_inner
    self.run()
  File "/home/luffy/.local/share/uv/python/cpython-3.11.15-linux-x86_64-gnu/lib/python3.11/threading.py", line 982, in run
    self._target(*self._args, **self._kwargs)
  File "/home/luffy/.hermes/hermes-agent/agent/lsp/manager.py", line 93, in _run_forever
    loop.run_forever()
  File "/home/luffy/.local/share/uv/python/cpython-3.11.15-linux-x86_64-gnu/lib/python3.11/asyncio/base_events.py", line 608, in run_forever
    self._run_once()
  File "/home/luffy/.local/share/uv/python/cpython-3.11.15-linux-x86_64-gnu/lib/python3.11/asyncio/base_events.py", line 1898, in _run_once
    event_list = self._selector.select(timeout)
  File "/home/luffy/.local/share/uv/python/cpython-3.11.15-linux-x86_64-gnu/lib/python3.11/selectors.py", line 468, in select
    fd_event_list = self._selector.poll(timeout, max_ev)

--- thread Thread-47 (_call) (id=140053875824320) ---
  File "/home/luffy/.local/share/uv/python/cpython-3.11.15-linux-x86_64-gnu/lib/python3.11/threading.py", line 1002, in _bootstrap
    self._bootstrap_inner()
  File "/home/luffy/.local/share/uv/python/cpython-3.11.15-linux-x86_64-gnu/lib/python3.11/threading.py", line 1045, in _bootstrap_inner
    self.run()
  File "/home/luffy/.local/share/uv/python/cpython-3.11.15-linux-x86_64-gnu/lib/python3.11/threading.py", line 982, in run
    self._target(*self._args, **self._kwargs)
  File "/home/luffy/.hermes/hermes-agent/agent/chat_completion_helpers.py", line 2345, in _call
    result["response"] = _call_chat_completions()
  File "/home/luffy/.hermes/hermes-agent/agent/chat_completion_helpers.py", line 1966, in _call_chat_completions
    for chunk in stream:
  File "/home/luffy/.hermes/hermes-agent/venv/lib/python3.11/site-packages/openai/_streaming.py", line 49, in __iter__
    for item in self._iterator:
  File "/home/luffy/.hermes/hermes-agent/venv/lib/python3.11/site-packages/openai/_streaming.py", line 62, in __stream__
    for sse in iterator:
  File "/home/luffy/.hermes/hermes-agent/venv/lib/python3.11/site-packages/openai/_streaming.py", line 53, in _iter_events
    yield from self._decoder.iter_bytes(self.response.iter_bytes())
  File "/home/luffy/.hermes/hermes-agent/venv/lib/python3.11/site-packages/openai/_streaming.py", line 297, in iter_bytes
    for chunk in self._iter_chunks(iterator):
  File "/home/luffy/.hermes/hermes-agent/venv/lib/python3.11/site-packages/openai/_streaming.py", line 308, in _iter_chunks
    for chunk in iterator:
  File "/home/luffy/.hermes/hermes-agent/venv/lib/python3.11/site-packages/httpx/_models.py", line 897, in iter_bytes
    for raw_bytes in self.iter_raw():
  File "/home/luffy/.hermes/hermes-agent/venv/lib/python3.11/site-packages/httpx/_models.py", line 951, in iter_raw
    for raw_stream_bytes in self.stream:
  File "/home/luffy/.hermes/hermes-agent/venv/lib/python3.11/site-packages/httpx/_client.py", line 153, in __iter__
    for chunk in self._stream:
  File "/home/luffy/.hermes/hermes-agent/venv/lib/python3.11/site-packages/httpx/_transports/default.py", line 127, in __iter__
    for part in self._httpcore_stream:
  File "/home/luffy/.hermes/hermes-agent/venv/lib/python3.11/site-packages/httpcore/_sync/connection_pool.py", line 403, in __iter__
    for part in self._stream:
  File "/home/luffy/.hermes/hermes-agent/venv/lib/python3.11/site-packages/httpcore/_sync/http11.py", line 334, in __iter__
    for chunk in self._connection._receive_response_body(**kwargs):
  File "/home/luffy/.hermes/hermes-agent/venv/lib/python3.11/site-packages/httpcore/_sync/http11.py", line 203, in _receive_response_body
    event = self._receive_event(timeout=timeout)
  File "/home/luffy/.hermes/hermes-agent/venv/lib/python3.11/site-packages/httpcore/_sync/http11.py", line 217, in _receive_event
    data = self._network_stream.read(
  File "/home/luffy/.hermes/hermes-agent/venv/lib/python3.11/site-packages/httpcore/_backends/sync.py", line 128, in read
    return self._sock.recv(max_bytes)
  File "/home/luffy/.local/share/uv/python/cpython-3.11.15-linux-x86_64-gnu/lib/python3.11/ssl.py", line 1307, in recv
    return self.read(buflen)
  File "/home/luffy/.local/share/uv/python/cpython-3.11.15-linux-x86_64-gnu/lib/python3.11/ssl.py", line 1180, in read
    return self._sslobj.read(len)

=== SIGHUP received · 2026-06-29 01:18:10 ===
main-thread stack at signal delivery:
  File "<frozen runpy>", line 198, in _run_module_as_main
  File "<frozen runpy>", line 88, in _run_code
  File "/home/luffy/.hermes/hermes-agent/tui_gateway/entry.py", line 350, in <module>
    main()
  File "/home/luffy/.hermes/hermes-agent/tui_gateway/entry.py", line 326, in main
    for raw in sys.stdin:

--- thread MainThread (id=140054430750528) ---
  File "<frozen runpy>", line 198, in _run_module_as_main
  File "<frozen runpy>", line 88, in _run_code
  File "/home/luffy/.hermes/hermes-agent/tui_gateway/entry.py", line 350, in <module>
    main()
  File "/home/luffy/.hermes/hermes-agent/tui_gateway/entry.py", line 326, in main
    for raw in sys.stdin:
  File "/home/luffy/.hermes/hermes-agent/tui_gateway/entry.py", line 113, in _log_signal
    f.write("".join(traceback.format_stack(sys._current_frames().get(tid))))

--- thread Thread-2 (_loop) (id=140054396368576) ---
[tui-parent] 2026-06-28T19:48:11.433Z [lifecycle] spawned gateway child pid=2221948 killed=false exitCode=null signal=null python=/home/luffy/.hermes/hermes-agent/venv/bin/python3 cwd=/home/luffy

=== gateway exit · 2026-06-29 01:18:15 · reason=stdin EOF (TUI closed the command pipe) ===

=== unhandled exception · 2026-06-29 01:18:15 ===
Traceback (most recent call last):
  File "<frozen runpy>", line 198, in _run_module_as_main
  File "<frozen runpy>", line 88, in _run_code
  File "/home/luffy/.hermes/hermes-agent/tui_gateway/entry.py", line 350, in <module>
    main()
  File "/home/luffy/.hermes/hermes-agent/tui_gateway/entry.py", line 346, in main
    _log_exit("stdin EOF (TUI closed the command pipe)")
  File "/home/luffy/.hermes/hermes-agent/tui_gateway/entry.py", line 204, in _log_exit
    print(f"[gateway-exit] {reason}", file=sys.stderr, flush=True)
BrokenPipeError: [Errno 32] Broken pipe
[tui-parent] 2026-06-29T09:07:01.342Z [lifecycle] spawned gateway child pid=11587 killed=false exitCode=null signal=null python=/home/luffy/.hermes/hermes-agent/venv/bin/python3 cwd=/home/luffy
[tui-parent] 2026-06-29T09:11:44.356Z graceful-exit received signal=SIGHUP → killing gateway
[tui-parent] 2026-06-29T09:11:44.405Z uncaughtException: Error: write EIO

=== SIGHUP received · 2026-06-29 14:41:44 ===
main-thread stack at signal delivery:
  File "<frozen runpy>", line 198, in _run_module_as_main
  File "<frozen runpy>", line 88, in _run_code
  File "/home/luffy/.hermes/hermes-agent/tui_gateway/entry.py", line 350, in <module>
    main()
  File "/home/luffy/.hermes/hermes-agent/tui_gateway/entry.py", line 326, in main
    for raw in sys.stdin:
  File "/home/luffy/.hermes/hermes-agent/tui_gateway/entry.py", line 113, in _log_signal
    f.write("".join(traceback.format_stack(sys._current_frames().get(tid))))
  File "/home/luffy/.local/share/uv/python/cpython-3.11.15-linux-x86_64-gnu/lib/python3.11/traceback.py", line 214, in format_stack
    return format_list(extract_stack(f, limit=limit))
  File "/home/luffy/.local/share/uv/python/cpython-3.11.15-linux-x86_64-gnu/lib/python3.11/traceback.py", line 228, in extract_stack
    stack = StackSummary.extract(walk_stack(f), limit=limit)
  File "/home/luffy/.local/share/uv/python/cpython-3.11.15-linux-x86_64-gnu/lib/python3.11/traceback.py", line 390, in extract
    return klass._extract_from_extended_frame_gen(
  File "/home/luffy/.local/share/uv/python/cpython-3.11.15-linux-x86_64-gnu/lib/python3.11/traceback.py", line 418, in _extract_from_extended_frame_gen
    fnames.add(filename)

--- thread MainThread (id=140104436606784) ---
  File "<frozen runpy>", line 198, in _run_module_as_main
  File "<frozen runpy>", line 88, in _run_code
  File "/home/luffy/.hermes/hermes-agent/tui_gateway/entry.py", line 350, in <module>
    main()
  File "/home/luffy/.hermes/hermes-agent/tui_gateway/entry.py", line 326, in main
    for raw in sys.stdin:
  File "/home/luffy/.hermes/hermes-agent/tui_gateway/entry.py", line 113, in _log_signal
    f.write("".join(traceback.format_stack(sys._current_frames().get(tid))))
  File "/home/luffy/.local/share/uv/python/cpython-3.11.15-linux-x86_64-gnu/lib/python3.11/traceback.py", line 214, in format_stack
    return format_list(extract_stack(f, limit=limit))
  File "/home/luffy/.local/share/uv/python/cpython-3.11.15-linux-x86_64-gnu/lib/python3.11/traceback.py", line 228, in extract_stack
    stack = StackSummary.extract(walk_stack(f), limit=limit)
  File "/home/luffy/.local/share/uv/python/cpython-3.11.15-linux-x86_64-gnu/lib/python3.11/traceback.py", line 390, in extract
    return klass._extract_from_extended_frame_gen(
  File "/home/luffy/.local/share/uv/python/cpython-3.11.15-linux-x86_64-gnu/lib/python3.11/traceback.py", line 418, in _extract_from_extended_frame_gen
    fnames.add(filename)
  File "/home/luffy/.hermes/hermes-agent/tui_gateway/entry.py", line 113, in _log_signal
    f.write("".join(traceback.format_stack(sys._current_frames().get(tid))))

--- thread Thread-2 (_loop) (id=140104410740416) ---
  File "/home/luffy/.local/share/uv/python/cpython-3.11.15-linux-x86_64-gnu/lib/python3.11/threading.py", line 1002, in _bootstrap
    self._bootstrap_inner()
  File "/home/luffy/.local/share/uv/python/cpython-3.11.15-linux-x86_64-gnu/lib/python3.11/threading.py", line 1045, in _bootstrap_inner
    self.run()
  File "/home/luffy/.local/share/uv/python/cpython-3.11.15-linux-x86_64-gnu/lib/python3.11/threading.py", line 982, in run
    self._target(*self._args, **self._kwargs)
  File "/home/luffy/.hermes/hermes-agent/tui_gateway/server.py", line 839, in _loop
    time.sleep(_REAPER_SCAN_S)

--- thread tui-rpc_0 (id=140104402347712) ---
  File "/home/luffy/.local/share/uv/python/cpython-3.11.15-linux-x86_64-gnu/lib/python3.11/threading.py", line 1002, in _bootstrap
    self._bootstrap_inner()
  File "/home/luffy/.local/share/uv/python/cpython-3.11.15-linux-x86_64-gnu/lib/python3.11/threading.py", line 1045, in _bootstrap_inner
    self.run()
  File "/home/luffy/.local/share/uv/python/cpython-3.11.15-linux-x86_64-gnu/lib/python3.11/threading.py", line 982, in run
    self._target(*self._args, **self._kwargs)
  File "/home/luffy/.local/share/uv/python/cpython-3.11.15-linux-x86_64-gnu/lib/python3.11/concurrent/futures/thread.py", line 81, in _worker
    work_item = work_queue.get(block=True)

--- thread Thread-8 (_notification_poller_loop) (id=140103929616064) ---
  File "/home/luffy/.local/share/uv/python/cpython-3.11.15-linux-x86_64-gnu/lib/python3.11/threading.py", line 1002, in _bootstrap
    self._bootstrap_inner()
  File "/home/luffy/.local/share/uv/python/cpython-3.11.15-linux-x86_64-gnu/lib/python3.11/threading.py", line 1045, in _bootstrap_inner
    self.run()
  File "/home/luffy/.local/share/uv/python/cpython-3.11.15-linux-x86_64-gnu/lib/python3.11/threading.py", line 982, in run
    self._target(*self._args, **self._kwargs)
  File "/home/luffy/.hermes/hermes-agent/tui_gateway/server.py", line 8213, in _notification_poller_loop
    evt = process_registry.completion_queue.get(timeout=0.5)
  File "/home/luffy/.local/share/uv/python/cpython-3.11.15-linux-x86_64-gnu/lib/python3.11/queue.py", line 180, in get
    self.not_empty.wait(remaining)
  File "/home/luffy/.local/share/uv/python/cpython-3.11.15-linux-x86_64-gnu/lib/python3.11/threading.py", line 331, in wait
    gotit = waiter.acquire(True, timeout)

--- thread Thread-14 (_cleanup_thread_worker) (id=140103791908544) ---
  File "/home/luffy/.local/share/uv/python/cpython-3.11.15-linux-x86_64-gnu/lib/python3.11/threading.py", line 1002, in _bootstrap
    self._bootstrap_inner()
  File "/home/luffy/.local/share/uv/python/cpython-3.11.15-linux-x86_64-gnu/lib/python3.11/threading.py", line 1045, in _bootstrap_inner
    self.run()
  File "/home/luffy/.local/share/uv/python/cpython-3.11.15-linux-x86_64-gnu/lib/python3.11/threading.py", line 982, in run
    self._target(*self._args, **self._kwargs)
  File "/home/luffy/.hermes/hermes-agent/tools/terminal_tool.py", line 1574, in _cleanup_thread_worker
    time.sleep(1)

--- thread hermes-lsp-loop (id=140103292802752) ---
  File "/home/luffy/.local/share/uv/python/cpython-3.11.15-linux-x86_64-gnu/lib/python3.11/threading.py", line 1002, in _bootstrap
    self._bootstrap_inner()
  File "/home/luffy/.local/share/uv/python/cpython-3.11.15-linux-x86_64-gnu/lib/python3.11/threading.py", line 1045, in _bootstrap_inner
    self.run()
  File "/home/luffy/.local/share/uv/python/cpython-3.11.15-linux-x86_64-gnu/lib/python3.11/threading.py", line 982, in run
    self._target(*self._args, **self._kwargs)
  File "/home/luffy/.hermes/hermes-agent/agent/lsp/manager.py", line 93, in _run_forever
    loop.run_forever()
  File "/home/luffy/.local/share/uv/python/cpython-3.11.15-linux-x86_64-gnu/lib/python3.11/asyncio/base_events.py", line 608, in run_forever
    self._run_once()
  File "/home/luffy/.local/share/uv/python/cpython-3.11.15-linux-x86_64-gnu/lib/python3.11/asyncio/base_events.py", line 1898, in _run_once
    event_list = self._selector.select(timeout)
  File "/home/luffy/.local/share/uv/python/cpython-3.11.15-linux-x86_64-gnu/lib/python3.11/selectors.py", line 468, in select
    fd_event_list = self._selector.poll(timeout, max_ev)

--- thread Thread-89 (run) (id=140103817086656) ---
  File "/home/luffy/.local/share/uv/python/cpython-3.11.15-linux-x86_64-gnu/lib/python3.11/threading.py", line 1002, in _bootstrap
    self._bootstrap_inner()
  File "/home/luffy/.local/share/uv/python/cpython-3.11.15-linux-x86_64-gnu/lib/python3.11/threading.py", line 1045, in _bootstrap_inner
    self.run()
  File "/home/luffy/.local/share/uv/python/cpython-3.11.15-linux-x86_64-gnu/lib/python3.11/threading.py", line 982, in run
    self._target(*self._args, **self._kwargs)
  File "/home/luffy/.hermes/hermes-agent/tui_gateway/server.py", line 8474, in run
    result = agent.run_conversation(run_message, **run_kwargs)
  File "/home/luffy/.hermes/hermes-agent/run_agent.py", line 5385, in run_conversation
    return run_conversation(
  File "/home/luffy/.hermes/hermes-agent/agent/conversation_loop.py", line 1192, in run_conversation
    response = run_llm_execution_middleware(
  File "/home/luffy/.hermes/hermes-agent/hermes_cli/middleware.py", line 181, in run_llm_execution_middleware
    return next_call(request)
  File "/home/luffy/.hermes/hermes-agent/agent/conversation_loop.py", line 1185, in _perform_api_call
    return agent._interruptible_streaming_api_call(
  File "/home/luffy/.hermes/hermes-agent/run_agent.py", line 4390, in _interruptible_streaming_api_call
    return interruptible_streaming_api_call(self, api_kwargs, on_first_delta=on_first_delta)
  File "/home/luffy/.hermes/hermes-agent/agent/chat_completion_helpers.py", line 2668, in interruptible_streaming_api_call
    t.join(timeout=0.3)
  File "/home/luffy/.local/share/uv/python/cpython-3.11.15-linux-x86_64-gnu/lib/python3.11/threading.py", line 1123, in join
    self._wait_for_tstate_lock(timeout=max(timeout, 0))
  File "/home/luffy/.local/share/uv/python/cpython-3.11.15-linux-x86_64-gnu/lib/python3.11/threading.py", line 1139, in _wait_for_tstate_lock
    if lock.acquire(block, timeout):
[tui-parent] 2026-06-29T09:11:44.414Z [lifecycle] GatewayClient.kill reason=graceful-exit-cleanup pid=11587 killed=true exitCode=null signal=null killResult=true

=== SIGTERM received · 2026-06-29 14:41:44 ===
main-thread stack at signal delivery:
  File "<frozen runpy>", line 198, in _run_module_as_main
  File "<frozen runpy>", line 88, in _run_code
  File "/home/luffy/.hermes/hermes-agent/tui_gateway/entry.py", line 350, in <module>
    main()
  File "/home/luffy/.hermes/hermes-agent/tui_gateway/entry.py", line 326, in main
    for raw in sys.stdin:
  File "/home/luffy/.hermes/hermes-agent/tui_gateway/entry.py", line 113, in _log_signal
    f.write("".join(traceback.format_stack(sys._current_frames().get(tid))))
  File "/home/luffy/.local/share/uv/python/cpython-3.11.15-linux-x86_64-gnu/lib/python3.11/traceback.py", line 214, in format_stack
    return format_list(extract_stack(f, limit=limit))
  File "/home/luffy/.local/share/uv/python/cpython-3.11.15-linux-x86_64-gnu/lib/python3.11/traceback.py", line 228, in extract_stack
    stack = StackSummary.extract(walk_stack(f), limit=limit)
  File "/home/luffy/.local/share/uv/python/cpython-3.11.15-linux-x86_64-gnu/lib/python3.11/traceback.py", line 390, in extract
    return klass._extract_from_extended_frame_gen(
  File "/home/luffy/.local/share/uv/python/cpython-3.11.15-linux-x86_64-gnu/lib/python3.11/traceback.py", line 418, in _extract_from_extended_frame_gen
    fnames.add(filename)
  File "/home/luffy/.hermes/hermes-agent/tui_gateway/entry.py", line 113, in _log_signal
    f.write("".join(traceback.format_stack(sys._current_frames().get(tid))))
  File "/home/luffy/.local/share/uv/python/cpython-3.11.15-linux-x86_64-gnu/lib/python3.11/traceback.py", line 214, in format_stack
    return format_list(extract_stack(f, limit=limit))
  File "/home/luffy/.local/share/uv/python/cpython-3.11.15-linux-x86_64-gnu/lib/python3.11/traceback.py", line 228, in extract_stack
    stack = StackSummary.extract(walk_stack(f), limit=limit)
  File "/home/luffy/.local/share/uv/python/cpython-3.11.15-linux-x86_64-gnu/lib/python3.11/traceback.py", line 390, in extract
    return klass._extract_from_extended_frame_gen(
  File "/home/luffy/.local/share/uv/python/cpython-3.11.15-linux-x86_64-gnu/lib/python3.11/traceback.py", line 433, in _extract_from_extended_frame_gen
    f.line
  File "/home/luffy/.local/share/uv/python/cpython-3.11.15-linux-x86_64-gnu/lib/python3.11/traceback.py", line 318, in line
    self._line = linecache.getline(self.filename, self.lineno)
  File "/home/luffy/.local/share/uv/python/cpython-3.11.15-linux-x86_64-gnu/lib/python3.11/linecache.py", line 30, in getline
    lines = getlines(filename, module_globals)
  File "/home/luffy/.local/share/uv/python/cpython-3.11.15-linux-x86_64-gnu/lib/python3.11/linecache.py", line 46, in getlines
    return updatecache(filename, module_globals)
  File "/home/luffy/.local/share/uv/python/cpython-3.11.15-linux-x86_64-gnu/lib/python3.11/linecache.py", line 137, in updatecache
    lines = fp.readlines()
  File "<frozen codecs>", line 319, in decode

--- thread MainThread (id=140104436606784) ---
  File "<frozen runpy>", line 198, in _run_module_as_main
  File "<frozen runpy>", line 88, in _run_code
  File "/home/luffy/.hermes/hermes-agent/tui_gateway/entry.py", line 350, in <module>
    main()
  File "/home/luffy/.hermes/hermes-agent/tui_gateway/entry.py", line 326, in main
    for raw in sys.stdin:
  File "/home/luffy/.hermes/hermes-agent/tui_gateway/entry.py", line 113, in _log_signal
    f.write("".join(traceback.format_stack(sys._current_frames().get(tid))))
  File "/home/luffy/.local/share/uv/python/cpython-3.11.15-linux-x86_64-gnu/lib/python3.11/traceback.py", line 214, in format_stack
    return format_list(extract_stack(f, limit=limit))
  File "/home/luffy/.local/share/uv/python/cpython-3.11.15-linux-x86_64-gnu/lib/python3.11/traceback.py", line 228, in extract_stack
    stack = StackSummary.extract(walk_stack(f), limit=limit)
  File "/home/luffy/.local/share/uv/python/cpython-3.11.15-linux-x86_64-gnu/lib/python3.11/traceback.py", line 390, in extract
    return klass._extract_from_extended_frame_gen(
  File "/home/luffy/.local/share/uv/python/cpython-3.11.15-linux-x86_64-gnu/lib/python3.11/traceback.py", line 418, in _extract_from_extended_frame_gen
    fnames.add(filename)
  File "/home/luffy/.hermes/hermes-agent/tui_gateway/entry.py", line 113, in _log_signal
    f.write("".join(traceback.format_stack(sys._current_frames().get(tid))))
  File "/home/luffy/.local/share/uv/python/cpython-3.11.15-linux-x86_64-gnu/lib/python3.11/traceback.py", line 214, in format_stack
    return format_list(extract_stack(f, limit=limit))
  File "/home/luffy/.local/share/uv/python/cpython-3.11.15-linux-x86_64-gnu/lib/python3.11/traceback.py", line 228, in extract_stack
    stack = StackSummary.extract(walk_stack(f), limit=limit)
  File "/home/luffy/.local/share/uv/python/cpython-3.11.15-linux-x86_64-gnu/lib/python3.11/traceback.py", line 390, in extract
    return klass._extract_from_extended_frame_gen(
  File "/home/luffy/.local/share/uv/python/cpython-3.11.15-linux-x86_64-gnu/lib/python3.11/traceback.py", line 433, in _extract_from_extended_frame_gen
    f.line
  File "/home/luffy/.local/share/uv/python/cpython-3.11.15-linux-x86_64-gnu/lib/python3.11/traceback.py", line 318, in line
    self._line = linecache.getline(self.filename, self.lineno)
  File "/home/luffy/.local/share/uv/python/cpython-3.11.15-linux-x86_64-gnu/lib/python3.11/linecache.py", line 30, in getline
    lines = getlines(filename, module_globals)
  File "/home/luffy/.local/share/uv/python/cpython-3.11.15-linux-x86_64-gnu/lib/python3.11/linecache.py", line 46, in getlines
    return updatecache(filename, module_globals)
  File "/home/luffy/.local/share/uv/python/cpython-3.11.15-linux-x86_64-gnu/lib/python3.11/linecache.py", line 137, in updatecache
    lines = fp.readlines()
  File "<frozen codecs>", line 319, in decode
  File "/home/luffy/.hermes/hermes-agent/tui_gateway/entry.py", line 113, in _log_signal
    f.write("".join(traceback.format_stack(sys._current_frames().get(tid))))

--- thread Thread-2 (_loop) (id=140104410740416) ---
  File "/home/luffy/.local/share/uv/python/cpython-3.11.15-linux-x86_64-gnu/lib/python3.11/threading.py", line 1002, in _bootstrap
    self._bootstrap_inner()
  File "/home/luffy/.local/share/uv/python/cpython-3.11.15-linux-x86_64-gnu/lib/python3.11/threading.py", line 1045, in _bootstrap_inner
    self.run()
  File "/home/luffy/.local/share/uv/python/cpython-3.11.15-linux-x86_64-gnu/lib/python3.11/threading.py", line 982, in run
    self._target(*self._args, **self._kwargs)
  File "/home/luffy/.hermes/hermes-agent/tui_gateway/server.py", line 839, in _loop
    time.sleep(_REAPER_SCAN_S)

--- thread tui-rpc_0 (id=140104402347712) ---
  File "/home/luffy/.local/share/uv/python/cpython-3.11.15-linux-x86_64-gnu/lib/python3.11/threading.py", line 1002, in _bootstrap
    self._bootstrap_inner()
  File "/home/luffy/.local/share/uv/python/cpython-3.11.15-linux-x86_64-gnu/lib/python3.11/threading.py", line 1045, in _bootstrap_inner
    self.run()
  File "/home/luffy/.local/share/uv/python/cpython-3.11.15-linux-x86_64-gnu/lib/python3.11/threading.py", line 982, in run
    self._target(*self._args, **self._kwargs)
  File "/home/luffy/.local/share/uv/python/cpython-3.11.15-linux-x86_64-gnu/lib/python3.11/concurrent/futures/thread.py", line 81, in _worker
    work_item = work_queue.get(block=True)

--- thread Thread-8 (_notification_poller_loop) (id=140103929616064) ---
  File "/home/luffy/.local/share/uv/python/cpython-3.11.15-linux-x86_64-gnu/lib/python3.11/threading.py", line 1002, in _bootstrap
    self._bootstrap_inner()
  File "/home/luffy/.local/share/uv/python/cpython-3.11.15-linux-x86_64-gnu/lib/python3.11/threading.py", line 1045, in _bootstrap_inner
    self.run()
  File "/home/luffy/.local/share/uv/python/cpython-3.11.15-linux-x86_64-gnu/lib/python3.11/threading.py", line 982, in run
    self._target(*self._args, **self._kwargs)
  File "/home/luffy/.hermes/hermes-agent/tui_gateway/server.py", line 8213, in _notification_poller_loop
    evt = process_registry.completion_queue.get(timeout=0.5)
  File "/home/luffy/.local/share/uv/python/cpython-3.11.15-linux-x86_64-gnu/lib/python3.11/queue.py", line 180, in get
    self.not_empty.wait(remaining)
  File "/home/luffy/.local/share/uv/python/cpython-3.11.15-linux-x86_64-gnu/lib/python3.11/threading.py", line 331, in wait
    gotit = waiter.acquire(True, timeout)

--- thread Thread-14 (_cleanup_thread_worker) (id=140103791908544) ---
  File "/home/luffy/.local/share/uv/python/cpython-3.11.15-linux-x86_64-gnu/lib/python3.11/threading.py", line 1002, in _bootstrap
    self._bootstrap_inner()
  File "/home/luffy/.local/share/uv/python/cpython-3.11.15-linux-x86_64-gnu/lib/python3.11/threading.py", line 1045, in _bootstrap_inner
    self.run()
  File "/home/luffy/.local/share/uv/python/cpython-3.11.15-linux-x86_64-gnu/lib/python3.11/threading.py", line 982, in run
    self._target(*self._args, **self._kwargs)
  File "/home/luffy/.hermes/hermes-agent/tools/terminal_tool.py", line 1574, in _cleanup_thread_worker
    time.sleep(1)

--- thread hermes-lsp-loop (id=140103292802752) ---
  File "/home/luffy/.local/share/uv/python/cpython-3.11.15-linux-x86_64-gnu/lib/python3.11/threading.py", line 1002, in _bootstrap
    self._bootstrap_inner()
  File "/home/luffy/.local/share/uv/python/cpython-3.11.15-linux-x86_64-gnu/lib/python3.11/threading.py", line 1045, in _bootstrap_inner
    self.run()
  File "/home/luffy/.local/share/uv/python/cpython-3.11.15-linux-x86_64-gnu/lib/python3.11/threading.py", line 982, in run
    self._target(*self._args, **self._kwargs)
  File "/home/luffy/.hermes/hermes-agent/agent/lsp/manager.py", line 93, in _run_forever
    loop.run_forever()
  File "/home/luffy/.local/share/uv/python/cpython-3.11.15-linux-x86_64-gnu/lib/python3.11/asyncio/base_events.py", line 608, in run_forever
    self._run_once()
  File "/home/luffy/.local/share/uv/python/cpython-3.11.15-linux-x86_64-gnu/lib/python3.11/asyncio/base_events.py", line 1898, in _run_once
    event_list = self._selector.select(timeout)
  File "/home/luffy/.local/share/uv/python/cpython-3.11.15-linux-x86_64-gnu/lib/python3.11/selectors.py", line 468, in select
    fd_event_list = self._selector.poll(timeout, max_ev)

--- thread Thread-89 (run) (id=140103817086656) ---
  File "/home/luffy/.local/share/uv/python/cpython-3.11.15-linux-x86_64-gnu/lib/python3.11/threading.py", line 1002, in _bootstrap
    self._bootstrap_inner()
  File "/home/luffy/.local/share/uv/python/cpython-3.11.15-linux-x86_64-gnu/lib/python3.11/threading.py", line 1045, in _bootstrap_inner
    self.run()
  File "/home/luffy/.local/share/uv/python/cpython-3.11.15-linux-x86_64-gnu/lib/python3.11/threading.py", line 982, in run
    self._target(*self._args, **self._kwargs)
  File "/home/luffy/.hermes/hermes-agent/tui_gateway/server.py", line 8474, in run
    result = agent.run_conversation(run_message, **run_kwargs)
  File "/home/luffy/.hermes/hermes-agent/run_agent.py", line 5385, in run_conversation
    return run_conversation(
  File "/home/luffy/.hermes/hermes-agent/agent/conversation_loop.py", line 1192, in run_conversation
    response = run_llm_execution_middleware(
  File "/home/luffy/.hermes/hermes-agent/hermes_cli/middleware.py", line 181, in run_llm_execution_middleware
    return next_call(request)
  File "/home/luffy/.hermes/hermes-agent/agent/conversation_loop.py", line 1185, in _perform_api_call
    return agent._interruptible_streaming_api_call(
  File "/home/luffy/.hermes/hermes-agent/run_agent.py", line 4390, in _interruptible_streaming_api_call
    return interruptible_streaming_api_call(self, api_kwargs, on_first_delta=on_first_delta)
  File "/home/luffy/.hermes/hermes-agent/agent/chat_completion_helpers.py", line 2668, in interruptible_streaming_api_call
    t.join(timeout=0.3)
  File "/home/luffy/.local/share/uv/python/cpython-3.11.15-linux-x86_64-gnu/lib/python3.11/threading.py", line 1123, in join
    self._wait_for_tstate_lock(timeout=max(timeout, 0))
  File "/home/luffy/.local/share/uv/python/cpython-3.11.15-linux-x86_64-gnu/lib/python3.11/threading.py", line 1139, in _wait_for_tstate_lock
    if lock.acquire(block, timeout):

--- thread Thread-90 (_call) (id=140103833872064) ---
  File "/home/luffy/.local/share/uv/python/cpython-3.11.15-linux-x86_64-gnu/lib/python3.11/threading.py", line 1002, in _bootstrap
    self._bootstrap_inner()
  File "/home/luffy/.local/share/uv/python/cpython-3.11.15-linux-x86_64-gnu/lib/python3.11/threading.py", line 1045, in _bootstrap_inner
    self.run()
  File "/home/luffy/.local/share/uv/python/cpython-3.11.15-linux-x86_64-gnu/lib/python3.11/threading.py", line 982, in run
    self._target(*self._args, **self._kwargs)
  File "/home/luffy/.hermes/hermes-agent/agent/chat_completion_helpers.py", line 2345, in _call
    result["response"] = _call_chat_completions()
  File "/home/luffy/.hermes/hermes-agent/agent/chat_completion_helpers.py", line 1966, in _call_chat_completions
    for chunk in stream:
  File "/home/luffy/.hermes/hermes-agent/venv/lib/python3.11/site-packages/openai/_streaming.py", line 49, in __iter__
    for item in self._iterator:
  File "/home/luffy/.hermes/hermes-agent/venv/lib/python3.11/site-packages/openai/_streaming.py", line 62, in __stream__
    for sse in iterator:
  File "/home/luffy/.hermes/hermes-agent/venv/lib/python3.11/site-packages/openai/_streaming.py", line 53, in _iter_events
    yield from self._decoder.iter_bytes(self.response.iter_bytes())
  File "/home/luffy/.hermes/hermes-agent/venv/lib/python3.11/site-packages/openai/_streaming.py", line 297, in iter_bytes
    for chunk in self._iter_chunks(iterator):
  File "/home/luffy/.hermes/hermes-agent/venv/lib/python3.11/site-packages/openai/_streaming.py", line 308, in _iter_chunks
    for chunk in iterator:
  File "/home/luffy/.hermes/hermes-agent/venv/lib/python3.11/site-packages/httpx/_models.py", line 897, in iter_bytes
    for raw_bytes in self.iter_raw():
  File "/home/luffy/.hermes/hermes-agent/venv/lib/python3.11/site-packages/httpx/_models.py", line 951, in iter_raw
    for raw_stream_bytes in self.stream:
  File "/home/luffy/.hermes/hermes-agent/venv/lib/python3.11/site-packages/httpx/_client.py", line 153, in __iter__
    for chunk in self._stream:
  File "/home/luffy/.hermes/hermes-agent/venv/lib/python3.11/site-packages/httpx/_transports/default.py", line 127, in __iter__
    for part in self._httpcore_stream:
  File "/home/luffy/.hermes/hermes-agent/venv/lib/python3.11/site-packages/httpcore/_sync/connection_pool.py", line 403, in __iter__
    for part in self._stream:
  File "/home/luffy/.hermes/hermes-agent/venv/lib/python3.11/site-packages/httpcore/_sync/http11.py", line 334, in __iter__
    for chunk in self._connection._receive_response_body(**kwargs):
  File "/home/luffy/.hermes/hermes-agent/venv/lib/python3.11/site-packages/httpcore/_sync/http11.py", line 203, in _receive_response_body
    event = self._receive_event(timeout=timeout)
  File "/home/luffy/.hermes/hermes-agent/venv/lib/python3.11/site-packages/httpcore/_sync/http11.py", line 217, in _receive_event
    data = self._network_stream.read(
  File "/home/luffy/.hermes/hermes-agent/venv/lib/python3.11/site-packages/httpcore/_backends/sync.py", line 128, in read
    return self._sock.recv(max_bytes)
  File "/home/luffy/.local/share/uv/python/cpython-3.11.15-linux-x86_64-gnu/lib/python3.11/ssl.py", line 1307, in recv
    return self.read(buflen)
  File "/home/luffy/.local/share/uv/python/cpython-3.11.15-linux-x86_64-gnu/lib/python3.11/ssl.py", line 1180, in read
    return self._sslobj.read(len)
[tui-parent] 2026-06-29T09:11:44.423Z unhandledRejection: Error: EIO: i/o error, write

--- thread Thread-90 (_call) (id=140103833872064) ---

=== SIGHUP received · 2026-06-29 14:41:44 ===
main-thread stack at signal delivery:
  File "<frozen runpy>", line 198, in _run_module_as_main
  File "<frozen runpy>", line 88, in _run_code
  File "/home/luffy/.hermes/hermes-agent/tui_gateway/entry.py", line 350, in <module>
    main()
  File "/home/luffy/.hermes/hermes-agent/tui_gateway/entry.py", line 326, in main
    for raw in sys.stdin:

--- thread MainThread (id=140104436606784) ---
[tui-parent] 2026-06-29T09:11:44.438Z [lifecycle] spawned gateway child pid=21297 killed=false exitCode=null signal=null python=/home/luffy/.hermes/hermes-agent/venv/bin/python3 cwd=/home/luffy

=== gateway exit · 2026-06-29 14:41:48 · reason=stdin EOF (TUI closed the command pipe) ===

=== unhandled exception · 2026-06-29 14:41:48 ===
Traceback (most recent call last):
  File "<frozen runpy>", line 198, in _run_module_as_main
  File "<frozen runpy>", line 88, in _run_code
  File "/home/luffy/.hermes/hermes-agent/tui_gateway/entry.py", line 350, in <module>
    main()
  File "/home/luffy/.hermes/hermes-agent/tui_gateway/entry.py", line 346, in main
    _log_exit("stdin EOF (TUI closed the command pipe)")
  File "/home/luffy/.hermes/hermes-agent/tui_gateway/entry.py", line 204, in _log_exit
    print(f"[gateway-exit] {reason}", file=sys.stderr, flush=True)
BrokenPipeError: [Errno 32] Broken pipe
[tui-parent] 2026-06-29T09:18:41.519Z [lifecycle] spawned gateway child pid=36743 killed=false exitCode=null signal=null python=/home/luffy/.hermes/hermes-agent/venv/bin/python3 cwd=/home/luffy/Downloads/odysseus
[tui-parent] 2026-06-29T10:24:49.851Z [lifecycle] GatewayClient.kill reason=app.die pid=36743 killed=true exitCode=null signal=null killResult=true

=== SIGTERM received · 2026-06-29 15:54:49 ===
main-thread stack at signal delivery:
  File "<frozen runpy>", line 198, in _run_module_as_main
  File "<frozen runpy>", line 88, in _run_code
  File "/home/luffy/.hermes/hermes-agent/tui_gateway/entry.py", line 350, in <module>
    main()
  File "/home/luffy/.hermes/hermes-agent/tui_gateway/entry.py", line 326, in main
    for raw in sys.stdin:

--- thread MainThread (id=139934280853312) ---
  File "<frozen runpy>", line 198, in _run_module_as_main
  File "<frozen runpy>", line 88, in _run_code
  File "/home/luffy/.hermes/hermes-agent/tui_gateway/entry.py", line 350, in <module>
    main()
  File "/home/luffy/.hermes/hermes-agent/tui_gateway/entry.py", line 326, in main
    for raw in sys.stdin:
  File "/home/luffy/.hermes/hermes-agent/tui_gateway/entry.py", line 113, in _log_signal
    f.write("".join(traceback.format_stack(sys._current_frames().get(tid))))

--- thread Thread-2 (_loop) (id=139934246545088) ---
  File "/home/luffy/.local/share/uv/python/cpython-3.11.15-linux-x86_64-gnu/lib/python3.11/threading.py", line 1002, in _bootstrap
    self._bootstrap_inner()
  File "/home/luffy/.local/share/uv/python/cpython-3.11.15-linux-x86_64-gnu/lib/python3.11/threading.py", line 1045, in _bootstrap_inner
    self.run()
  File "/home/luffy/.local/share/uv/python/cpython-3.11.15-linux-x86_64-gnu/lib/python3.11/threading.py", line 982, in run
    self._target(*self._args, **self._kwargs)
  File "/home/luffy/.hermes/hermes-agent/tui_gateway/server.py", line 839, in _loop
    time.sleep(_REAPER_SCAN_S)

--- thread tui-rpc_0 (id=139934254937792) ---
  File "/home/luffy/.local/share/uv/python/cpython-3.11.15-linux-x86_64-gnu/lib/python3.11/threading.py", line 1002, in _bootstrap
    self._bootstrap_inner()
  File "/home/luffy/.local/share/uv/python/cpython-3.11.15-linux-x86_64-gnu/lib/python3.11/threading.py", line 1045, in _bootstrap_inner
    self.run()
  File "/home/luffy/.local/share/uv/python/cpython-3.11.15-linux-x86_64-gnu/lib/python3.11/threading.py", line 982, in run
    self._target(*self._args, **self._kwargs)
  File "/home/luffy/.local/share/uv/python/cpython-3.11.15-linux-x86_64-gnu/lib/python3.11/concurrent/futures/thread.py", line 81, in _worker
    work_item = work_queue.get(block=True)

--- thread Thread-8 (_notification_poller_loop) (id=139933775091392) ---
  File "/home/luffy/.local/share/uv/python/cpython-3.11.15-linux-x86_64-gnu/lib/python3.11/threading.py", line 1002, in _bootstrap
    self._bootstrap_inner()
  File "/home/luffy/.local/share/uv/python/cpython-3.11.15-linux-x86_64-gnu/lib/python3.11/threading.py", line 1045, in _bootstrap_inner
    self.run()
  File "/home/luffy/.local/share/uv/python/cpython-3.11.15-linux-x86_64-gnu/lib/python3.11/threading.py", line 982, in run
    self._target(*self._args, **self._kwargs)
  File "/home/luffy/.hermes/hermes-agent/tui_gateway/server.py", line 8213, in _notification_poller_loop
    evt = process_registry.completion_queue.get(timeout=0.5)
  File "/home/luffy/.local/share/uv/python/cpython-3.11.15-linux-x86_64-gnu/lib/python3.11/queue.py", line 180, in get
    self.not_empty.wait(remaining)
  File "/home/luffy/.local/share/uv/python/cpython-3.11.15-linux-x86_64-gnu/lib/python3.11/threading.py", line 331, in wait
    gotit = waiter.acquire(True, timeout)

--- thread Thread-13 (_cleanup_thread_worker) (id=139934210635456) ---
  File "/home/luffy/.local/share/uv/python/cpython-3.11.15-linux-x86_64-gnu/lib/python3.11/threading.py", line 1002, in _bootstrap
    self._bootstrap_inner()
  File "/home/luffy/.local/share/uv/python/cpython-3.11.15-linux-x86_64-gnu/lib/python3.11/threading.py", line 1045, in _bootstrap_inner
    self.run()
  File "/home/luffy/.local/share/uv/python/cpython-3.11.15-linux-x86_64-gnu/lib/python3.11/threading.py", line 982, in run
    self._target(*self._args, **self._kwargs)
  File "/home/luffy/.hermes/hermes-agent/tools/terminal_tool.py", line 1574, in _cleanup_thread_worker
    time.sleep(1)

--- thread tui-rpc_1 (id=139933737596608) ---
  File "/home/luffy/.local/share/uv/python/cpython-3.11.15-linux-x86_64-gnu/lib/python3.11/threading.py", line 1002, in _bootstrap
    self._bootstrap_inner()
  File "/home/luffy/.local/share/uv/python/cpython-3.11.15-linux-x86_64-gnu/lib/python3.11/threading.py", line 1045, in _bootstrap_inner
    self.run()
  File "/home/luffy/.local/share/uv/python/cpython-3.11.15-linux-x86_64-gnu/lib/python3.11/threading.py", line 982, in run
    self._target(*self._args, **self._kwargs)
  File "/home/luffy/.local/share/uv/python/cpython-3.11.15-linux-x86_64-gnu/lib/python3.11/concurrent/futures/thread.py", line 81, in _worker
    work_item = work_queue.get(block=True)

--- thread hermes-lsp-loop (id=139933507376832) ---
  File "/home/luffy/.local/share/uv/python/cpython-3.11.15-linux-x86_64-gnu/lib/python3.11/threading.py", line 1002, in _bootstrap
    self._bootstrap_inner()
  File "/home/luffy/.local/share/uv/python/cpython-3.11.15-linux-x86_64-gnu/lib/python3.11/threading.py", line 1045, in _bootstrap_inner
    self.run()
  File "/home/luffy/.local/share/uv/python/cpython-3.11.15-linux-x86_64-gnu/lib/python3.11/threading.py", line 982, in run
    self._target(*self._args, **self._kwargs)
  File "/home/luffy/.hermes/hermes-agent/agent/lsp/manager.py", line 93, in _run_forever
    loop.run_forever()
  File "/home/luffy/.local/share/uv/python/cpython-3.11.15-linux-x86_64-gnu/lib/python3.11/asyncio/base_events.py", line 608, in run_forever
    self._run_once()
  File "/home/luffy/.local/share/uv/python/cpython-3.11.15-linux-x86_64-gnu/lib/python3.11/asyncio/base_events.py", line 1898, in _run_once
    event_list = self._selector.select(timeout)
  File "/home/luffy/.local/share/uv/python/cpython-3.11.15-linux-x86_64-gnu/lib/python3.11/selectors.py", line 468, in select
    fd_event_list = self._selector.poll(timeout, max_ev)
[tui-parent] 2026-06-29T10:31:37.047Z [lifecycle] spawned gateway child pid=183138 killed=false exitCode=null signal=null python=/home/luffy/.hermes/hermes-agent/venv/bin/python3 cwd=/home/luffy
[tui-parent] 2026-06-29T10:42:19.821Z uncaughtException: Error: write EIO
[tui-parent] 2026-06-29T10:42:19.826Z graceful-exit received signal=SIGHUP → killing gateway

=== SIGHUP received · 2026-06-29 16:12:19 ===
main-thread stack at signal delivery:
  File "<frozen runpy>", line 198, in _run_module_as_main
  File "<frozen runpy>", line 88, in _run_code
  File "/home/luffy/.hermes/hermes-agent/tui_gateway/entry.py", line 350, in <module>
    main()
  File "/home/luffy/.hermes/hermes-agent/tui_gateway/entry.py", line 326, in main
    for raw in sys.stdin:
  File "/home/luffy/.hermes/hermes-agent/tui_gateway/entry.py", line 113, in _log_signal
    f.write("".join(traceback.format_stack(sys._current_frames().get(tid))))
  File "/home/luffy/.local/share/uv/python/cpython-3.11.15-linux-x86_64-gnu/lib/python3.11/traceback.py", line 214, in format_stack
    return format_list(extract_stack(f, limit=limit))
  File "/home/luffy/.local/share/uv/python/cpython-3.11.15-linux-x86_64-gnu/lib/python3.11/traceback.py", line 228, in extract_stack
    stack = StackSummary.extract(walk_stack(f), limit=limit)
  File "/home/luffy/.local/share/uv/python/cpython-3.11.15-linux-x86_64-gnu/lib/python3.11/traceback.py", line 390, in extract
    return klass._extract_from_extended_frame_gen(
  File "/home/luffy/.local/share/uv/python/cpython-3.11.15-linux-x86_64-gnu/lib/python3.11/traceback.py", line 433, in _extract_from_extended_frame_gen
    f.line
  File "/home/luffy/.local/share/uv/python/cpython-3.11.15-linux-x86_64-gnu/lib/python3.11/traceback.py", line 318, in line
    self._line = linecache.getline(self.filename, self.lineno)
  File "/home/luffy/.local/share/uv/python/cpython-3.11.15-linux-x86_64-gnu/lib/python3.11/linecache.py", line 30, in getline
    lines = getlines(filename, module_globals)
  File "/home/luffy/.local/share/uv/python/cpython-3.11.15-linux-x86_64-gnu/lib/python3.11/linecache.py", line 46, in getlines
    return updatecache(filename, module_globals)
  File "/home/luffy/.local/share/uv/python/cpython-3.11.15-linux-x86_64-gnu/lib/python3.11/linecache.py", line 137, in updatecache
    lines = fp.readlines()
  File "<frozen codecs>", line 319, in decode

--- thread MainThread (id=139984118605632) ---
  File "<frozen runpy>", line 198, in _run_module_as_main
  File "<frozen runpy>", line 88, in _run_code
  File "/home/luffy/.hermes/hermes-agent/tui_gateway/entry.py", line 350, in <module>
    main()
  File "/home/luffy/.hermes/hermes-agent/tui_gateway/entry.py", line 326, in main
    for raw in sys.stdin:
  File "/home/luffy/.hermes/hermes-agent/tui_gateway/entry.py", line 113, in _log_signal
    f.write("".join(traceback.format_stack(sys._current_frames().get(tid))))
  File "/home/luffy/.local/share/uv/python/cpython-3.11.15-linux-x86_64-gnu/lib/python3.11/traceback.py", line 214, in format_stack
    return format_list(extract_stack(f, limit=limit))
  File "/home/luffy/.local/share/uv/python/cpython-3.11.15-linux-x86_64-gnu/lib/python3.11/traceback.py", line 228, in extract_stack
    stack = StackSummary.extract(walk_stack(f), limit=limit)
  File "/home/luffy/.local/share/uv/python/cpython-3.11.15-linux-x86_64-gnu/lib/python3.11/traceback.py", line 390, in extract
    return klass._extract_from_extended_frame_gen(
  File "/home/luffy/.local/share/uv/python/cpython-3.11.15-linux-x86_64-gnu/lib/python3.11/traceback.py", line 433, in _extract_from_extended_frame_gen
    f.line
  File "/home/luffy/.local/share/uv/python/cpython-3.11.15-linux-x86_64-gnu/lib/python3.11/traceback.py", line 318, in line
    self._line = linecache.getline(self.filename, self.lineno)
  File "/home/luffy/.local/share/uv/python/cpython-3.11.15-linux-x86_64-gnu/lib/python3.11/linecache.py", line 30, in getline
    lines = getlines(filename, module_globals)
  File "/home/luffy/.local/share/uv/python/cpython-3.11.15-linux-x86_64-gnu/lib/python3.11/linecache.py", line 46, in getlines
    return updatecache(filename, module_globals)
  File "/home/luffy/.local/share/uv/python/cpython-3.11.15-linux-x86_64-gnu/lib/python3.11/linecache.py", line 137, in updatecache
    lines = fp.readlines()
  File "<frozen codecs>", line 319, in decode
  File "/home/luffy/.hermes/hermes-agent/tui_gateway/entry.py", line 113, in _log_signal
    f.write("".join(traceback.format_stack(sys._current_frames().get(tid))))

--- thread Thread-2 (_loop) (id=139984092706496) ---
  File "/home/luffy/.local/share/uv/python/cpython-3.11.15-linux-x86_64-gnu/lib/python3.11/threading.py", line 1002, in _bootstrap
    self._bootstrap_inner()
  File "/home/luffy/.local/share/uv/python/cpython-3.11.15-linux-x86_64-gnu/lib/python3.11/threading.py", line 1045, in _bootstrap_inner
    self.run()
  File "/home/luffy/.local/share/uv/python/cpython-3.11.15-linux-x86_64-gnu/lib/python3.11/threading.py", line 982, in run
    self._target(*self._args, **self._kwargs)
  File "/home/luffy/.hermes/hermes-agent/tui_gateway/server.py", line 839, in _loop
    time.sleep(_REAPER_SCAN_S)

--- thread tui-rpc_0 (id=139984083265216) ---
  File "/home/luffy/.local/share/uv/python/cpython-3.11.15-linux-x86_64-gnu/lib/python3.11/threading.py", line 1002, in _bootstrap
    self._bootstrap_inner()
  File "/home/luffy/.local/share/uv/python/cpython-3.11.15-linux-x86_64-gnu/lib/python3.11/threading.py", line 1045, in _bootstrap_inner
    self.run()
  File "/home/luffy/.local/share/uv/python/cpython-3.11.15-linux-x86_64-gnu/lib/python3.11/threading.py", line 982, in run
    self._target(*self._args, **self._kwargs)
  File "/home/luffy/.local/share/uv/python/cpython-3.11.15-linux-x86_64-gnu/lib/python3.11/concurrent/futures/thread.py", line 81, in _worker
    work_item = work_queue.get(block=True)

--- thread Thread-6 (_drain_stdout) (id=139983981635264) ---
  File "/home/luffy/.local/share/uv/python/cpython-3.11.15-linux-x86_64-gnu/lib/python3.11/threading.py", line 1002, in _bootstrap
    self._bootstrap_inner()
  File "/home/luffy/.local/share/uv/python/cpython-3.11.15-linux-x86_64-gnu/lib/python3.11/threading.py", line 1045, in _bootstrap_inner
    self.run()
  File "/home/luffy/.local/share/uv/python/cpython-3.11.15-linux-x86_64-gnu/lib/python3.11/threading.py", line 982, in run
    self._target(*self._args, **self._kwargs)
  File "/home/luffy/.hermes/hermes-agent/tui_gateway/server.py", line 297, in _drain_stdout
    for line in self.proc.stdout or []:

--- thread Thread-7 (_drain_stderr) (id=139983990027968) ---
  File "/home/luffy/.local/share/uv/python/cpython-3.11.15-linux-x86_64-gnu/lib/python3.11/threading.py", line 1002, in _bootstrap
    self._bootstrap_inner()
  File "/home/luffy/.local/share/uv/python/cpython-3.11.15-linux-x86_64-gnu/lib/python3.11/threading.py", line 1045, in _bootstrap_inner
    self.run()
  File "/home/luffy/.local/share/uv/python/cpython-3.11.15-linux-x86_64-gnu/lib/python3.11/threading.py", line 982, in run
    self._target(*self._args, **self._kwargs)
  File "/home/luffy/.hermes/hermes-agent/tui_gateway/server.py", line 305, in _drain_stderr
    for line in self.proc.stderr or []:

--- thread Thread-8 (_notification_poller_loop) (id=139983611676352) ---
  File "/home/luffy/.local/share/uv/python/cpython-3.11.15-linux-x86_64-gnu/lib/python3.11/threading.py", line 1002, in _bootstrap
    self._bootstrap_inner()
  File "/home/luffy/.local/share/uv/python/cpython-3.11.15-linux-x86_64-gnu/lib/python3.11/threading.py", line 1045, in _bootstrap_inner
    self.run()
  File "/home/luffy/.local/share/uv/python/cpython-3.11.15-linux-x86_64-gnu/lib/python3.11/threading.py", line 982, in run
    self._target(*self._args, **self._kwargs)
  File "/home/luffy/.hermes/hermes-agent/tui_gateway/server.py", line 8213, in _notification_poller_loop
    evt = process_registry.completion_queue.get(timeout=0.5)
  File "/home/luffy/.local/share/uv/python/cpython-3.11.15-linux-x86_64-gnu/lib/python3.11/queue.py", line 180, in get
    self.not_empty.wait(remaining)
  File "/home/luffy/.local/share/uv/python/cpython-3.11.15-linux-x86_64-gnu/lib/python3.11/threading.py", line 331, in wait
    gotit = waiter.acquire(True, timeout)

--- thread Thread-13 (_cleanup_thread_worker) (id=139983973242560) ---
  File "/home/luffy/.local/share/uv/python/cpython-3.11.15-linux-x86_64-gnu/lib/python3.11/threading.py", line 1002, in _bootstrap
    self._bootstrap_inner()
  File "/home/luffy/.local/share/uv/python/cpython-3.11.15-linux-x86_64-gnu/lib/python3.11/threading.py", line 1045, in _bootstrap_inner
    self.run()
  File "/home/luffy/.local/share/uv/python/cpython-3.11.15-linux-x86_64-gnu/lib/python3.11/threading.py", line 982, in run
    self._target(*self._args, **self._kwargs)
  File "/home/luffy/.hermes/hermes-agent/tools/terminal_tool.py", line 1574, in _cleanup_thread_worker
    time.sleep(1)
[tui-parent] 2026-06-29T10:42:19.828Z uncaughtException: Error: write EIO
[tui-parent] 2026-06-29T10:42:19.828Z [lifecycle] GatewayClient.kill reason=graceful-exit-cleanup pid=183138 killed=true exitCode=null signal=null killResult=true

=== SIGTERM received · 2026-06-29 16:12:19 ===
main-thread stack at signal delivery:
  File "<frozen runpy>", line 198, in _run_module_as_main
  File "<frozen runpy>", line 88, in _run_code
  File "/home/luffy/.hermes/hermes-agent/tui_gateway/entry.py", line 350, in <module>
    main()
  File "/home/luffy/.hermes/hermes-agent/tui_gateway/entry.py", line 326, in main
    for raw in sys.stdin:
  File "/home/luffy/.hermes/hermes-agent/tui_gateway/entry.py", line 113, in _log_signal
    f.write("".join(traceback.format_stack(sys._current_frames().get(tid))))
  File "/home/luffy/.local/share/uv/python/cpython-3.11.15-linux-x86_64-gnu/lib/python3.11/traceback.py", line 214, in format_stack
    return format_list(extract_stack(f, limit=limit))
  File "/home/luffy/.local/share/uv/python/cpython-3.11.15-linux-x86_64-gnu/lib/python3.11/traceback.py", line 228, in extract_stack
    stack = StackSummary.extract(walk_stack(f), limit=limit)
  File "/home/luffy/.local/share/uv/python/cpython-3.11.15-linux-x86_64-gnu/lib/python3.11/traceback.py", line 390, in extract
    return klass._extract_from_extended_frame_gen(
  File "/home/luffy/.local/share/uv/python/cpython-3.11.15-linux-x86_64-gnu/lib/python3.11/traceback.py", line 433, in _extract_from_extended_frame_gen
    f.line
  File "/home/luffy/.local/share/uv/python/cpython-3.11.15-linux-x86_64-gnu/lib/python3.11/traceback.py", line 318, in line
    self._line = linecache.getline(self.filename, self.lineno)
  File "/home/luffy/.local/share/uv/python/cpython-3.11.15-linux-x86_64-gnu/lib/python3.11/linecache.py", line 30, in getline
    lines = getlines(filename, module_globals)
  File "/home/luffy/.local/share/uv/python/cpython-3.11.15-linux-x86_64-gnu/lib/python3.11/linecache.py", line 46, in getlines
    return updatecache(filename, module_globals)
  File "/home/luffy/.local/share/uv/python/cpython-3.11.15-linux-x86_64-gnu/lib/python3.11/linecache.py", line 137, in updatecache
    lines = fp.readlines()
  File "<frozen codecs>", line 319, in decode
  File "/home/luffy/.hermes/hermes-agent/tui_gateway/entry.py", line 141, in _log_signal
    _shutdown_sessions()
  File "/home/luffy/.hermes/hermes-agent/tui_gateway/server.py", line 719, in _shutdown_sessions
    _close_session_by_id(sid, end_reason="tui_shutdown")
  File "/home/luffy/.hermes/hermes-agent/tui_gateway/server.py", line 629, in _close_session_by_id
    _teardown_session(session, end_reason=end_reason)
  File "/home/luffy/.hermes/hermes-agent/tui_gateway/server.py", line 588, in _teardown_session
    _finalize_session(session, end_reason=end_reason)
  File "/home/luffy/.hermes/hermes-agent/tui_gateway/server.py", line 556, in _finalize_session
    db.end_session(session_id, end_reason)
  File "/home/luffy/.hermes/hermes-agent/hermes_state.py", line 1517, in end_session
    self._execute_write(_do)
  File "/home/luffy/.hermes/hermes-agent/hermes_state.py", line 1068, in _execute_write
    self._conn.commit()

--- thread MainThread (id=139984118605632) ---
  File "<frozen runpy>", line 198, in _run_module_as_main
  File "<frozen runpy>", line 88, in _run_code
  File "/home/luffy/.hermes/hermes-agent/tui_gateway/entry.py", line 350, in <module>
    main()
  File "/home/luffy/.hermes/hermes-agent/tui_gateway/entry.py", line 326, in main
    for raw in sys.stdin:
  File "/home/luffy/.hermes/hermes-agent/tui_gateway/entry.py", line 113, in _log_signal
    f.write("".join(traceback.format_stack(sys._current_frames().get(tid))))
  File "/home/luffy/.local/share/uv/python/cpython-3.11.15-linux-x86_64-gnu/lib/python3.11/traceback.py", line 214, in format_stack
    return format_list(extract_stack(f, limit=limit))
  File "/home/luffy/.local/share/uv/python/cpython-3.11.15-linux-x86_64-gnu/lib/python3.11/traceback.py", line 228, in extract_stack
    stack = StackSummary.extract(walk_stack(f), limit=limit)
  File "/home/luffy/.local/share/uv/python/cpython-3.11.15-linux-x86_64-gnu/lib/python3.11/traceback.py", line 390, in extract
    return klass._extract_from_extended_frame_gen(
  File "/home/luffy/.local/share/uv/python/cpython-3.11.15-linux-x86_64-gnu/lib/python3.11/traceback.py", line 433, in _extract_from_extended_frame_gen
    f.line
  File "/home/luffy/.local/share/uv/python/cpython-3.11.15-linux-x86_64-gnu/lib/python3.11/traceback.py", line 318, in line
    self._line = linecache.getline(self.filename, self.lineno)
  File "/home/luffy/.local/share/uv/python/cpython-3.11.15-linux-x86_64-gnu/lib/python3.11/linecache.py", line 30, in getline
    lines = getlines(filename, module_globals)
  File "/home/luffy/.local/share/uv/python/cpython-3.11.15-linux-x86_64-gnu/lib/python3.11/linecache.py", line 46, in getlines
    return updatecache(filename, module_globals)
  File "/home/luffy/.local/share/uv/python/cpython-3.11.15-linux-x86_64-gnu/lib/python3.11/linecache.py", line 137, in updatecache
    lines = fp.readlines()
  File "<frozen codecs>", line 319, in decode
  File "/home/luffy/.hermes/hermes-agent/tui_gateway/entry.py", line 141, in _log_signal
    _shutdown_sessions()
  File "/home/luffy/.hermes/hermes-agent/tui_gateway/server.py", line 719, in _shutdown_sessions
    _close_session_by_id(sid, end_reason="tui_shutdown")
  File "/home/luffy/.hermes/hermes-agent/tui_gateway/server.py", line 629, in _close_session_by_id
    _teardown_session(session, end_reason=end_reason)
  File "/home/luffy/.hermes/hermes-agent/tui_gateway/server.py", line 588, in _teardown_session
    _finalize_session(session, end_reason=end_reason)
  File "/home/luffy/.hermes/hermes-agent/tui_gateway/server.py", line 556, in _finalize_session
    db.end_session(session_id, end_reason)
  File "/home/luffy/.hermes/hermes-agent/hermes_state.py", line 1517, in end_session
    self._execute_write(_do)
  File "/home/luffy/.hermes/hermes-agent/hermes_state.py", line 1068, in _execute_write
    self._conn.commit()
  File "/home/luffy/.hermes/hermes-agent/tui_gateway/entry.py", line 113, in _log_signal
    f.write("".join(traceback.format_stack(sys._current_frames().get(tid))))

--- thread Thread-2 (_loop) (id=139984092706496) ---
  File "/home/luffy/.local/share/uv/python/cpython-3.11.15-linux-x86_64-gnu/lib/python3.11/threading.py", line 1002, in _bootstrap
    self._bootstrap_inner()
  File "/home/luffy/.local/share/uv/python/cpython-3.11.15-linux-x86_64-gnu/lib/python3.11/threading.py", line 1045, in _bootstrap_inner
    self.run()
  File "/home/luffy/.local/share/uv/python/cpython-3.11.15-linux-x86_64-gnu/lib/python3.11/threading.py", line 982, in run
    self._target(*self._args, **self._kwargs)
  File "/home/luffy/.hermes/hermes-agent/tui_gateway/server.py", line 839, in _loop
    time.sleep(_REAPER_SCAN_S)

--- thread tui-rpc_0 (id=139984083265216) ---
  File "/home/luffy/.local/share/uv/python/cpython-3.11.15-linux-x86_64-gnu/lib/python3.11/threading.py", line 1002, in _bootstrap
    self._bootstrap_inner()
  File "/home/luffy/.local/share/uv/python/cpython-3.11.15-linux-x86_64-gnu/lib/python3.11/threading.py", line 1045, in _bootstrap_inner
    self.run()
  File "/home/luffy/.local/share/uv/python/cpython-3.11.15-linux-x86_64-gnu/lib/python3.11/threading.py", line 982, in run
    self._target(*self._args, **self._kwargs)
  File "/home/luffy/.local/share/uv/python/cpython-3.11.15-linux-x86_64-gnu/lib/python3.11/concurrent/futures/thread.py", line 81, in _worker
    work_item = work_queue.get(block=True)

--- thread Thread-8 (_notification_poller_loop) (id=139983611676352) ---
  File "/home/luffy/.local/share/uv/python/cpython-3.11.15-linux-x86_64-gnu/lib/python3.11/threading.py", line 1002, in _bootstrap
    self._bootstrap_inner()
  File "/home/luffy/.local/share/uv/python/cpython-3.11.15-linux-x86_64-gnu/lib/python3.11/threading.py", line 1045, in _bootstrap_inner
    self.run()
  File "/home/luffy/.local/share/uv/python/cpython-3.11.15-linux-x86_64-gnu/lib/python3.11/threading.py", line 982, in run
    self._target(*self._args, **self._kwargs)
  File "/home/luffy/.hermes/hermes-agent/tui_gateway/server.py", line 8213, in _notification_poller_loop
    evt = process_registry.completion_queue.get(timeout=0.5)
  File "/home/luffy/.local/share/uv/python/cpython-3.11.15-linux-x86_64-gnu/lib/python3.11/queue.py", line 180, in get
    self.not_empty.wait(remaining)
  File "/home/luffy/.local/share/uv/python/cpython-3.11.15-linux-x86_64-gnu/lib/python3.11/threading.py", line 331, in wait
    gotit = waiter.acquire(True, timeout)
[tui-parent] 2026-06-29T10:42:19.837Z unhandledRejection: Error: EIO: i/o error, write

--- thread Thread-13 (_cleanup_thread_worker) (id=139983973242560) ---
  File "/home/luffy/.local/share/uv/python/cpython-3.11.15-linux-x86_64-gnu/lib/python3.11/threading.py", line 1002, in _bootstrap
    self._bootstrap_inner()
  File "/home/luffy/.local/share/uv/python/cpython-3.11.15-linux-x86_64-gnu/lib/python3.11/threading.py", line 1045, in _bootstrap_inner
    self.run()
  File "/home/luffy/.local/share/uv/python/cpython-3.11.15-linux-x86_64-gnu/lib/python3.11/threading.py", line 982, in run
    self._target(*self._args, **self._kwargs)
  File "/home/luffy/.hermes/hermes-agent/tools/terminal_tool.py", line 1574, in _cleanup_thread_worker
    time.sleep(1)

--- thread Thread-118 (run) (id=139983488796352) ---
  File "/home/luffy/.local/share/uv/python/cpython-3.11.15-linux-x86_64-gnu/lib/python3.11/threading.py", line 1002, in _bootstrap
    self._bootstrap_inner()
  File "/home/luffy/.local/share/uv/python/cpython-3.11.15-linux-x86_64-gnu/lib/python3.11/threading.py", line 1045, in _bootstrap_inner
    self.run()
  File "/home/luffy/.local/share/uv/python/cpython-3.11.15-linux-x86_64-gnu/lib/python3.11/threading.py", line 982, in run
    self._target(*self._args, **self._kwargs)
  File "/home/luffy/.hermes/hermes-agent/tui_gateway/server.py", line 8474, in run
    result = agent.run_conversation(run_message, **run_kwargs)
  File "/home/luffy/.hermes/hermes-agent/run_agent.py", line 5385, in run_conversation
    return run_conversation(
  File "/home/luffy/.hermes/hermes-agent/agent/conversation_loop.py", line 4331, in run_conversation
    agent._execute_tool_calls(assistant_message, messages, effective_task_id, api_call_count)
  File "/home/luffy/.hermes/hermes-agent/run_agent.py", line 5271, in _execute_tool_calls
    return self._execute_tool_calls_sequential(
  File "/home/luffy/.hermes/hermes-agent/run_agent.py", line 5365, in _execute_tool_calls_sequential
    return execute_tool_calls_sequential(self, assistant_message, messages, effective_task_id, api_call_count)
  File "/home/luffy/.hermes/hermes-agent/agent/tool_executor.py", line 1298, in execute_tool_calls_sequential
    function_result = _ra().handle_function_call(
  File "/home/luffy/.hermes/hermes-agent/model_tools.py", line 1155, in handle_function_call
    result = run_tool_execution_middleware(
  File "/home/luffy/.hermes/hermes-agent/hermes_cli/middleware.py", line 201, in run_tool_execution_middleware
    return next_call(args)
  File "/home/luffy/.hermes/hermes-agent/model_tools.py", line 1147, in _dispatch
    return registry.dispatch(
  File "/home/luffy/.hermes/hermes-agent/tools/registry.py", line 460, in dispatch
    return entry.handler(args, **kwargs)
  File "/home/luffy/.hermes/hermes-agent/tools/terminal_tool.py", line 2931, in _handle_terminal
    return terminal_tool(
  File "/home/luffy/.hermes/hermes-agent/tools/terminal_tool.py", line 2570, in terminal_tool
    result = env.execute(command, **execute_kwargs)
  File "/home/luffy/.hermes/hermes-agent/tools/environments/base.py", line 909, in execute
    result = self._wait_for_process(proc, timeout=effective_timeout)
  File "/home/luffy/.hermes/hermes-agent/tools/environments/base.py", line 753, in _wait_for_process
    time.sleep(_poll_sleep)

--- thread hermes-lsp-loop (id=139983497189056) ---
  File "/home/luffy/.local/share/uv/python/cpython-3.11.15-linux-x86_64-gnu/lib/python3.11/threading.py", line 1002, in _bootstrap
    self._bootstrap_inner()
  File "/home/luffy/.local/share/uv/python/cpython-3.11.15-linux-x86_64-gnu/lib/python3.11/threading.py", line 1045, in _bootstrap_inner
    self.run()
  File "/home/luffy/.local/share/uv/python/cpython-3.11.15-linux-x86_64-gnu/lib/python3.11/threading.py", line 982, in run
    self._target(*self._args, **self._kwargs)
  File "/home/luffy/.hermes/hermes-agent/agent/lsp/manager.py", line 93, in _run_forever
    loop.run_forever()
  File "/home/luffy/.local/share/uv/python/cpython-3.11.15-linux-x86_64-gnu/lib/python3.11/asyncio/base_events.py", line 608, in run_forever
    self._run_once()
  File "/home/luffy/.local/share/uv/python/cpython-3.11.15-linux-x86_64-gnu/lib/python3.11/asyncio/base_events.py", line 1898, in _run_once
    event_list = self._selector.select(timeout)
  File "/home/luffy/.local/share/uv/python/cpython-3.11.15-linux-x86_64-gnu/lib/python3.11/selectors.py", line 468, in select
    fd_event_list = self._selector.poll(timeout, max_ev)

--- thread Thread-146 (_drain) (id=139983516071616) ---
  File "/home/luffy/.local/share/uv/python/cpython-3.11.15-linux-x86_64-gnu/lib/python3.11/threading.py", line 1002, in _bootstrap
    self._bootstrap_inner()
  File "/home/luffy/.local/share/uv/python/cpython-3.11.15-linux-x86_64-gnu/lib/python3.11/threading.py", line 1045, in _bootstrap_inner
    self.run()
  File "/home/luffy/.local/share/uv/python/cpython-3.11.15-linux-x86_64-gnu/lib/python3.11/threading.py", line 982, in run
    self._target(*self._args, **self._kwargs)
  File "/home/luffy/.hermes/hermes-agent/tools/environments/base.py", line 632, in _drain
    ready, _, _ = select.select([fd], [], [], 0.1)

--- thread Thread-147 (id=139983990027968) ---
  File "/home/luffy/.local/share/uv/python/cpython-3.11.15-linux-x86_64-gnu/lib/python3.11/threading.py", line 1002, in _bootstrap
    self._bootstrap_inner()
  File "/home/luffy/.local/share/uv/python/cpython-3.11.15-linux-x86_64-gnu/lib/python3.11/threading.py", line 1045, in _bootstrap_inner
    self.run()
  File "/home/luffy/.local/share/uv/python/cpython-3.11.15-linux-x86_64-gnu/lib/python3.11/threading.py", line 1399, in run
    self.finished.wait(self.interval)
  File "/home/luffy/.local/share/uv/python/cpython-3.11.15-linux-x86_64-gnu/lib/python3.11/threading.py", line 629, in wait
    signaled = self._cond.wait(timeout)
  File "/home/luffy/.local/share/uv/python/cpython-3.11.15-linux-x86_64-gnu/lib/python3.11/threading.py", line 331, in wait
    gotit = waiter.acquire(True, timeout)

=== SIGHUP received · 2026-06-29 16:12:19 ===
main-thread stack at signal delivery:
  File "<frozen runpy>", line 198, in _run_module_as_main
  File "<frozen runpy>", line 88, in _run_code
  File "/home/luffy/.hermes/hermes-agent/tui_gateway/entry.py", line 350, in <module>
    main()
  File "/home/luffy/.hermes/hermes-agent/tui_gateway/entry.py", line 326, in main
    for raw in sys.stdin:

--- thread MainThread (id=139984118605632) ---
  File "<frozen runpy>", line 198, in _run_module_as_main
  File "<frozen runpy>", line 88, in _run_code
  File "/home/luffy/.hermes/hermes-agent/tui_gateway/entry.py", line 350, in <module>
    main()
  File "/home/luffy/.hermes/hermes-agent/tui_gateway/entry.py", line 326, in main
    for raw in sys.stdin:
  File "/home/luffy/.hermes/hermes-agent/tui_gateway/entry.py", line 113, in _log_signal
    f.write("".join(traceback.format_stack(sys._current_frames().get(tid))))

--- thread Thread-2 (_loop) (id=139984092706496) ---
  File "/home/luffy/.local/share/uv/python/cpython-3.11.15-linux-x86_64-gnu/lib/python3.11/threading.py", line 1002, in _bootstrap
    self._bootstrap_inner()
  File "/home/luffy/.local/share/uv/python/cpython-3.11.15-linux-x86_64-gnu/lib/python3.11/threading.py", line 1045, in _bootstrap_inner
    self.run()
  File "/home/luffy/.local/share/uv/python/cpython-3.11.15-linux-x86_64-gnu/lib/python3.11/threading.py", line 982, in run
    self._target(*self._args, **self._kwargs)
  File "/home/luffy/.hermes/hermes-agent/tui_gateway/server.py", line 839, in _loop
    time.sleep(_REAPER_SCAN_S)

--- thread tui-rpc_0 (id=139984083265216) ---
  File "/home/luffy/.local/share/uv/python/cpython-3.11.15-linux-x86_64-gnu/lib/python3.11/threading.py", line 1002, in _bootstrap
    self._bootstrap_inner()
  File "/home/luffy/.local/share/uv/python/cpython-3.11.15-linux-x86_64-gnu/lib/python3.11/threading.py", line 1045, in _bootstrap_inner
    self.run()
  File "/home/luffy/.local/share/uv/python/cpython-3.11.15-linux-x86_64-gnu/lib/python3.11/threading.py", line 982, in run
    self._target(*self._args, **self._kwargs)
  File "/home/luffy/.local/share/uv/python/cpython-3.11.15-linux-x86_64-gnu/lib/python3.11/concurrent/futures/thread.py", line 81, in _worker
    work_item = work_queue.get(block=True)

--- thread Thread-6 (_drain_stdout) (id=139983981635264) ---
  File "/home/luffy/.local/share/uv/python/cpython-3.11.15-linux-x86_64-gnu/lib/python3.11/threading.py", line 1002, in _bootstrap
    self._bootstrap_inner()
  File "/home/luffy/.local/share/uv/python/cpython-3.11.15-linux-x86_64-gnu/lib/python3.11/threading.py", line 1045, in _bootstrap_inner
    self.run()
  File "/home/luffy/.local/share/uv/python/cpython-3.11.15-linux-x86_64-gnu/lib/python3.11/threading.py", line 982, in run
    self._target(*self._args, **self._kwargs)
  File "/home/luffy/.hermes/hermes-agent/tui_gateway/server.py", line 297, in _drain_stdout
    for line in self.proc.stdout or []:

--- thread Thread-7 (_drain_stderr) (id=139983990027968) ---
  File "/home/luffy/.local/share/uv/python/cpython-3.11.15-linux-x86_64-gnu/lib/python3.11/threading.py", line 1002, in _bootstrap
    self._bootstrap_inner()
  File "/home/luffy/.local/share/uv/python/cpython-3.11.15-linux-x86_64-gnu/lib/python3.11/threading.py", line 1045, in _bootstrap_inner
    self.run()
  File "/home/luffy/.local/share/uv/python/cpython-3.11.15-linux-x86_64-gnu/lib/python3.11/threading.py", line 982, in run
    self._target(*self._args, **self._kwargs)
  File "/home/luffy/.hermes/hermes-agent/tui_gateway/server.py", line 305, in _drain_stderr
    for line in self.proc.stderr or []:

--- thread Thread-8 (_notification_poller_loop) (id=139983611676352) ---
  File "/home/luffy/.local/share/uv/python/cpython-3.11.15-linux-x86_64-gnu/lib/python3.11/threading.py", line 1002, in _bootstrap
    self._bootstrap_inner()
  File "/home/luffy/.local/share/uv/python/cpython-3.11.15-linux-x86_64-gnu/lib/python3.11/threading.py", line 1045, in _bootstrap_inner
    self.run()
  File "/home/luffy/.local/share/uv/python/cpython-3.11.15-linux-x86_64-gnu/lib/python3.11/threading.py", line 982, in run
    self._target(*self._args, **self._kwargs)
  File "/home/luffy/.hermes/hermes-agent/tui_gateway/server.py", line 8213, in _notification_poller_loop
    evt = process_registry.completion_queue.get(timeout=0.5)
  File "/home/luffy/.local/share/uv/python/cpython-3.11.15-linux-x86_64-gnu/lib/python3.11/queue.py", line 180, in get
    self.not_empty.wait(remaining)
  File "/home/luffy/.local/share/uv/python/cpython-3.11.15-linux-x86_64-gnu/lib/python3.11/threading.py", line 331, in wait
    gotit = waiter.acquire(True, timeout)

--- thread Thread-13 (_cleanup_thread_worker) (id=139983973242560) ---
[tui-parent] 2026-06-29T10:42:20.233Z [lifecycle] spawned gateway child pid=202639 killed=false exitCode=null signal=null python=/home/luffy/.hermes/hermes-agent/venv/bin/python3 cwd=/home/luffy

=== gateway exit · 2026-06-29 16:12:23 · reason=stdin EOF (TUI closed the command pipe) ===

=== unhandled exception · 2026-06-29 16:12:23 ===
Traceback (most recent call last):
  File "<frozen runpy>", line 198, in _run_module_as_main
  File "<frozen runpy>", line 88, in _run_code
  File "/home/luffy/.hermes/hermes-agent/tui_gateway/entry.py", line 350, in <module>
    main()
  File "/home/luffy/.hermes/hermes-agent/tui_gateway/entry.py", line 346, in main
    _log_exit("stdin EOF (TUI closed the command pipe)")
  File "/home/luffy/.hermes/hermes-agent/tui_gateway/entry.py", line 204, in _log_exit
    print(f"[gateway-exit] {reason}", file=sys.stderr, flush=True)
BrokenPipeError: [Errno 32] Broken pipe
[tui-parent] 2026-06-29T10:42:37.599Z [lifecycle] spawned gateway child pid=203689 killed=false exitCode=null signal=null python=/home/luffy/.hermes/hermes-agent/venv/bin/python3 cwd=/home/luffy
[tui-parent] 2026-06-29T10:48:43.596Z uncaughtException: Error: write EIO
[tui-parent] 2026-06-29T10:48:43.597Z graceful-exit received signal=SIGHUP → killing gateway
[tui-parent] 2026-06-29T10:48:43.598Z uncaughtException: Error: write EIO
[tui-parent] 2026-06-29T10:48:43.598Z [lifecycle] GatewayClient.kill reason=graceful-exit-cleanup pid=203689 killed=true exitCode=null signal=null killResult=true
[tui-parent] 2026-06-29T10:48:43.605Z unhandledRejection: Error: EIO: i/o error, write

=== SIGHUP received · 2026-06-29 16:18:43 ===
main-thread stack at signal delivery:
  File "<frozen runpy>", line 198, in _run_module_as_main
  File "<frozen runpy>", line 88, in _run_code
  File "/home/luffy/.hermes/hermes-agent/tui_gateway/entry.py", line 350, in <module>
    main()
  File "/home/luffy/.hermes/hermes-agent/tui_gateway/entry.py", line 326, in main
    for raw in sys.stdin:
  File "/home/luffy/.hermes/hermes-agent/tui_gateway/entry.py", line 113, in _log_signal
    f.write("".join(traceback.format_stack(sys._current_frames().get(tid))))
  File "/home/luffy/.local/share/uv/python/cpython-3.11.15-linux-x86_64-gnu/lib/python3.11/traceback.py", line 214, in format_stack
    return format_list(extract_stack(f, limit=limit))
  File "/home/luffy/.local/share/uv/python/cpython-3.11.15-linux-x86_64-gnu/lib/python3.11/traceback.py", line 228, in extract_stack
    stack = StackSummary.extract(walk_stack(f), limit=limit)
  File "/home/luffy/.local/share/uv/python/cpython-3.11.15-linux-x86_64-gnu/lib/python3.11/traceback.py", line 390, in extract
    return klass._extract_from_extended_frame_gen(
  File "/home/luffy/.local/share/uv/python/cpython-3.11.15-linux-x86_64-gnu/lib/python3.11/traceback.py", line 433, in _extract_from_extended_frame_gen
    f.line
  File "/home/luffy/.local/share/uv/python/cpython-3.11.15-linux-x86_64-gnu/lib/python3.11/traceback.py", line 318, in line
    self._line = linecache.getline(self.filename, self.lineno)
  File "/home/luffy/.local/share/uv/python/cpython-3.11.15-linux-x86_64-gnu/lib/python3.11/linecache.py", line 30, in getline
    lines = getlines(filename, module_globals)
  File "/home/luffy/.local/share/uv/python/cpython-3.11.15-linux-x86_64-gnu/lib/python3.11/linecache.py", line 46, in getlines
    return updatecache(filename, module_globals)
  File "/home/luffy/.local/share/uv/python/cpython-3.11.15-linux-x86_64-gnu/lib/python3.11/linecache.py", line 137, in updatecache
    lines = fp.readlines()
  File "<frozen codecs>", line 319, in decode

--- thread MainThread (id=140294158165824) ---
  File "<frozen runpy>", line 198, in _run_module_as_main
  File "<frozen runpy>", line 88, in _run_code
  File "/home/luffy/.hermes/hermes-agent/tui_gateway/entry.py", line 350, in <module>
    main()
  File "/home/luffy/.hermes/hermes-agent/tui_gateway/entry.py", line 326, in main
    for raw in sys.stdin:
  File "/home/luffy/.hermes/hermes-agent/tui_gateway/entry.py", line 113, in _log_signal
    f.write("".join(traceback.format_stack(sys._current_frames().get(tid))))
  File "/home/luffy/.local/share/uv/python/cpython-3.11.15-linux-x86_64-gnu/lib/python3.11/traceback.py", line 214, in format_stack
    return format_list(extract_stack(f, limit=limit))
  File "/home/luffy/.local/share/uv/python/cpython-3.11.15-linux-x86_64-gnu/lib/python3.11/traceback.py", line 228, in extract_stack
    stack = StackSummary.extract(walk_stack(f), limit=limit)
  File "/home/luffy/.local/share/uv/python/cpython-3.11.15-linux-x86_64-gnu/lib/python3.11/traceback.py", line 390, in extract
    return klass._extract_from_extended_frame_gen(
  File "/home/luffy/.local/share/uv/python/cpython-3.11.15-linux-x86_64-gnu/lib/python3.11/traceback.py", line 433, in _extract_from_extended_frame_gen
    f.line
  File "/home/luffy/.local/share/uv/python/cpython-3.11.15-linux-x86_64-gnu/lib/python3.11/traceback.py", line 318, in line
    self._line = linecache.getline(self.filename, self.lineno)
  File "/home/luffy/.local/share/uv/python/cpython-3.11.15-linux-x86_64-gnu/lib/python3.11/linecache.py", line 30, in getline
    lines = getlines(filename, module_globals)
  File "/home/luffy/.local/share/uv/python/cpython-3.11.15-linux-x86_64-gnu/lib/python3.11/linecache.py", line 46, in getlines
    return updatecache(filename, module_globals)
  File "/home/luffy/.local/share/uv/python/cpython-3.11.15-linux-x86_64-gnu/lib/python3.11/linecache.py", line 137, in updatecache
    lines = fp.readlines()
  File "<frozen codecs>", line 319, in decode
  File "/home/luffy/.hermes/hermes-agent/tui_gateway/entry.py", line 113, in _log_signal
    f.write("".join(traceback.format_stack(sys._current_frames().get(tid))))

--- thread Thread-2 (_loop) (id=140294132303552) ---
  File "/home/luffy/.local/share/uv/python/cpython-3.11.15-linux-x86_64-gnu/lib/python3.11/threading.py", line 1002, in _bootstrap
    self._bootstrap_inner()
  File "/home/luffy/.local/share/uv/python/cpython-3.11.15-linux-x86_64-gnu/lib/python3.11/threading.py", line 1045, in _bootstrap_inner
    self.run()
  File "/home/luffy/.local/share/uv/python/cpython-3.11.15-linux-x86_64-gnu/lib/python3.11/threading.py", line 982, in run
    self._target(*self._args, **self._kwargs)
  File "/home/luffy/.hermes/hermes-agent/tui_gateway/server.py", line 839, in _loop
    time.sleep(_REAPER_SCAN_S)

--- thread tui-rpc_0 (id=140294122862272) ---
  File "/home/luffy/.local/share/uv/python/cpython-3.11.15-linux-x86_64-gnu/lib/python3.11/threading.py", line 1002, in _bootstrap
    self._bootstrap_inner()
  File "/home/luffy/.local/share/uv/python/cpython-3.11.15-linux-x86_64-gnu/lib/python3.11/threading.py", line 1045, in _bootstrap_inner
    self.run()
  File "/home/luffy/.local/share/uv/python/cpython-3.11.15-linux-x86_64-gnu/lib/python3.11/threading.py", line 982, in run
    self._target(*self._args, **self._kwargs)
  File "/home/luffy/.local/share/uv/python/cpython-3.11.15-linux-x86_64-gnu/lib/python3.11/concurrent/futures/thread.py", line 81, in _worker
    work_item = work_queue.get(block=True)

--- thread Thread-14 (_notification_poller_loop) (id=140294016194240) ---
  File "/home/luffy/.local/share/uv/python/cpython-3.11.15-linux-x86_64-gnu/lib/python3.11/threading.py", line 1002, in _bootstrap
    self._bootstrap_inner()
  File "/home/luffy/.local/share/uv/python/cpython-3.11.15-linux-x86_64-gnu/lib/python3.11/threading.py", line 1045, in _bootstrap_inner
    self.run()
  File "/home/luffy/.local/share/uv/python/cpython-3.11.15-linux-x86_64-gnu/lib/python3.11/threading.py", line 982, in run
    self._target(*self._args, **self._kwargs)
  File "/home/luffy/.hermes/hermes-agent/tui_gateway/server.py", line 8213, in _notification_poller_loop
    evt = process_registry.completion_queue.get(timeout=0.5)
  File "/home/luffy/.local/share/uv/python/cpython-3.11.15-linux-x86_64-gnu/lib/python3.11/queue.py", line 180, in get
    self.not_empty.wait(remaining)
  File "/home/luffy/.local/share/uv/python/cpython-3.11.15-linux-x86_64-gnu/lib/python3.11/threading.py", line 331, in wait
    gotit = waiter.acquire(True, timeout)

--- thread Thread-18 (_cleanup_thread_worker) (id=140294024586944) ---
  File "/home/luffy/.local/share/uv/python/cpython-3.11.15-linux-x86_64-gnu/lib/python3.11/threading.py", line 1002, in _bootstrap
    self._bootstrap_inner()
  File "/home/luffy/.local/share/uv/python/cpython-3.11.15-linux-x86_64-gnu/lib/python3.11/threading.py", line 1045, in _bootstrap_inner
    self.run()
  File "/home/luffy/.local/share/uv/python/cpython-3.11.15-linux-x86_64-gnu/lib/python3.11/threading.py", line 982, in run
    self._target(*self._args, **self._kwargs)
  File "/home/luffy/.hermes/hermes-agent/tools/terminal_tool.py", line 1574, in _cleanup_thread_worker
    time.sleep(1)

--- thread Thread-37 (run) (id=140293554824896) ---
  File "/home/luffy/.local/share/uv/python/cpython-3.11.15-linux-x86_64-gnu/lib/python3.11/threading.py", line 1002, in _bootstrap
    self._bootstrap_inner()
  File "/home/luffy/.local/share/uv/python/cpython-3.11.15-linux-x86_64-gnu/lib/python3.11/threading.py", line 1045, in _bootstrap_inner
    self.run()
  File "/home/luffy/.local/share/uv/python/cpython-3.11.15-linux-x86_64-gnu/lib/python3.11/threading.py", line 982, in run
    self._target(*self._args, **self._kwargs)
  File "/home/luffy/.hermes/hermes-agent/tui_gateway/server.py", line 8474, in run
    result = agent.run_conversation(run_message, **run_kwargs)
  File "/home/luffy/.hermes/hermes-agent/run_agent.py", line 5385, in run_conversation
    return run_conversation(
  File "/home/luffy/.hermes/hermes-agent/agent/conversation_loop.py", line 4331, in run_conversation
    agent._execute_tool_calls(assistant_message, messages, effective_task_id, api_call_count)
  File "/home/luffy/.hermes/hermes-agent/run_agent.py", line 5271, in _execute_tool_calls
    return self._execute_tool_calls_sequential(
  File "/home/luffy/.hermes/hermes-agent/run_agent.py", line 5365, in _execute_tool_calls_sequential
    return execute_tool_calls_sequential(self, assistant_message, messages, effective_task_id, api_call_count)
  File "/home/luffy/.hermes/hermes-agent/agent/tool_executor.py", line 1298, in execute_tool_calls_sequential
    function_result = _ra().handle_function_call(
  File "/home/luffy/.hermes/hermes-agent/model_tools.py", line 1155, in handle_function_call
    result = run_tool_execution_middleware(
  File "/home/luffy/.hermes/hermes-agent/hermes_cli/middleware.py", line 201, in run_tool_execution_middleware
    return next_call(args)
  File "/home/luffy/.hermes/hermes-agent/model_tools.py", line 1147, in _dispatch
    return registry.dispatch(
  File "/home/luffy/.hermes/hermes-agent/tools/registry.py", line 460, in dispatch
    return entry.handler(args, **kwargs)
  File "/home/luffy/.hermes/hermes-agent/tools/terminal_tool.py", line 2931, in _handle_terminal
    return terminal_tool(
  File "/home/luffy/.hermes/hermes-agent/tools/terminal_tool.py", line 2570, in terminal_tool
    result = env.execute(command, **execute_kwargs)
  File "/home/luffy/.hermes/hermes-agent/tools/environments/base.py", line 909, in execute
    result = self._wait_for_process(proc, timeout=effective_timeout)
  File "/home/luffy/.hermes/hermes-agent/tools/environments/base.py", line 753, in _wait_for_process
    time.sleep(_poll_sleep)

--- thread hermes-lsp-loop (id=140293545383616) ---
  File "/home/luffy/.local/share/uv/python/cpython-3.11.15-linux-x86_64-gnu/lib/python3.11/threading.py", line 1002, in _bootstrap
    self._bootstrap_inner()
  File "/home/luffy/.local/share/uv/python/cpython-3.11.15-linux-x86_64-gnu/lib/python3.11/threading.py", line 1045, in _bootstrap_inner
    self.run()
  File "/home/luffy/.local/share/uv/python/cpython-3.11.15-linux-x86_64-gnu/lib/python3.11/threading.py", line 982, in run
    self._target(*self._args, **self._kwargs)
  File "/home/luffy/.hermes/hermes-agent/agent/lsp/manager.py", line 93, in _run_forever
    loop.run_forever()
  File "/home/luffy/.local/share/uv/python/cpython-3.11.15-linux-x86_64-gnu/lib/python3.11/asyncio/base_events.py", line 608, in run_forever
    self._run_once()
  File "/home/luffy/.local/share/uv/python/cpython-3.11.15-linux-x86_64-gnu/lib/python3.11/asyncio/base_events.py", line 1898, in _run_once
    event_list = self._selector.select(timeout)
  File "/home/luffy/.local/share/uv/python/cpython-3.11.15-linux-x86_64-gnu/lib/python3.11/selectors.py", line 468, in select
    fd_event_list = self._selector.poll(timeout, max_ev)

--- thread Thread-133 (_drain) (id=140293536990912) ---
  File "/home/luffy/.local/share/uv/python/cpython-3.11.15-linux-x86_64-gnu/lib/python3.11/threading.py", line 1002, in _bootstrap
    self._bootstrap_inner()
  File "/home/luffy/.local/share/uv/python/cpython-3.11.15-linux-x86_64-gnu/lib/python3.11/threading.py", line 1045, in _bootstrap_inner
    self.run()
  File "/home/luffy/.local/share/uv/python/cpython-3.11.15-linux-x86_64-gnu/lib/python3.11/threading.py", line 982, in run
    self._target(*self._args, **self._kwargs)
  File "/home/luffy/.hermes/hermes-agent/tools/environments/base.py", line 632, in _drain
    ready, _, _ = select.select([fd], [], [], 0.1)

=== SIGHUP received · 2026-06-29 16:18:43 ===
main-thread stack at signal delivery:
  File "<frozen runpy>", line 198, in _run_module_as_main
  File "<frozen runpy>", line 88, in _run_code
  File "/home/luffy/.hermes/hermes-agent/tui_gateway/entry.py", line 350, in <module>
    main()
  File "/home/luffy/.hermes/hermes-agent/tui_gateway/entry.py", line 326, in main
    for raw in sys.stdin:

--- thread MainThread (id=140294158165824) ---
  File "<frozen runpy>", line 198, in _run_module_as_main
  File "<frozen runpy>", line 88, in _run_code
  File "/home/luffy/.hermes/hermes-agent/tui_gateway/entry.py", line 350, in <module>
    main()
  File "/home/luffy/.hermes/hermes-agent/tui_gateway/entry.py", line 326, in main
    for raw in sys.stdin:
  File "/home/luffy/.hermes/hermes-agent/tui_gateway/entry.py", line 113, in _log_signal
    f.write("".join(traceback.format_stack(sys._current_frames().get(tid))))

--- thread Thread-2 (_loop) (id=140294132303552) ---

=== SIGTERM received · 2026-06-29 16:18:43 ===
main-thread stack at signal delivery:
  File "<frozen runpy>", line 198, in _run_module_as_main
  File "<frozen runpy>", line 88, in _run_code
  File "/home/luffy/.hermes/hermes-agent/tui_gateway/entry.py", line 350, in <module>
    main()
  File "/home/luffy/.hermes/hermes-agent/tui_gateway/entry.py", line 326, in main
    for raw in sys.stdin:
  File "/home/luffy/.hermes/hermes-agent/tui_gateway/entry.py", line 101, in _log_signal
    with open(_CRASH_LOG, "a", encoding="utf-8") as f:

--- thread MainThread (id=140294158165824) ---
  File "<frozen runpy>", line 198, in _run_module_as_main
  File "<frozen runpy>", line 88, in _run_code
  File "/home/luffy/.hermes/hermes-agent/tui_gateway/entry.py", line 350, in <module>
    main()
  File "/home/luffy/.hermes/hermes-agent/tui_gateway/entry.py", line 326, in main
    for raw in sys.stdin:
  File "/home/luffy/.hermes/hermes-agent/tui_gateway/entry.py", line 101, in _log_signal
    with open(_CRASH_LOG, "a", encoding="utf-8") as f:
  File "/home/luffy/.hermes/hermes-agent/tui_gateway/entry.py", line 113, in _log_signal
    f.write("".join(traceback.format_stack(sys._current_frames().get(tid))))

--- thread Thread-2 (_loop) (id=140294132303552) ---
  File "/home/luffy/.local/share/uv/python/cpython-3.11.15-linux-x86_64-gnu/lib/python3.11/threading.py", line 1002, in _bootstrap
    self._bootstrap_inner()
  File "/home/luffy/.local/share/uv/python/cpython-3.11.15-linux-x86_64-gnu/lib/python3.11/threading.py", line 1045, in _bootstrap_inner
    self.run()
  File "/home/luffy/.local/share/uv/python/cpython-3.11.15-linux-x86_64-gnu/lib/python3.11/threading.py", line 982, in run
    self._target(*self._args, **self._kwargs)
  File "/home/luffy/.hermes/hermes-agent/tui_gateway/server.py", line 839, in _loop
    time.sleep(_REAPER_SCAN_S)

--- thread tui-rpc_0 (id=140294122862272) ---
  File "/home/luffy/.local/share/uv/python/cpython-3.11.15-linux-x86_64-gnu/lib/python3.11/threading.py", line 1002, in _bootstrap
    self._bootstrap_inner()
  File "/home/luffy/.local/share/uv/python/cpython-3.11.15-linux-x86_64-gnu/lib/python3.11/threading.py", line 1045, in _bootstrap_inner
    self.run()
  File "/home/luffy/.local/share/uv/python/cpython-3.11.15-linux-x86_64-gnu/lib/python3.11/threading.py", line 982, in run
    self._target(*self._args, **self._kwargs)
  File "/home/luffy/.local/share/uv/python/cpython-3.11.15-linux-x86_64-gnu/lib/python3.11/concurrent/futures/thread.py", line 81, in _worker
    work_item = work_queue.get(block=True)

--- thread Thread-14 (_notification_poller_loop) (id=140294016194240) ---
  File "/home/luffy/.local/share/uv/python/cpython-3.11.15-linux-x86_64-gnu/lib/python3.11/threading.py", line 1002, in _bootstrap
    self._bootstrap_inner()
  File "/home/luffy/.local/share/uv/python/cpython-3.11.15-linux-x86_64-gnu/lib/python3.11/threading.py", line 1045, in _bootstrap_inner
    self.run()
  File "/home/luffy/.local/share/uv/python/cpython-3.11.15-linux-x86_64-gnu/lib/python3.11/threading.py", line 982, in run
    self._target(*self._args, **self._kwargs)
  File "/home/luffy/.hermes/hermes-agent/tui_gateway/server.py", line 8213, in _notification_poller_loop
    evt = process_registry.completion_queue.get(timeout=0.5)
  File "/home/luffy/.local/share/uv/python/cpython-3.11.15-linux-x86_64-gnu/lib/python3.11/queue.py", line 180, in get
    self.not_empty.wait(remaining)
  File "/home/luffy/.local/share/uv/python/cpython-3.11.15-linux-x86_64-gnu/lib/python3.11/threading.py", line 331, in wait
    gotit = waiter.acquire(True, timeout)

--- thread Thread-18 (_cleanup_thread_worker) (id=140294024586944) ---
  File "/home/luffy/.local/share/uv/python/cpython-3.11.15-linux-x86_64-gnu/lib/python3.11/threading.py", line 1002, in _bootstrap
    self._bootstrap_inner()
  File "/home/luffy/.local/share/uv/python/cpython-3.11.15-linux-x86_64-gnu/lib/python3.11/threading.py", line 1045, in _bootstrap_inner
    self.run()
  File "/home/luffy/.local/share/uv/python/cpython-3.11.15-linux-x86_64-gnu/lib/python3.11/threading.py", line 982, in run
    self._target(*self._args, **self._kwargs)
  File "/home/luffy/.hermes/hermes-agent/tools/terminal_tool.py", line 1574, in _cleanup_thread_worker
    time.sleep(1)

--- thread Thread-37 (run) (id=140293554824896) ---
  File "/home/luffy/.local/share/uv/python/cpython-3.11.15-linux-x86_64-gnu/lib/python3.11/threading.py", line 1002, in _bootstrap
    self._bootstrap_inner()
  File "/home/luffy/.local/share/uv/python/cpython-3.11.15-linux-x86_64-gnu/lib/python3.11/threading.py", line 1045, in _bootstrap_inner
    self.run()
  File "/home/luffy/.local/share/uv/python/cpython-3.11.15-linux-x86_64-gnu/lib/python3.11/threading.py", line 982, in run
    self._target(*self._args, **self._kwargs)
  File "/home/luffy/.hermes/hermes-agent/tui_gateway/server.py", line 8474, in run
    result = agent.run_conversation(run_message, **run_kwargs)
  File "/home/luffy/.hermes/hermes-agent/run_agent.py", line 5385, in run_conversation
    return run_conversation(
  File "/home/luffy/.hermes/hermes-agent/agent/conversation_loop.py", line 4331, in run_conversation
    agent._execute_tool_calls(assistant_message, messages, effective_task_id, api_call_count)
  File "/home/luffy/.hermes/hermes-agent/run_agent.py", line 5271, in _execute_tool_calls
    return self._execute_tool_calls_sequential(
  File "/home/luffy/.hermes/hermes-agent/run_agent.py", line 5365, in _execute_tool_calls_sequential
    return execute_tool_calls_sequential(self, assistant_message, messages, effective_task_id, api_call_count)
  File "/home/luffy/.hermes/hermes-agent/agent/tool_executor.py", line 1298, in execute_tool_calls_sequential
    function_result = _ra().handle_function_call(
  File "/home/luffy/.hermes/hermes-agent/model_tools.py", line 1155, in handle_function_call
    result = run_tool_execution_middleware(
  File "/home/luffy/.hermes/hermes-agent/hermes_cli/middleware.py", line 201, in run_tool_execution_middleware
    return next_call(args)
  File "/home/luffy/.hermes/hermes-agent/model_tools.py", line 1147, in _dispatch
    return registry.dispatch(
  File "/home/luffy/.hermes/hermes-agent/tools/registry.py", line 460, in dispatch
    return entry.handler(args, **kwargs)
  File "/home/luffy/.hermes/hermes-agent/tools/terminal_tool.py", line 2931, in _handle_terminal
    return terminal_tool(
  File "/home/luffy/.hermes/hermes-agent/tools/terminal_tool.py", line 2570, in terminal_tool
    result = env.execute(command, **execute_kwargs)
  File "/home/luffy/.hermes/hermes-agent/tools/environments/base.py", line 909, in execute
    result = self._wait_for_process(proc, timeout=effective_timeout)
  File "/home/luffy/.hermes/hermes-agent/tools/environments/base.py", line 753, in _wait_for_process
    time.sleep(_poll_sleep)

--- thread hermes-lsp-loop (id=140293545383616) ---
  File "/home/luffy/.local/share/uv/python/cpython-3.11.15-linux-x86_64-gnu/lib/python3.11/threading.py", line 1002, in _bootstrap
    self._bootstrap_inner()
  File "/home/luffy/.local/share/uv/python/cpython-3.11.15-linux-x86_64-gnu/lib/python3.11/threading.py", line 1045, in _bootstrap_inner
    self.run()
  File "/home/luffy/.local/share/uv/python/cpython-3.11.15-linux-x86_64-gnu/lib/python3.11/threading.py", line 982, in run
    self._target(*self._args, **self._kwargs)
  File "/home/luffy/.hermes/hermes-agent/agent/lsp/manager.py", line 93, in _run_forever
    loop.run_forever()
  File "/home/luffy/.local/share/uv/python/cpython-3.11.15-linux-x86_64-gnu/lib/python3.11/asyncio/base_events.py", line 608, in run_forever
    self._run_once()
  File "/home/luffy/.local/share/uv/python/cpython-3.11.15-linux-x86_64-gnu/lib/python3.11/asyncio/base_events.py", line 1898, in _run_once
    event_list = self._selector.select(timeout)
  File "/home/luffy/.local/share/uv/python/cpython-3.11.15-linux-x86_64-gnu/lib/python3.11/selectors.py", line 468, in select
    fd_event_list = self._selector.poll(timeout, max_ev)

--- thread Thread-133 (_drain) (id=140293536990912) ---
  File "/home/luffy/.local/share/uv/python/cpython-3.11.15-linux-x86_64-gnu/lib/python3.11/threading.py", line 1002, in _bootstrap
    self._bootstrap_inner()
  File "/home/luffy/.local/share/uv/python/cpython-3.11.15-linux-x86_64-gnu/lib/python3.11/threading.py", line 1045, in _bootstrap_inner
    self.run()
  File "/home/luffy/.local/share/uv/python/cpython-3.11.15-linux-x86_64-gnu/lib/python3.11/threading.py", line 982, in run
    self._target(*self._args, **self._kwargs)
  File "/home/luffy/.hermes/hermes-agent/tools/environments/base.py", line 632, in _drain
    ready, _, _ = select.select([fd], [], [], 0.1)

--- thread Thread-134 (id=140293563217600) ---
  File "/home/luffy/.local/share/uv/python/cpython-3.11.15-linux-x86_64-gnu/lib/python3.11/threading.py", line 1002, in _bootstrap
    self._bootstrap_inner()
  File "/home/luffy/.local/share/uv/python/cpython-3.11.15-linux-x86_64-gnu/lib/python3.11/threading.py", line 1045, in _bootstrap_inner
    self.run()
  File "/home/luffy/.local/share/uv/python/cpython-3.11.15-linux-x86_64-gnu/lib/python3.11/threading.py", line 1399, in run
    self.finished.wait(self.interval)
  File "/home/luffy/.local/share/uv/python/cpython-3.11.15-linux-x86_64-gnu/lib/python3.11/threading.py", line 629, in wait
    signaled = self._cond.wait(timeout)
  File "/home/luffy/.local/share/uv/python/cpython-3.11.15-linux-x86_64-gnu/lib/python3.11/threading.py", line 331, in wait
    gotit = waiter.acquire(True, timeout)
[tui-parent] 2026-06-29T10:48:43.830Z [lifecycle] spawned gateway child pid=215109 killed=false exitCode=null signal=null python=/home/luffy/.hermes/hermes-agent/venv/bin/python3 cwd=/home/luffy

=== gateway exit · 2026-06-29 16:18:47 · reason=stdin EOF (TUI closed the command pipe) ===

=== unhandled exception · 2026-06-29 16:18:47 ===
Traceback (most recent call last):
  File "<frozen runpy>", line 198, in _run_module_as_main
  File "<frozen runpy>", line 88, in _run_code
  File "/home/luffy/.hermes/hermes-agent/tui_gateway/entry.py", line 350, in <module>
    main()
  File "/home/luffy/.hermes/hermes-agent/tui_gateway/entry.py", line 346, in main
    _log_exit("stdin EOF (TUI closed the command pipe)")
  File "/home/luffy/.hermes/hermes-agent/tui_gateway/entry.py", line 204, in _log_exit
    print(f"[gateway-exit] {reason}", file=sys.stderr, flush=True)
BrokenPipeError: [Errno 32] Broken pipe
[tui-parent] 2026-06-29T10:48:55.457Z [lifecycle] spawned gateway child pid=215958 killed=false exitCode=null signal=null python=/home/luffy/.hermes/hermes-agent/venv/bin/python3 cwd=/home/luffy

=== SIGHUP received · 2026-06-29 16:20:54 ===
main-thread stack at signal delivery:
  File "<frozen runpy>", line 198, in _run_module_as_main
  File "<frozen runpy>", line 88, in _run_code
  File "/home/luffy/.hermes/hermes-agent/tui_gateway/entry.py", line 350, in <module>
    main()
  File "/home/luffy/.hermes/hermes-agent/tui_gateway/entry.py", line 326, in main
    for raw in sys.stdin:

--- thread MainThread (id=140257314539328) ---
  File "<frozen runpy>", line 198, in _run_module_as_main
  File "<frozen runpy>", line 88, in _run_code
  File "/home/luffy/.hermes/hermes-agent/tui_gateway/entry.py", line 350, in <module>
    main()
  File "/home/luffy/.hermes/hermes-agent/tui_gateway/entry.py", line 326, in main
    for raw in sys.stdin:
  File "/home/luffy/.hermes/hermes-agent/tui_gateway/entry.py", line 113, in _log_signal
    f.write("".join(traceback.format_stack(sys._current_frames().get(tid))))

--- thread Thread-2 (_loop) (id=140257288672960) ---
  File "/home/luffy/.local/share/uv/python/cpython-3.11.15-linux-x86_64-gnu/lib/python3.11/threading.py", line 1002, in _bootstrap
    self._bootstrap_inner()
  File "/home/luffy/.local/share/uv/python/cpython-3.11.15-linux-x86_64-gnu/lib/python3.11/threading.py", line 1045, in _bootstrap_inner
    self.run()
  File "/home/luffy/.local/share/uv/python/cpython-3.11.15-linux-x86_64-gnu/lib/python3.11/threading.py", line 982, in run
    self._target(*self._args, **self._kwargs)
  File "/home/luffy/.hermes/hermes-agent/tui_gateway/server.py", line 839, in _loop
    time.sleep(_REAPER_SCAN_S)
[tui-parent] 2026-06-29T10:50:54.656Z uncaughtException: Error: write EIO
[tui-parent] 2026-06-29T10:50:54.660Z graceful-exit received signal=SIGHUP → killing gateway
[tui-parent] 2026-06-29T10:50:54.661Z uncaughtException: Error: write EIO
[tui-parent] 2026-06-29T10:50:54.661Z [lifecycle] GatewayClient.kill reason=graceful-exit-cleanup pid=215958 killed=true exitCode=null signal=null killResult=true
[tui-parent] 2026-06-29T10:50:54.667Z unhandledRejection: Error: EIO: i/o error, write

=== SIGTERM received · 2026-06-29 16:20:54 ===
main-thread stack at signal delivery:
  File "/home/luffy/.hermes/hermes-agent/tools/terminal_tool.py", line 1722, in _atexit_cleanup
    _stop_cleanup_thread()
  File "/home/luffy/.hermes/hermes-agent/tools/terminal_tool.py", line 1594, in _stop_cleanup_thread
    _cleanup_thread.join(timeout=5)
  File "/home/luffy/.local/share/uv/python/cpython-3.11.15-linux-x86_64-gnu/lib/python3.11/threading.py", line 1123, in join
    self._wait_for_tstate_lock(timeout=max(timeout, 0))
  File "/home/luffy/.local/share/uv/python/cpython-3.11.15-linux-x86_64-gnu/lib/python3.11/threading.py", line 1139, in _wait_for_tstate_lock
    if lock.acquire(block, timeout):

--- thread MainThread (id=140257314539328) ---
  File "/home/luffy/.hermes/hermes-agent/tools/terminal_tool.py", line 1722, in _atexit_cleanup
    _stop_cleanup_thread()
  File "/home/luffy/.hermes/hermes-agent/tools/terminal_tool.py", line 1594, in _stop_cleanup_thread
    _cleanup_thread.join(timeout=5)
  File "/home/luffy/.local/share/uv/python/cpython-3.11.15-linux-x86_64-gnu/lib/python3.11/threading.py", line 1123, in join
    self._wait_for_tstate_lock(timeout=max(timeout, 0))
  File "/home/luffy/.local/share/uv/python/cpython-3.11.15-linux-x86_64-gnu/lib/python3.11/threading.py", line 1139, in _wait_for_tstate_lock
    if lock.acquire(block, timeout):
  File "/home/luffy/.hermes/hermes-agent/tui_gateway/entry.py", line 113, in _log_signal
    f.write("".join(traceback.format_stack(sys._current_frames().get(tid))))

--- thread Thread-2 (_loop) (id=140257288672960) ---
  File "/home/luffy/.local/share/uv/python/cpython-3.11.15-linux-x86_64-gnu/lib/python3.11/threading.py", line 1002, in _bootstrap
    self._bootstrap_inner()
  File "/home/luffy/.local/share/uv/python/cpython-3.11.15-linux-x86_64-gnu/lib/python3.11/threading.py", line 1045, in _bootstrap_inner
    self.run()
  File "/home/luffy/.local/share/uv/python/cpython-3.11.15-linux-x86_64-gnu/lib/python3.11/threading.py", line 982, in run
    self._target(*self._args, **self._kwargs)
  File "/home/luffy/.hermes/hermes-agent/tui_gateway/server.py", line 839, in _loop
    time.sleep(_REAPER_SCAN_S)

--- thread Thread-14 (_notification_poller_loop) (id=140257181820608) ---
  File "/home/luffy/.local/share/uv/python/cpython-3.11.15-linux-x86_64-gnu/lib/python3.11/threading.py", line 1002, in _bootstrap
    self._bootstrap_inner()
  File "/home/luffy/.local/share/uv/python/cpython-3.11.15-linux-x86_64-gnu/lib/python3.11/threading.py", line 1045, in _bootstrap_inner
    self.run()
  File "/home/luffy/.local/share/uv/python/cpython-3.11.15-linux-x86_64-gnu/lib/python3.11/threading.py", line 982, in run
    self._target(*self._args, **self._kwargs)
  File "/home/luffy/.hermes/hermes-agent/tui_gateway/server.py", line 8213, in _notification_poller_loop
    evt = process_registry.completion_queue.get(timeout=0.5)
  File "/home/luffy/.local/share/uv/python/cpython-3.11.15-linux-x86_64-gnu/lib/python3.11/queue.py", line 180, in get
    self.not_empty.wait(remaining)
  File "/home/luffy/.local/share/uv/python/cpython-3.11.15-linux-x86_64-gnu/lib/python3.11/threading.py", line 331, in wait
    gotit = waiter.acquire(True, timeout)

--- thread Thread-18 (_cleanup_thread_worker) (id=140256712058560) ---
  File "/home/luffy/.local/share/uv/python/cpython-3.11.15-linux-x86_64-gnu/lib/python3.11/threading.py", line 1002, in _bootstrap
    self._bootstrap_inner()
  File "/home/luffy/.local/share/uv/python/cpython-3.11.15-linux-x86_64-gnu/lib/python3.11/threading.py", line 1045, in _bootstrap_inner
    self.run()
  File "/home/luffy/.local/share/uv/python/cpython-3.11.15-linux-x86_64-gnu/lib/python3.11/threading.py", line 982, in run
    self._target(*self._args, **self._kwargs)
  File "/home/luffy/.hermes/hermes-agent/tools/terminal_tool.py", line 1574, in _cleanup_thread_worker
    time.sleep(1)

--- thread Thread-30 (run) (id=140257190213312) ---
  File "/home/luffy/.local/share/uv/python/cpython-3.11.15-linux-x86_64-gnu/lib/python3.11/threading.py", line 1002, in _bootstrap
    self._bootstrap_inner()
  File "/home/luffy/.local/share/uv/python/cpython-3.11.15-linux-x86_64-gnu/lib/python3.11/threading.py", line 1045, in _bootstrap_inner
    self.run()
  File "/home/luffy/.local/share/uv/python/cpython-3.11.15-linux-x86_64-gnu/lib/python3.11/threading.py", line 982, in run
    self._target(*self._args, **self._kwargs)
  File "/home/luffy/.hermes/hermes-agent/tui_gateway/server.py", line 8474, in run
    result = agent.run_conversation(run_message, **run_kwargs)
  File "/home/luffy/.hermes/hermes-agent/run_agent.py", line 5385, in run_conversation
    return run_conversation(
  File "/home/luffy/.hermes/hermes-agent/agent/conversation_loop.py", line 4331, in run_conversation
    agent._execute_tool_calls(assistant_message, messages, effective_task_id, api_call_count)
  File "/home/luffy/.hermes/hermes-agent/run_agent.py", line 5271, in _execute_tool_calls
    return self._execute_tool_calls_sequential(
  File "/home/luffy/.hermes/hermes-agent/run_agent.py", line 5365, in _execute_tool_calls_sequential
    return execute_tool_calls_sequential(self, assistant_message, messages, effective_task_id, api_call_count)
  File "/home/luffy/.hermes/hermes-agent/agent/tool_executor.py", line 1298, in execute_tool_calls_sequential
    function_result = _ra().handle_function_call(
  File "/home/luffy/.hermes/hermes-agent/model_tools.py", line 1155, in handle_function_call
    result = run_tool_execution_middleware(
  File "/home/luffy/.hermes/hermes-agent/hermes_cli/middleware.py", line 201, in run_tool_execution_middleware
    return next_call(args)
  File "/home/luffy/.hermes/hermes-agent/model_tools.py", line 1147, in _dispatch
    return registry.dispatch(
  File "/home/luffy/.hermes/hermes-agent/tools/registry.py", line 460, in dispatch
    return entry.handler(args, **kwargs)
  File "/home/luffy/.hermes/hermes-agent/tools/terminal_tool.py", line 2931, in _handle_terminal
    return terminal_tool(
  File "/home/luffy/.hermes/hermes-agent/tools/terminal_tool.py", line 2570, in terminal_tool
    result = env.execute(command, **execute_kwargs)
  File "/home/luffy/.hermes/hermes-agent/tools/environments/base.py", line 909, in execute
    result = self._wait_for_process(proc, timeout=effective_timeout)
  File "/home/luffy/.hermes/hermes-agent/tools/environments/base.py", line 753, in _wait_for_process
    time.sleep(_poll_sleep)

--- thread Thread-52 (_drain) (id=140256695273152) ---
  File "/home/luffy/.local/share/uv/python/cpython-3.11.15-linux-x86_64-gnu/lib/python3.11/threading.py", line 1002, in _bootstrap
    self._bootstrap_inner()
  File "/home/luffy/.local/share/uv/python/cpython-3.11.15-linux-x86_64-gnu/lib/python3.11/threading.py", line 1045, in _bootstrap_inner
    self.run()
  File "/home/luffy/.local/share/uv/python/cpython-3.11.15-linux-x86_64-gnu/lib/python3.11/threading.py", line 982, in run
    self._target(*self._args, **self._kwargs)
  File "/home/luffy/.hermes/hermes-agent/tools/environments/base.py", line 632, in _drain
    ready, _, _ = select.select([fd], [], [], 0.1)

--- thread Thread-53 (id=140256809555648) ---
  File "/home/luffy/.local/share/uv/python/cpython-3.11.15-linux-x86_64-gnu/lib/python3.11/threading.py", line 1002, in _bootstrap
    self._bootstrap_inner()
  File "/home/luffy/.local/share/uv/python/cpython-3.11.15-linux-x86_64-gnu/lib/python3.11/threading.py", line 1045, in _bootstrap_inner
    self.run()
  File "/home/luffy/.local/share/uv/python/cpython-3.11.15-linux-x86_64-gnu/lib/python3.11/threading.py", line 1399, in run
    self.finished.wait(self.interval)
  File "/home/luffy/.local/share/uv/python/cpython-3.11.15-linux-x86_64-gnu/lib/python3.11/threading.py", line 629, in wait
    signaled = self._cond.wait(timeout)
  File "/home/luffy/.local/share/uv/python/cpython-3.11.15-linux-x86_64-gnu/lib/python3.11/threading.py", line 331, in wait
    gotit = waiter.acquire(True, timeout)
[tui-parent] 2026-06-29T10:50:54.711Z [lifecycle] spawned gateway child pid=220173 killed=false exitCode=null signal=null python=/home/luffy/.hermes/hermes-agent/venv/bin/python3 cwd=/home/luffy

=== gateway exit · 2026-06-29 16:20:58 · reason=stdin EOF (TUI closed the command pipe) ===

=== unhandled exception · 2026-06-29 16:20:58 ===
Traceback (most recent call last):
  File "<frozen runpy>", line 198, in _run_module_as_main
  File "<frozen runpy>", line 88, in _run_code
  File "/home/luffy/.hermes/hermes-agent/tui_gateway/entry.py", line 350, in <module>
    main()
  File "/home/luffy/.hermes/hermes-agent/tui_gateway/entry.py", line 346, in main
    _log_exit("stdin EOF (TUI closed the command pipe)")
  File "/home/luffy/.hermes/hermes-agent/tui_gateway/entry.py", line 204, in _log_exit
    print(f"[gateway-exit] {reason}", file=sys.stderr, flush=True)
BrokenPipeError: [Errno 32] Broken pipe
[tui-parent] 2026-06-29T10:51:19.996Z [lifecycle] spawned gateway child pid=221384 killed=false exitCode=null signal=null python=/home/luffy/.hermes/hermes-agent/venv/bin/python3 cwd=/home/luffy
[tui-parent] 2026-06-29T12:48:52.217Z graceful-exit received signal=SIGHUP → killing gateway
[tui-parent] 2026-06-29T12:48:52.226Z uncaughtException: Error: write EIO

=== SIGHUP received · 2026-06-29 18:18:52 ===
main-thread stack at signal delivery:
  File "<frozen runpy>", line 198, in _run_module_as_main
  File "<frozen runpy>", line 88, in _run_code
  File "/home/luffy/.hermes/hermes-agent/tui_gateway/entry.py", line 350, in <module>
    main()
  File "/home/luffy/.hermes/hermes-agent/tui_gateway/entry.py", line 326, in main
    for raw in sys.stdin:

--- thread MainThread (id=140189523945280) ---
  File "<frozen runpy>", line 198, in _run_module_as_main
  File "<frozen runpy>", line 88, in _run_code
  File "/home/luffy/.hermes/hermes-agent/tui_gateway/entry.py", line 350, in <module>
    main()
  File "/home/luffy/.hermes/hermes-agent/tui_gateway/entry.py", line 326, in main
    for raw in sys.stdin:
  File "/home/luffy/.hermes/hermes-agent/tui_gateway/entry.py", line 113, in _log_signal
    f.write("".join(traceback.format_stack(sys._current_frames().get(tid))))

--- thread Thread-2 (_loop) (id=140189489657536) ---
  File "/home/luffy/.local/share/uv/python/cpython-3.11.15-linux-x86_64-gnu/lib/python3.11/threading.py", line 1002, in _bootstrap
    self._bootstrap_inner()
  File "/home/luffy/.local/share/uv/python/cpython-3.11.15-linux-x86_64-gnu/lib/python3.11/threading.py", line 1045, in _bootstrap_inner
    self.run()
  File "/home/luffy/.local/share/uv/python/cpython-3.11.15-linux-x86_64-gnu/lib/python3.11/threading.py", line 982, in run
    self._target(*self._args, **self._kwargs)
  File "/home/luffy/.hermes/hermes-agent/tui_gateway/server.py", line 839, in _loop
    time.sleep(_REAPER_SCAN_S)
[tui-parent] 2026-06-29T12:48:52.239Z [lifecycle] GatewayClient.kill reason=graceful-exit-cleanup pid=221384 killed=true exitCode=null signal=null killResult=true
[tui-parent] 2026-06-29T12:48:52.247Z unhandledRejection: Error: EIO: i/o error, write

=== SIGTERM received · 2026-06-29 18:18:52 ===
main-thread stack at signal delivery:
  File "<frozen runpy>", line 198, in _run_module_as_main
  File "<frozen runpy>", line 88, in _run_code
  File "/home/luffy/.hermes/hermes-agent/tui_gateway/entry.py", line 350, in <module>
    main()
  File "/home/luffy/.hermes/hermes-agent/tui_gateway/entry.py", line 326, in main
    for raw in sys.stdin:
  File "/home/luffy/.hermes/hermes-agent/tui_gateway/entry.py", line 141, in _log_signal
    _shutdown_sessions()
  File "/home/luffy/.hermes/hermes-agent/tui_gateway/server.py", line 719, in _shutdown_sessions
    _close_session_by_id(sid, end_reason="tui_shutdown")
  File "/home/luffy/.hermes/hermes-agent/tui_gateway/server.py", line 629, in _close_session_by_id
    _teardown_session(session, end_reason=end_reason)
  File "/home/luffy/.hermes/hermes-agent/tui_gateway/server.py", line 588, in _teardown_session
    _finalize_session(session, end_reason=end_reason)
  File "/home/luffy/.hermes/hermes-agent/tui_gateway/server.py", line 556, in _finalize_session
    db.end_session(session_id, end_reason)
  File "/home/luffy/.hermes/hermes-agent/hermes_state.py", line 1517, in end_session
    self._execute_write(_do)
  File "/home/luffy/.hermes/hermes-agent/hermes_state.py", line 1068, in _execute_write
    self._conn.commit()

--- thread MainThread (id=140189523945280) ---
  File "<frozen runpy>", line 198, in _run_module_as_main
  File "<frozen runpy>", line 88, in _run_code
  File "/home/luffy/.hermes/hermes-agent/tui_gateway/entry.py", line 350, in <module>
    main()
  File "/home/luffy/.hermes/hermes-agent/tui_gateway/entry.py", line 326, in main
    for raw in sys.stdin:
  File "/home/luffy/.hermes/hermes-agent/tui_gateway/entry.py", line 141, in _log_signal
    _shutdown_sessions()
  File "/home/luffy/.hermes/hermes-agent/tui_gateway/server.py", line 719, in _shutdown_sessions
    _close_session_by_id(sid, end_reason="tui_shutdown")
  File "/home/luffy/.hermes/hermes-agent/tui_gateway/server.py", line 629, in _close_session_by_id
    _teardown_session(session, end_reason=end_reason)
  File "/home/luffy/.hermes/hermes-agent/tui_gateway/server.py", line 588, in _teardown_session
    _finalize_session(session, end_reason=end_reason)
  File "/home/luffy/.hermes/hermes-agent/tui_gateway/server.py", line 556, in _finalize_session
    db.end_session(session_id, end_reason)
  File "/home/luffy/.hermes/hermes-agent/hermes_state.py", line 1517, in end_session
    self._execute_write(_do)
  File "/home/luffy/.hermes/hermes-agent/hermes_state.py", line 1068, in _execute_write
    self._conn.commit()
  File "/home/luffy/.hermes/hermes-agent/tui_gateway/entry.py", line 113, in _log_signal
    f.write("".join(traceback.format_stack(sys._current_frames().get(tid))))

--- thread Thread-2 (_loop) (id=140189489657536) ---
  File "/home/luffy/.local/share/uv/python/cpython-3.11.15-linux-x86_64-gnu/lib/python3.11/threading.py", line 1002, in _bootstrap
    self._bootstrap_inner()
  File "/home/luffy/.local/share/uv/python/cpython-3.11.15-linux-x86_64-gnu/lib/python3.11/threading.py", line 1045, in _bootstrap_inner
    self.run()
  File "/home/luffy/.local/share/uv/python/cpython-3.11.15-linux-x86_64-gnu/lib/python3.11/threading.py", line 982, in run
    self._target(*self._args, **self._kwargs)
  File "/home/luffy/.hermes/hermes-agent/tui_gateway/server.py", line 839, in _loop
    time.sleep(_REAPER_SCAN_S)

--- thread tui-rpc_0 (id=140189498050240) ---
  File "/home/luffy/.local/share/uv/python/cpython-3.11.15-linux-x86_64-gnu/lib/python3.11/threading.py", line 1002, in _bootstrap
    self._bootstrap_inner()
  File "/home/luffy/.local/share/uv/python/cpython-3.11.15-linux-x86_64-gnu/lib/python3.11/threading.py", line 1045, in _bootstrap_inner
    self.run()
  File "/home/luffy/.local/share/uv/python/cpython-3.11.15-linux-x86_64-gnu/lib/python3.11/threading.py", line 982, in run
    self._target(*self._args, **self._kwargs)
  File "/home/luffy/.local/share/uv/python/cpython-3.11.15-linux-x86_64-gnu/lib/python3.11/concurrent/futures/thread.py", line 81, in _worker
    work_item = work_queue.get(block=True)

--- thread Thread-18 (_cleanup_thread_worker) (id=140188995335872) ---
  File "/home/luffy/.local/share/uv/python/cpython-3.11.15-linux-x86_64-gnu/lib/python3.11/threading.py", line 1002, in _bootstrap
    self._bootstrap_inner()
  File "/home/luffy/.local/share/uv/python/cpython-3.11.15-linux-x86_64-gnu/lib/python3.11/threading.py", line 1045, in _bootstrap_inner
    self.run()
  File "/home/luffy/.local/share/uv/python/cpython-3.11.15-linux-x86_64-gnu/lib/python3.11/threading.py", line 982, in run
    self._target(*self._args, **self._kwargs)
  File "/home/luffy/.hermes/hermes-agent/tools/terminal_tool.py", line 1574, in _cleanup_thread_worker
    time.sleep(1)

--- thread async-delegate_0 (id=140188969109184) ---
  File "/home/luffy/.local/share/uv/python/cpython-3.11.15-linux-x86_64-gnu/lib/python3.11/threading.py", line 1002, in _bootstrap
    self._bootstrap_inner()
  File "/home/luffy/.local/share/uv/python/cpython-3.11.15-linux-x86_64-gnu/lib/python3.11/threading.py", line 1045, in _bootstrap_inner
    self.run()
  File "/home/luffy/.local/share/uv/python/cpython-3.11.15-linux-x86_64-gnu/lib/python3.11/threading.py", line 982, in run
    self._target(*self._args, **self._kwargs)
  File "/home/luffy/.local/share/uv/python/cpython-3.11.15-linux-x86_64-gnu/lib/python3.11/concurrent/futures/thread.py", line 81, in _worker
    work_item = work_queue.get(block=True)

--- thread hermes-lsp-loop (id=140188101621440) ---
  File "/home/luffy/.local/share/uv/python/cpython-3.11.15-linux-x86_64-gnu/lib/python3.11/threading.py", line 1002, in _bootstrap
    self._bootstrap_inner()
  File "/home/luffy/.local/share/uv/python/cpython-3.11.15-linux-x86_64-gnu/lib/python3.11/threading.py", line 1045, in _bootstrap_inner
    self.run()
  File "/home/luffy/.local/share/uv/python/cpython-3.11.15-linux-x86_64-gnu/lib/python3.11/threading.py", line 982, in run
    self._target(*self._args, **self._kwargs)
  File "/home/luffy/.hermes/hermes-agent/agent/lsp/manager.py", line 93, in _run_forever
    loop.run_forever()
  File "/home/luffy/.local/share/uv/python/cpython-3.11.15-linux-x86_64-gnu/lib/python3.11/asyncio/base_events.py", line 608, in run_forever
    self._run_once()
  File "/home/luffy/.local/share/uv/python/cpython-3.11.15-linux-x86_64-gnu/lib/python3.11/asyncio/base_events.py", line 1898, in _run_once
    event_list = self._selector.select(timeout)
  File "/home/luffy/.local/share/uv/python/cpython-3.11.15-linux-x86_64-gnu/lib/python3.11/selectors.py", line 468, in select
    fd_event_list = self._selector.poll(timeout, max_ev)

--- thread tui-rpc_1 (id=140188495881920) ---
  File "/home/luffy/.local/share/uv/python/cpython-3.11.15-linux-x86_64-gnu/lib/python3.11/threading.py", line 1002, in _bootstrap
    self._bootstrap_inner()
  File "/home/luffy/.local/share/uv/python/cpython-3.11.15-linux-x86_64-gnu/lib/python3.11/threading.py", line 1045, in _bootstrap_inner
    self.run()
  File "/home/luffy/.local/share/uv/python/cpython-3.11.15-linux-x86_64-gnu/lib/python3.11/threading.py", line 982, in run
    self._target(*self._args, **self._kwargs)
  File "/home/luffy/.local/share/uv/python/cpython-3.11.15-linux-x86_64-gnu/lib/python3.11/concurrent/futures/thread.py", line 81, in _worker
    work_item = work_queue.get(block=True)

--- thread Thread-565 (_notification_poller_loop) (id=140189003728576) ---
  File "/home/luffy/.local/share/uv/python/cpython-3.11.15-linux-x86_64-gnu/lib/python3.11/threading.py", line 1002, in _bootstrap
    self._bootstrap_inner()
  File "/home/luffy/.local/share/uv/python/cpython-3.11.15-linux-x86_64-gnu/lib/python3.11/threading.py", line 1045, in _bootstrap_inner
    self.run()
  File "/home/luffy/.local/share/uv/python/cpython-3.11.15-linux-x86_64-gnu/lib/python3.11/threading.py", line 982, in run
    self._target(*self._args, **self._kwargs)
  File "/home/luffy/.hermes/hermes-agent/tui_gateway/server.py", line 8213, in _notification_poller_loop
    evt = process_registry.completion_queue.get(timeout=0.5)
  File "/home/luffy/.local/share/uv/python/cpython-3.11.15-linux-x86_64-gnu/lib/python3.11/queue.py", line 180, in get
    self.not_empty.wait(remaining)
  File "/home/luffy/.local/share/uv/python/cpython-3.11.15-linux-x86_64-gnu/lib/python3.11/threading.py", line 331, in wait
    gotit = waiter.acquire(True, timeout)

--- thread Thread-607 (id=140189017364160) ---
  File "/home/luffy/.local/share/uv/python/cpython-3.11.15-linux-x86_64-gnu/lib/python3.11/threading.py", line 1002, in _bootstrap
    self._bootstrap_inner()
  File "/home/luffy/.local/share/uv/python/cpython-3.11.15-linux-x86_64-gnu/lib/python3.11/threading.py", line 1045, in _bootstrap_inner
    self.run()
  File "/home/luffy/.local/share/uv/python/cpython-3.11.15-linux-x86_64-gnu/lib/python3.11/threading.py", line 1399, in run
    self.finished.wait(self.interval)
  File "/home/luffy/.local/share/uv/python/cpython-3.11.15-linux-x86_64-gnu/lib/python3.11/threading.py", line 629, in wait
    signaled = self._cond.wait(timeout)
  File "/home/luffy/.local/share/uv/python/cpython-3.11.15-linux-x86_64-gnu/lib/python3.11/threading.py", line 331, in wait
    gotit = waiter.acquire(True, timeout)

=== SIGHUP received · 2026-06-29 18:18:52 ===
main-thread stack at signal delivery:
  File "/home/luffy/.local/share/uv/python/cpython-3.11.15-linux-x86_64-gnu/lib/python3.11/threading.py", line 1570, in _shutdown
    _main_thread._stop()
  File "/home/luffy/.local/share/uv/python/cpython-3.11.15-linux-x86_64-gnu/lib/python3.11/threading.py", line 1076, in _stop
    _maintain_shutdown_locks()
  File "/home/luffy/.local/share/uv/python/cpython-3.11.15-linux-x86_64-gnu/lib/python3.11/threading.py", line 840, in _maintain_shutdown_locks
    _shutdown_locks.difference_update(to_remove)

--- thread MainThread (id=140189523945280) ---
  File "/home/luffy/.local/share/uv/python/cpython-3.11.15-linux-x86_64-gnu/lib/python3.11/threading.py", line 1570, in _shutdown
    _main_thread._stop()
  File "/home/luffy/.local/share/uv/python/cpython-3.11.15-linux-x86_64-gnu/lib/python3.11/threading.py", line 1076, in _stop
    _maintain_shutdown_locks()
  File "/home/luffy/.local/share/uv/python/cpython-3.11.15-linux-x86_64-gnu/lib/python3.11/threading.py", line 840, in _maintain_shutdown_locks
    _shutdown_locks.difference_update(to_remove)
  File "/home/luffy/.hermes/hermes-agent/tui_gateway/entry.py", line 113, in _log_signal
    f.write("".join(traceback.format_stack(sys._current_frames().get(tid))))

--- thread Thread-2 (_loop) (id=140189489657536) ---
  File "/home/luffy/.local/share/uv/python/cpython-3.11.15-linux-x86_64-gnu/lib/python3.11/threading.py", line 1002, in _bootstrap
    self._bootstrap_inner()
  File "/home/luffy/.local/share/uv/python/cpython-3.11.15-linux-x86_64-gnu/lib/python3.11/threading.py", line 1045, in _bootstrap_inner
    self.run()
  File "/home/luffy/.local/share/uv/python/cpython-3.11.15-linux-x86_64-gnu/lib/python3.11/threading.py", line 982, in run
    self._target(*self._args, **self._kwargs)
  File "/home/luffy/.hermes/hermes-agent/tui_gateway/server.py", line 839, in _loop
    time.sleep(_REAPER_SCAN_S)

--- thread Thread-18 (_cleanup_thread_worker) (id=140188995335872) ---
  File "/home/luffy/.local/share/uv/python/cpython-3.11.15-linux-x86_64-gnu/lib/python3.11/threading.py", line 1002, in _bootstrap
    self._bootstrap_inner()
  File "/home/luffy/.local/share/uv/python/cpython-3.11.15-linux-x86_64-gnu/lib/python3.11/threading.py", line 1045, in _bootstrap_inner
    self.run()
  File "/home/luffy/.local/share/uv/python/cpython-3.11.15-linux-x86_64-gnu/lib/python3.11/threading.py", line 982, in run
    self._target(*self._args, **self._kwargs)
  File "/home/luffy/.hermes/hermes-agent/tools/terminal_tool.py", line 1574, in _cleanup_thread_worker
    time.sleep(1)

--- thread async-delegate_0 (id=140188969109184) ---
  File "/home/luffy/.local/share/uv/python/cpython-3.11.15-linux-x86_64-gnu/lib/python3.11/threading.py", line 1002, in _bootstrap
    self._bootstrap_inner()
  File "/home/luffy/.local/share/uv/python/cpython-3.11.15-linux-x86_64-gnu/lib/python3.11/threading.py", line 1045, in _bootstrap_inner
    self.run()
  File "/home/luffy/.local/share/uv/python/cpython-3.11.15-linux-x86_64-gnu/lib/python3.11/threading.py", line 982, in run
    self._target(*self._args, **self._kwargs)
  File "/home/luffy/.local/share/uv/python/cpython-3.11.15-linux-x86_64-gnu/lib/python3.11/concurrent/futures/thread.py", line 81, in _worker
    work_item = work_queue.get(block=True)

--- thread hermes-lsp-loop (id=140188101621440) ---
  File "/home/luffy/.local/share/uv/python/cpython-3.11.15-linux-x86_64-gnu/lib/python3.11/threading.py", line 1002, in _bootstrap
    self._bootstrap_inner()
  File "/home/luffy/.local/share/uv/python/cpython-3.11.15-linux-x86_64-gnu/lib/python3.11/threading.py", line 1045, in _bootstrap_inner
    self.run()
  File "/home/luffy/.local/share/uv/python/cpython-3.11.15-linux-x86_64-gnu/lib/python3.11/threading.py", line 982, in run
    self._target(*self._args, **self._kwargs)
  File "/home/luffy/.hermes/hermes-agent/agent/lsp/manager.py", line 93, in _run_forever
    loop.run_forever()
  File "/home/luffy/.local/share/uv/python/cpython-3.11.15-linux-x86_64-gnu/lib/python3.11/asyncio/base_events.py", line 608, in run_forever
    self._run_once()
  File "/home/luffy/.local/share/uv/python/cpython-3.11.15-linux-x86_64-gnu/lib/python3.11/asyncio/base_events.py", line 1898, in _run_once
    event_list = self._selector.select(timeout)
  File "/home/luffy/.local/share/uv/python/cpython-3.11.15-linux-x86_64-gnu/lib/python3.11/selectors.py", line 468, in select
    fd_event_list = self._selector.poll(timeout, max_ev)

--- thread Thread-565 (_notification_poller_loop) (id=140189003728576) ---
  File "/home/luffy/.local/share/uv/python/cpython-3.11.15-linux-x86_64-gnu/lib/python3.11/threading.py", line 1002, in _bootstrap
    self._bootstrap_inner()
  File "/home/luffy/.local/share/uv/python/cpython-3.11.15-linux-x86_64-gnu/lib/python3.11/threading.py", line 1045, in _bootstrap_inner
    self.run()
  File "/home/luffy/.local/share/uv/python/cpython-3.11.15-linux-x86_64-gnu/lib/python3.11/threading.py", line 982, in run
    self._target(*self._args, **self._kwargs)
  File "/home/luffy/.hermes/hermes-agent/tui_gateway/server.py", line 8213, in _notification_poller_loop
    evt = process_registry.completion_queue.get(timeout=0.5)
  File "/home/luffy/.local/share/uv/python/cpython-3.11.15-linux-x86_64-gnu/lib/python3.11/queue.py", line 180, in get
    self.not_empty.wait(remaining)
  File "/home/luffy/.local/share/uv/python/cpython-3.11.15-linux-x86_64-gnu/lib/python3.11/threading.py", line 331, in wait
    gotit = waiter.acquire(True, timeout)

--- thread Thread-607 (id=140189017364160) ---
  File "/home/luffy/.local/share/uv/python/cpython-3.11.15-linux-x86_64-gnu/lib/python3.11/threading.py", line 1002, in _bootstrap
    self._bootstrap_inner()
  File "/home/luffy/.local/share/uv/python/cpython-3.11.15-linux-x86_64-gnu/lib/python3.11/threading.py", line 1045, in _bootstrap_inner
    self.run()
  File "/home/luffy/.local/share/uv/python/cpython-3.11.15-linux-x86_64-gnu/lib/python3.11/threading.py", line 1399, in run
    self.finished.wait(self.interval)
  File "/home/luffy/.local/share/uv/python/cpython-3.11.15-linux-x86_64-gnu/lib/python3.11/threading.py", line 629, in wait
    signaled = self._cond.wait(timeout)
  File "/home/luffy/.local/share/uv/python/cpython-3.11.15-linux-x86_64-gnu/lib/python3.11/threading.py", line 331, in wait
    gotit = waiter.acquire(True, timeout)

--- thread Thread-608 (id=140189386135232) ---
  File "/home/luffy/.local/share/uv/python/cpython-3.11.15-linux-x86_64-gnu/lib/python3.11/threading.py", line 1002, in _bootstrap
    self._bootstrap_inner()
  File "/home/luffy/.local/share/uv/python/cpython-3.11.15-linux-x86_64-gnu/lib/python3.11/threading.py", line 1045, in _bootstrap_inner
    self.run()
  File "/home/luffy/.local/share/uv/python/cpython-3.11.15-linux-x86_64-gnu/lib/python3.11/threading.py", line 1399, in run
    self.finished.wait(self.interval)
  File "/home/luffy/.local/share/uv/python/cpython-3.11.15-linux-x86_64-gnu/lib/python3.11/threading.py", line 629, in wait
    signaled = self._cond.wait(timeout)
  File "/home/luffy/.local/share/uv/python/cpython-3.11.15-linux-x86_64-gnu/lib/python3.11/threading.py", line 331, in wait
    gotit = waiter.acquire(True, timeout)
[tui-parent] 2026-06-29T12:48:53.123Z [lifecycle] spawned gateway child pid=451385 killed=false exitCode=null signal=null python=/home/luffy/.hermes/hermes-agent/venv/bin/python3 cwd=/home/luffy

=== gateway exit · 2026-06-29 18:18:56 · reason=stdin EOF (TUI closed the command pipe) ===

=== unhandled exception · 2026-06-29 18:18:56 ===
Traceback (most recent call last):
  File "<frozen runpy>", line 198, in _run_module_as_main
  File "<frozen runpy>", line 88, in _run_code
  File "/home/luffy/.hermes/hermes-agent/tui_gateway/entry.py", line 350, in <module>
    main()
  File "/home/luffy/.hermes/hermes-agent/tui_gateway/entry.py", line 346, in main
    _log_exit("stdin EOF (TUI closed the command pipe)")
  File "/home/luffy/.hermes/hermes-agent/tui_gateway/entry.py", line 204, in _log_exit
    print(f"[gateway-exit] {reason}", file=sys.stderr, flush=True)
BrokenPipeError: [Errno 32] Broken pipe
[tui-parent] 2026-06-29T16:56:56.280Z [lifecycle] spawned gateway child pid=33199 killed=false exitCode=null signal=null python=/home/luffy/.hermes/hermes-agent/venv/bin/python3 cwd=/home/luffy

=== SIGHUP received · 2026-06-29 23:15:50 ===
main-thread stack at signal delivery:
  File "<frozen runpy>", line 198, in _run_module_as_main
  File "<frozen runpy>", line 88, in _run_code
  File "/home/luffy/.hermes/hermes-agent/tui_gateway/entry.py", line 350, in <module>
    main()
  File "/home/luffy/.hermes/hermes-agent/tui_gateway/entry.py", line 326, in main
    for raw in sys.stdin:

--- thread MainThread (id=140162842789696) ---
  File "<frozen runpy>", line 198, in _run_module_as_main
  File "<frozen runpy>", line 88, in _run_code
  File "/home/luffy/.hermes/hermes-agent/tui_gateway/entry.py", line 350, in <module>
    main()
  File "/home/luffy/.hermes/hermes-agent/tui_gateway/entry.py", line 326, in main
    for raw in sys.stdin:
  File "/home/luffy/.hermes/hermes-agent/tui_gateway/entry.py", line 113, in _log_signal
    f.write("".join(traceback.format_stack(sys._current_frames().get(tid))))

--- thread Thread-2 (_loop) (id=140162816751296) ---
  File "/home/luffy/.local/share/uv/python/cpython-3.11.15-linux-x86_64-gnu/lib/python3.11/threading.py", line 1002, in _bootstrap
    self._bootstrap_inner()
  File "/home/luffy/.local/share/uv/python/cpython-3.11.15-linux-x86_64-gnu/lib/python3.11/threading.py", line 1045, in _bootstrap_inner
    self.run()
  File "/home/luffy/.local/share/uv/python/cpython-3.11.15-linux-x86_64-gnu/lib/python3.11/threading.py", line 982, in run
    self._target(*self._args, **self._kwargs)
  File "/home/luffy/.hermes/hermes-agent/tui_gateway/server.py", line 839, in _loop
    time.sleep(_REAPER_SCAN_S)
[tui-parent] 2026-06-29T17:45:50.456Z uncaughtException: Error: write EIO
[tui-parent] 2026-06-29T17:45:50.463Z graceful-exit received signal=SIGHUP → killing gateway
[tui-parent] 2026-06-29T17:45:50.464Z uncaughtException: Error: write EIO
[tui-parent] 2026-06-29T17:45:50.464Z [lifecycle] GatewayClient.kill reason=graceful-exit-cleanup pid=33199 killed=true exitCode=null signal=null killResult=true

=== SIGTERM received · 2026-06-29 23:15:50 ===
main-thread stack at signal delivery:
  File "/home/luffy/.hermes/hermes-agent/tools/terminal_tool.py", line 1722, in _atexit_cleanup
    _stop_cleanup_thread()
  File "/home/luffy/.hermes/hermes-agent/tools/terminal_tool.py", line 1594, in _stop_cleanup_thread
    _cleanup_thread.join(timeout=5)
  File "/home/luffy/.local/share/uv/python/cpython-3.11.15-linux-x86_64-gnu/lib/python3.11/threading.py", line 1123, in join
    self._wait_for_tstate_lock(timeout=max(timeout, 0))
  File "/home/luffy/.local/share/uv/python/cpython-3.11.15-linux-x86_64-gnu/lib/python3.11/threading.py", line 1139, in _wait_for_tstate_lock
    if lock.acquire(block, timeout):

--- thread MainThread (id=140162842789696) ---
  File "/home/luffy/.hermes/hermes-agent/tools/terminal_tool.py", line 1722, in _atexit_cleanup
    _stop_cleanup_thread()
  File "/home/luffy/.hermes/hermes-agent/tools/terminal_tool.py", line 1594, in _stop_cleanup_thread
    _cleanup_thread.join(timeout=5)
  File "/home/luffy/.local/share/uv/python/cpython-3.11.15-linux-x86_64-gnu/lib/python3.11/threading.py", line 1123, in join
    self._wait_for_tstate_lock(timeout=max(timeout, 0))
  File "/home/luffy/.local/share/uv/python/cpython-3.11.15-linux-x86_64-gnu/lib/python3.11/threading.py", line 1139, in _wait_for_tstate_lock
    if lock.acquire(block, timeout):
  File "/home/luffy/.hermes/hermes-agent/tui_gateway/entry.py", line 113, in _log_signal
    f.write("".join(traceback.format_stack(sys._current_frames().get(tid))))

--- thread Thread-2 (_loop) (id=140162816751296) ---
  File "/home/luffy/.local/share/uv/python/cpython-3.11.15-linux-x86_64-gnu/lib/python3.11/threading.py", line 1002, in _bootstrap
    self._bootstrap_inner()
  File "/home/luffy/.local/share/uv/python/cpython-3.11.15-linux-x86_64-gnu/lib/python3.11/threading.py", line 1045, in _bootstrap_inner
    self.run()
  File "/home/luffy/.local/share/uv/python/cpython-3.11.15-linux-x86_64-gnu/lib/python3.11/threading.py", line 982, in run
    self._target(*self._args, **self._kwargs)
  File "/home/luffy/.hermes/hermes-agent/tui_gateway/server.py", line 839, in _loop
    time.sleep(_REAPER_SCAN_S)

--- thread Thread-13 (_cleanup_thread_worker) (id=140162214385344) ---
  File "/home/luffy/.local/share/uv/python/cpython-3.11.15-linux-x86_64-gnu/lib/python3.11/threading.py", line 1002, in _bootstrap
    self._bootstrap_inner()
  File "/home/luffy/.local/share/uv/python/cpython-3.11.15-linux-x86_64-gnu/lib/python3.11/threading.py", line 1045, in _bootstrap_inner
    self.run()
  File "/home/luffy/.local/share/uv/python/cpython-3.11.15-linux-x86_64-gnu/lib/python3.11/threading.py", line 982, in run
    self._target(*self._args, **self._kwargs)
  File "/home/luffy/.hermes/hermes-agent/tools/terminal_tool.py", line 1574, in _cleanup_thread_worker
    time.sleep(1)

--- thread Thread-193 (_notification_poller_loop) (id=140162331403968) ---
  File "/home/luffy/.local/share/uv/python/cpython-3.11.15-linux-x86_64-gnu/lib/python3.11/threading.py", line 1002, in _bootstrap
    self._bootstrap_inner()
  File "/home/luffy/.local/share/uv/python/cpython-3.11.15-linux-x86_64-gnu/lib/python3.11/threading.py", line 1045, in _bootstrap_inner
    self.run()
  File "/home/luffy/.local/share/uv/python/cpython-3.11.15-linux-x86_64-gnu/lib/python3.11/threading.py", line 982, in run
    self._target(*self._args, **self._kwargs)
  File "/home/luffy/.hermes/hermes-agent/tui_gateway/server.py", line 8213, in _notification_poller_loop
    evt = process_registry.completion_queue.get(timeout=0.5)
  File "/home/luffy/.local/share/uv/python/cpython-3.11.15-linux-x86_64-gnu/lib/python3.11/queue.py", line 180, in get
    self.not_empty.wait(remaining)
  File "/home/luffy/.local/share/uv/python/cpython-3.11.15-linux-x86_64-gnu/lib/python3.11/threading.py", line 331, in wait
    gotit = waiter.acquire(True, timeout)

--- thread Thread-195 (run) (id=140162205992640) ---
  File "/home/luffy/.local/share/uv/python/cpython-3.11.15-linux-x86_64-gnu/lib/python3.11/threading.py", line 1002, in _bootstrap
    self._bootstrap_inner()
  File "/home/luffy/.local/share/uv/python/cpython-3.11.15-linux-x86_64-gnu/lib/python3.11/threading.py", line 1045, in _bootstrap_inner
    self.run()
  File "/home/luffy/.local/share/uv/python/cpython-3.11.15-linux-x86_64-gnu/lib/python3.11/threading.py", line 982, in run
    self._target(*self._args, **self._kwargs)
  File "/home/luffy/.hermes/hermes-agent/tui_gateway/server.py", line 8474, in run
    result = agent.run_conversation(run_message, **run_kwargs)
  File "/home/luffy/.hermes/hermes-agent/run_agent.py", line 5385, in run_conversation
    return run_conversation(
  File "/home/luffy/.hermes/hermes-agent/agent/conversation_loop.py", line 4331, in run_conversation
    agent._execute_tool_calls(assistant_message, messages, effective_task_id, api_call_count)
  File "/home/luffy/.hermes/hermes-agent/run_agent.py", line 5271, in _execute_tool_calls
    return self._execute_tool_calls_sequential(
  File "/home/luffy/.hermes/hermes-agent/run_agent.py", line 5365, in _execute_tool_calls_sequential
    return execute_tool_calls_sequential(self, assistant_message, messages, effective_task_id, api_call_count)
  File "/home/luffy/.hermes/hermes-agent/agent/tool_executor.py", line 1298, in execute_tool_calls_sequential
    function_result = _ra().handle_function_call(
  File "/home/luffy/.hermes/hermes-agent/model_tools.py", line 1155, in handle_function_call
    result = run_tool_execution_middleware(
  File "/home/luffy/.hermes/hermes-agent/hermes_cli/middleware.py", line 201, in run_tool_execution_middleware
    return next_call(args)
  File "/home/luffy/.hermes/hermes-agent/model_tools.py", line 1147, in _dispatch
    return registry.dispatch(
  File "/home/luffy/.hermes/hermes-agent/tools/registry.py", line 460, in dispatch
    return entry.handler(args, **kwargs)
  File "/home/luffy/.hermes/hermes-agent/tools/terminal_tool.py", line 2931, in _handle_terminal
    return terminal_tool(
  File "/home/luffy/.hermes/hermes-agent/tools/terminal_tool.py", line 2570, in terminal_tool
    result = env.execute(command, **execute_kwargs)
  File "/home/luffy/.hermes/hermes-agent/tools/environments/base.py", line 909, in execute
    result = self._wait_for_process(proc, timeout=effective_timeout)
  File "/home/luffy/.hermes/hermes-agent/tools/environments/base.py", line 753, in _wait_for_process
    time.sleep(_poll_sleep)
[tui-parent] 2026-06-29T17:45:50.474Z unhandledRejection: Error: EIO: i/o error, write
[tui-parent] 2026-06-29T17:45:50.562Z [lifecycle] spawned gateway child pid=111272 killed=false exitCode=null signal=null python=/home/luffy/.hermes/hermes-agent/venv/bin/python3 cwd=/home/luffy

=== gateway exit · 2026-06-29 23:15:54 · reason=stdin EOF (TUI closed the command pipe) ===

=== unhandled exception · 2026-06-29 23:15:54 ===
Traceback (most recent call last):
  File "<frozen runpy>", line 198, in _run_module_as_main
  File "<frozen runpy>", line 88, in _run_code
  File "/home/luffy/.hermes/hermes-agent/tui_gateway/entry.py", line 350, in <module>
    main()
  File "/home/luffy/.hermes/hermes-agent/tui_gateway/entry.py", line 346, in main
    _log_exit("stdin EOF (TUI closed the command pipe)")
  File "/home/luffy/.hermes/hermes-agent/tui_gateway/entry.py", line 204, in _log_exit
    print(f"[gateway-exit] {reason}", file=sys.stderr, flush=True)
BrokenPipeError: [Errno 32] Broken pipe
[tui-parent] 2026-06-29T17:56:02.645Z [lifecycle] spawned gateway child pid=131386 killed=false exitCode=null signal=null python=/home/luffy/.hermes/hermes-agent/venv/bin/python3 cwd=/home/luffy
[tui-parent] 2026-06-29T18:16:30.972Z graceful-exit received signal=SIGHUP → killing gateway

=== SIGHUP received · 2026-06-29 23:46:30 ===
main-thread stack at signal delivery:
  File "<frozen runpy>", line 198, in _run_module_as_main
  File "<frozen runpy>", line 88, in _run_code
  File "/home/luffy/.hermes/hermes-agent/tui_gateway/entry.py", line 350, in <module>
    main()
  File "/home/luffy/.hermes/hermes-agent/tui_gateway/entry.py", line 326, in main
    for raw in sys.stdin:
  File "/home/luffy/.hermes/hermes-agent/tui_gateway/entry.py", line 113, in _log_signal
    f.write("".join(traceback.format_stack(sys._current_frames().get(tid))))
  File "/home/luffy/.local/share/uv/python/cpython-3.11.15-linux-x86_64-gnu/lib/python3.11/traceback.py", line 214, in format_stack
    return format_list(extract_stack(f, limit=limit))
  File "/home/luffy/.local/share/uv/python/cpython-3.11.15-linux-x86_64-gnu/lib/python3.11/traceback.py", line 228, in extract_stack
    stack = StackSummary.extract(walk_stack(f), limit=limit)
  File "/home/luffy/.local/share/uv/python/cpython-3.11.15-linux-x86_64-gnu/lib/python3.11/traceback.py", line 390, in extract
    return klass._extract_from_extended_frame_gen(
  File "/home/luffy/.local/share/uv/python/cpython-3.11.15-linux-x86_64-gnu/lib/python3.11/traceback.py", line 433, in _extract_from_extended_frame_gen
    f.line
  File "/home/luffy/.local/share/uv/python/cpython-3.11.15-linux-x86_64-gnu/lib/python3.11/traceback.py", line 318, in line
    self._line = linecache.getline(self.filename, self.lineno)
  File "/home/luffy/.local/share/uv/python/cpython-3.11.15-linux-x86_64-gnu/lib/python3.11/linecache.py", line 30, in getline
    lines = getlines(filename, module_globals)
  File "/home/luffy/.local/share/uv/python/cpython-3.11.15-linux-x86_64-gnu/lib/python3.11/linecache.py", line 46, in getlines
    return updatecache(filename, module_globals)
  File "/home/luffy/.local/share/uv/python/cpython-3.11.15-linux-x86_64-gnu/lib/python3.11/linecache.py", line 137, in updatecache
    lines = fp.readlines()
  File "<frozen codecs>", line 319, in decode

--- thread MainThread (id=140158815582016) ---
  File "<frozen runpy>", line 198, in _run_module_as_main
  File "<frozen runpy>", line 88, in _run_code
  File "/home/luffy/.hermes/hermes-agent/tui_gateway/entry.py", line 350, in <module>
    main()
  File "/home/luffy/.hermes/hermes-agent/tui_gateway/entry.py", line 326, in main
    for raw in sys.stdin:
  File "/home/luffy/.hermes/hermes-agent/tui_gateway/entry.py", line 113, in _log_signal
    f.write("".join(traceback.format_stack(sys._current_frames().get(tid))))
  File "/home/luffy/.local/share/uv/python/cpython-3.11.15-linux-x86_64-gnu/lib/python3.11/traceback.py", line 214, in format_stack
    return format_list(extract_stack(f, limit=limit))
  File "/home/luffy/.local/share/uv/python/cpython-3.11.15-linux-x86_64-gnu/lib/python3.11/traceback.py", line 228, in extract_stack
    stack = StackSummary.extract(walk_stack(f), limit=limit)
  File "/home/luffy/.local/share/uv/python/cpython-3.11.15-linux-x86_64-gnu/lib/python3.11/traceback.py", line 390, in extract
    return klass._extract_from_extended_frame_gen(
  File "/home/luffy/.local/share/uv/python/cpython-3.11.15-linux-x86_64-gnu/lib/python3.11/traceback.py", line 433, in _extract_from_extended_frame_gen
    f.line
  File "/home/luffy/.local/share/uv/python/cpython-3.11.15-linux-x86_64-gnu/lib/python3.11/traceback.py", line 318, in line
    self._line = linecache.getline(self.filename, self.lineno)
  File "/home/luffy/.local/share/uv/python/cpython-3.11.15-linux-x86_64-gnu/lib/python3.11/linecache.py", line 30, in getline
    lines = getlines(filename, module_globals)
  File "/home/luffy/.local/share/uv/python/cpython-3.11.15-linux-x86_64-gnu/lib/python3.11/linecache.py", line 46, in getlines
    return updatecache(filename, module_globals)
  File "/home/luffy/.local/share/uv/python/cpython-3.11.15-linux-x86_64-gnu/lib/python3.11/linecache.py", line 137, in updatecache
    lines = fp.readlines()
  File "<frozen codecs>", line 319, in decode
  File "/home/luffy/.hermes/hermes-agent/tui_gateway/entry.py", line 113, in _log_signal
    f.write("".join(traceback.format_stack(sys._current_frames().get(tid))))

--- thread Thread-2 (_loop) (id=140158789662400) ---
  File "/home/luffy/.local/share/uv/python/cpython-3.11.15-linux-x86_64-gnu/lib/python3.11/threading.py", line 1002, in _bootstrap
    self._bootstrap_inner()
  File "/home/luffy/.local/share/uv/python/cpython-3.11.15-linux-x86_64-gnu/lib/python3.11/threading.py", line 1045, in _bootstrap_inner
    self.run()
  File "/home/luffy/.local/share/uv/python/cpython-3.11.15-linux-x86_64-gnu/lib/python3.11/threading.py", line 982, in run
    self._target(*self._args, **self._kwargs)
  File "/home/luffy/.hermes/hermes-agent/tui_gateway/server.py", line 839, in _loop
    time.sleep(_REAPER_SCAN_S)

--- thread tui-rpc_0 (id=140158780221120) ---
  File "/home/luffy/.local/share/uv/python/cpython-3.11.15-linux-x86_64-gnu/lib/python3.11/threading.py", line 1002, in _bootstrap
    self._bootstrap_inner()
  File "/home/luffy/.local/share/uv/python/cpython-3.11.15-linux-x86_64-gnu/lib/python3.11/threading.py", line 1045, in _bootstrap_inner
    self.run()
  File "/home/luffy/.local/share/uv/python/cpython-3.11.15-linux-x86_64-gnu/lib/python3.11/threading.py", line 982, in run
    self._target(*self._args, **self._kwargs)
  File "/home/luffy/.local/share/uv/python/cpython-3.11.15-linux-x86_64-gnu/lib/python3.11/concurrent/futures/thread.py", line 81, in _worker
    work_item = work_queue.get(block=True)

--- thread Thread-14 (_notification_poller_loop) (id=140158540183232) ---
  File "/home/luffy/.local/share/uv/python/cpython-3.11.15-linux-x86_64-gnu/lib/python3.11/threading.py", line 1002, in _bootstrap
    self._bootstrap_inner()
  File "/home/luffy/.local/share/uv/python/cpython-3.11.15-linux-x86_64-gnu/lib/python3.11/threading.py", line 1045, in _bootstrap_inner
    self.run()
  File "/home/luffy/.local/share/uv/python/cpython-3.11.15-linux-x86_64-gnu/lib/python3.11/threading.py", line 982, in run
    self._target(*self._args, **self._kwargs)
  File "/home/luffy/.hermes/hermes-agent/tui_gateway/server.py", line 8213, in _notification_poller_loop
    evt = process_registry.completion_queue.get(timeout=0.5)
  File "/home/luffy/.local/share/uv/python/cpython-3.11.15-linux-x86_64-gnu/lib/python3.11/queue.py", line 180, in get
    self.not_empty.wait(remaining)
  File "/home/luffy/.local/share/uv/python/cpython-3.11.15-linux-x86_64-gnu/lib/python3.11/threading.py", line 331, in wait
    gotit = waiter.acquire(True, timeout)

--- thread Thread-22 (_cleanup_thread_worker) (id=140158762145472) ---
  File "/home/luffy/.local/share/uv/python/cpython-3.11.15-linux-x86_64-gnu/lib/python3.11/threading.py", line 1002, in _bootstrap
    self._bootstrap_inner()
  File "/home/luffy/.local/share/uv/python/cpython-3.11.15-linux-x86_64-gnu/lib/python3.11/threading.py", line 1045, in _bootstrap_inner
    self.run()
  File "/home/luffy/.local/share/uv/python/cpython-3.11.15-linux-x86_64-gnu/lib/python3.11/threading.py", line 982, in run
    self._target(*self._args, **self._kwargs)
  File "/home/luffy/.hermes/hermes-agent/tools/terminal_tool.py", line 1574, in _cleanup_thread_worker
    time.sleep(1)

--- thread hermes-lsp-loop (id=140158204638912) ---
  File "/home/luffy/.local/share/uv/python/cpython-3.11.15-linux-x86_64-gnu/lib/python3.11/threading.py", line 1002, in _bootstrap
    self._bootstrap_inner()
  File "/home/luffy/.local/share/uv/python/cpython-3.11.15-linux-x86_64-gnu/lib/python3.11/threading.py", line 1045, in _bootstrap_inner
    self.run()
  File "/home/luffy/.local/share/uv/python/cpython-3.11.15-linux-x86_64-gnu/lib/python3.11/threading.py", line 982, in run
    self._target(*self._args, **self._kwargs)
  File "/home/luffy/.hermes/hermes-agent/agent/lsp/manager.py", line 93, in _run_forever
    loop.run_forever()
  File "/home/luffy/.local/share/uv/python/cpython-3.11.15-linux-x86_64-gnu/lib/python3.11/asyncio/base_events.py", line 608, in run_forever
    self._run_once()
  File "/home/luffy/.local/share/uv/python/cpython-3.11.15-linux-x86_64-gnu/lib/python3.11/asyncio/base_events.py", line 1898, in _run_once
    event_list = self._selector.select(timeout)
  File "/home/luffy/.local/share/uv/python/cpython-3.11.15-linux-x86_64-gnu/lib/python3.11/selectors.py", line 468, in select
    fd_event_list = self._selector.poll(timeout, max_ev)

=== SIGHUP received · 2026-06-29 23:46:30 ===
main-thread stack at signal delivery:
  File "<frozen runpy>", line 198, in _run_module_as_main
  File "<frozen runpy>", line 88, in _run_code
  File "/home/luffy/.hermes/hermes-agent/tui_gateway/entry.py", line 350, in <module>
    main()
  File "/home/luffy/.hermes/hermes-agent/tui_gateway/entry.py", line 326, in main
    for raw in sys.stdin:

--- thread MainThread (id=140158815582016) ---
  File "<frozen runpy>", line 198, in _run_module_as_main
  File "<frozen runpy>", line 88, in _run_code
  File "/home/luffy/.hermes/hermes-agent/tui_gateway/entry.py", line 350, in <module>
    main()
  File "/home/luffy/.hermes/hermes-agent/tui_gateway/entry.py", line 326, in main
    for raw in sys.stdin:
  File "/home/luffy/.hermes/hermes-agent/tui_gateway/entry.py", line 113, in _log_signal
    f.write("".join(traceback.format_stack(sys._current_frames().get(tid))))

--- thread Thread-2 (_loop) (id=140158789662400) ---
[tui-parent] 2026-06-29T18:16:31.018Z uncaughtException: Error: write EIO
[tui-parent] 2026-06-29T18:16:31.032Z [lifecycle] GatewayClient.kill reason=graceful-exit-cleanup pid=131386 killed=true exitCode=null signal=null killResult=true

=== SIGTERM received · 2026-06-29 23:46:31 ===
main-thread stack at signal delivery:
  File "/home/luffy/.hermes/hermes-agent/tools/terminal_tool.py", line 1722, in _atexit_cleanup
    _stop_cleanup_thread()
  File "/home/luffy/.hermes/hermes-agent/tools/terminal_tool.py", line 1594, in _stop_cleanup_thread
    _cleanup_thread.join(timeout=5)
  File "/home/luffy/.local/share/uv/python/cpython-3.11.15-linux-x86_64-gnu/lib/python3.11/threading.py", line 1123, in join
    self._wait_for_tstate_lock(timeout=max(timeout, 0))
  File "/home/luffy/.local/share/uv/python/cpython-3.11.15-linux-x86_64-gnu/lib/python3.11/threading.py", line 1139, in _wait_for_tstate_lock
    if lock.acquire(block, timeout):

--- thread MainThread (id=140158815582016) ---
  File "/home/luffy/.hermes/hermes-agent/tools/terminal_tool.py", line 1722, in _atexit_cleanup
    _stop_cleanup_thread()
  File "/home/luffy/.hermes/hermes-agent/tools/terminal_tool.py", line 1594, in _stop_cleanup_thread
    _cleanup_thread.join(timeout=5)
  File "/home/luffy/.local/share/uv/python/cpython-3.11.15-linux-x86_64-gnu/lib/python3.11/threading.py", line 1123, in join
    self._wait_for_tstate_lock(timeout=max(timeout, 0))
  File "/home/luffy/.local/share/uv/python/cpython-3.11.15-linux-x86_64-gnu/lib/python3.11/threading.py", line 1139, in _wait_for_tstate_lock
    if lock.acquire(block, timeout):
  File "/home/luffy/.hermes/hermes-agent/tui_gateway/entry.py", line 113, in _log_signal
    f.write("".join(traceback.format_stack(sys._current_frames().get(tid))))

--- thread Thread-2 (_loop) (id=140158789662400) ---
  File "/home/luffy/.local/share/uv/python/cpython-3.11.15-linux-x86_64-gnu/lib/python3.11/threading.py", line 1002, in _bootstrap
    self._bootstrap_inner()
  File "/home/luffy/.local/share/uv/python/cpython-3.11.15-linux-x86_64-gnu/lib/python3.11/threading.py", line 1045, in _bootstrap_inner
    self.run()
  File "/home/luffy/.local/share/uv/python/cpython-3.11.15-linux-x86_64-gnu/lib/python3.11/threading.py", line 982, in run
    self._target(*self._args, **self._kwargs)
  File "/home/luffy/.hermes/hermes-agent/tui_gateway/server.py", line 839, in _loop
    time.sleep(_REAPER_SCAN_S)

--- thread Thread-14 (_notification_poller_loop) (id=140158540183232) ---
  File "/home/luffy/.local/share/uv/python/cpython-3.11.15-linux-x86_64-gnu/lib/python3.11/threading.py", line 1002, in _bootstrap
    self._bootstrap_inner()
  File "/home/luffy/.local/share/uv/python/cpython-3.11.15-linux-x86_64-gnu/lib/python3.11/threading.py", line 1045, in _bootstrap_inner
    self.run()
  File "/home/luffy/.local/share/uv/python/cpython-3.11.15-linux-x86_64-gnu/lib/python3.11/threading.py", line 982, in run
    self._target(*self._args, **self._kwargs)
  File "/home/luffy/.hermes/hermes-agent/tui_gateway/server.py", line 8213, in _notification_poller_loop
    evt = process_registry.completion_queue.get(timeout=0.5)
  File "/home/luffy/.local/share/uv/python/cpython-3.11.15-linux-x86_64-gnu/lib/python3.11/queue.py", line 180, in get
    self.not_empty.wait(remaining)
  File "/home/luffy/.local/share/uv/python/cpython-3.11.15-linux-x86_64-gnu/lib/python3.11/threading.py", line 331, in wait
    gotit = waiter.acquire(True, timeout)

--- thread Thread-22 (_cleanup_thread_worker) (id=140158762145472) ---
  File "/home/luffy/.local/share/uv/python/cpython-3.11.15-linux-x86_64-gnu/lib/python3.11/threading.py", line 1002, in _bootstrap
    self._bootstrap_inner()
  File "/home/luffy/.local/share/uv/python/cpython-3.11.15-linux-x86_64-gnu/lib/python3.11/threading.py", line 1045, in _bootstrap_inner
    self.run()
  File "/home/luffy/.local/share/uv/python/cpython-3.11.15-linux-x86_64-gnu/lib/python3.11/threading.py", line 982, in run
    self._target(*self._args, **self._kwargs)
  File "/home/luffy/.hermes/hermes-agent/tools/terminal_tool.py", line 1574, in _cleanup_thread_worker
    time.sleep(1)

--- thread Thread-165 (id=140158302340800) ---
  File "/home/luffy/.local/share/uv/python/cpython-3.11.15-linux-x86_64-gnu/lib/python3.11/threading.py", line 1002, in _bootstrap
    self._bootstrap_inner()
  File "/home/luffy/.local/share/uv/python/cpython-3.11.15-linux-x86_64-gnu/lib/python3.11/threading.py", line 1045, in _bootstrap_inner
    self.run()
  File "/home/luffy/.local/share/uv/python/cpython-3.11.15-linux-x86_64-gnu/lib/python3.11/threading.py", line 1399, in run
    self.finished.wait(self.interval)
  File "/home/luffy/.local/share/uv/python/cpython-3.11.15-linux-x86_64-gnu/lib/python3.11/threading.py", line 629, in wait
    signaled = self._cond.wait(timeout)
  File "/home/luffy/.local/share/uv/python/cpython-3.11.15-linux-x86_64-gnu/lib/python3.11/threading.py", line 331, in wait
    gotit = waiter.acquire(True, timeout)
[tui-parent] 2026-06-29T18:16:31.040Z unhandledRejection: Error: EIO: i/o error, write
[tui-parent] 2026-06-29T18:16:31.152Z [lifecycle] spawned gateway child pid=169349 killed=false exitCode=null signal=null python=/home/luffy/.hermes/hermes-agent/venv/bin/python3 cwd=/home/luffy

=== gateway exit · 2026-06-29 23:46:35 · reason=stdin EOF (TUI closed the command pipe) ===

=== unhandled exception · 2026-06-29 23:46:35 ===
Traceback (most recent call last):
  File "<frozen runpy>", line 198, in _run_module_as_main
  File "<frozen runpy>", line 88, in _run_code
  File "/home/luffy/.hermes/hermes-agent/tui_gateway/entry.py", line 350, in <module>
    main()
  File "/home/luffy/.hermes/hermes-agent/tui_gateway/entry.py", line 346, in main
    _log_exit("stdin EOF (TUI closed the command pipe)")
  File "/home/luffy/.hermes/hermes-agent/tui_gateway/entry.py", line 204, in _log_exit
    print(f"[gateway-exit] {reason}", file=sys.stderr, flush=True)
BrokenPipeError: [Errno 32] Broken pipe
[tui-parent] 2026-06-29T18:31:42.593Z [lifecycle] spawned gateway child pid=196075 killed=false exitCode=null signal=null python=/home/luffy/.hermes/hermes-agent/venv/bin/python3 cwd=/home/luffy
[tui-parent] 2026-06-29T18:47:13.391Z graceful-exit received signal=SIGHUP → killing gateway

=== SIGHUP received · 2026-06-30 00:17:13 ===
main-thread stack at signal delivery:
  File "<frozen runpy>", line 198, in _run_module_as_main
  File "<frozen runpy>", line 88, in _run_code
  File "/home/luffy/.hermes/hermes-agent/tui_gateway/entry.py", line 350, in <module>
    main()
  File "/home/luffy/.hermes/hermes-agent/tui_gateway/entry.py", line 326, in main
    for raw in sys.stdin:
  File "/home/luffy/.hermes/hermes-agent/tui_gateway/entry.py", line 113, in _log_signal
    f.write("".join(traceback.format_stack(sys._current_frames().get(tid))))
  File "/home/luffy/.local/share/uv/python/cpython-3.11.15-linux-x86_64-gnu/lib/python3.11/traceback.py", line 214, in format_stack
    return format_list(extract_stack(f, limit=limit))
  File "/home/luffy/.local/share/uv/python/cpython-3.11.15-linux-x86_64-gnu/lib/python3.11/traceback.py", line 228, in extract_stack
    stack = StackSummary.extract(walk_stack(f), limit=limit)
  File "/home/luffy/.local/share/uv/python/cpython-3.11.15-linux-x86_64-gnu/lib/python3.11/traceback.py", line 390, in extract
    return klass._extract_from_extended_frame_gen(
  File "/home/luffy/.local/share/uv/python/cpython-3.11.15-linux-x86_64-gnu/lib/python3.11/traceback.py", line 433, in _extract_from_extended_frame_gen
    f.line
  File "/home/luffy/.local/share/uv/python/cpython-3.11.15-linux-x86_64-gnu/lib/python3.11/traceback.py", line 318, in line
    self._line = linecache.getline(self.filename, self.lineno)
  File "/home/luffy/.local/share/uv/python/cpython-3.11.15-linux-x86_64-gnu/lib/python3.11/linecache.py", line 30, in getline
    lines = getlines(filename, module_globals)
  File "/home/luffy/.local/share/uv/python/cpython-3.11.15-linux-x86_64-gnu/lib/python3.11/linecache.py", line 46, in getlines
    return updatecache(filename, module_globals)
  File "/home/luffy/.local/share/uv/python/cpython-3.11.15-linux-x86_64-gnu/lib/python3.11/linecache.py", line 137, in updatecache
    lines = fp.readlines()
  File "<frozen codecs>", line 319, in decode

--- thread MainThread (id=140189941024576) ---
  File "<frozen runpy>", line 198, in _run_module_as_main
  File "<frozen runpy>", line 88, in _run_code
  File "/home/luffy/.hermes/hermes-agent/tui_gateway/entry.py", line 350, in <module>
    main()
  File "/home/luffy/.hermes/hermes-agent/tui_gateway/entry.py", line 326, in main
    for raw in sys.stdin:
  File "/home/luffy/.hermes/hermes-agent/tui_gateway/entry.py", line 113, in _log_signal
    f.write("".join(traceback.format_stack(sys._current_frames().get(tid))))
  File "/home/luffy/.local/share/uv/python/cpython-3.11.15-linux-x86_64-gnu/lib/python3.11/traceback.py", line 214, in format_stack
    return format_list(extract_stack(f, limit=limit))
  File "/home/luffy/.local/share/uv/python/cpython-3.11.15-linux-x86_64-gnu/lib/python3.11/traceback.py", line 228, in extract_stack
    stack = StackSummary.extract(walk_stack(f), limit=limit)
  File "/home/luffy/.local/share/uv/python/cpython-3.11.15-linux-x86_64-gnu/lib/python3.11/traceback.py", line 390, in extract
    return klass._extract_from_extended_frame_gen(
  File "/home/luffy/.local/share/uv/python/cpython-3.11.15-linux-x86_64-gnu/lib/python3.11/traceback.py", line 433, in _extract_from_extended_frame_gen
    f.line
  File "/home/luffy/.local/share/uv/python/cpython-3.11.15-linux-x86_64-gnu/lib/python3.11/traceback.py", line 318, in line
    self._line = linecache.getline(self.filename, self.lineno)
  File "/home/luffy/.local/share/uv/python/cpython-3.11.15-linux-x86_64-gnu/lib/python3.11/linecache.py", line 30, in getline
    lines = getlines(filename, module_globals)
  File "/home/luffy/.local/share/uv/python/cpython-3.11.15-linux-x86_64-gnu/lib/python3.11/linecache.py", line 46, in getlines
    return updatecache(filename, module_globals)
  File "/home/luffy/.local/share/uv/python/cpython-3.11.15-linux-x86_64-gnu/lib/python3.11/linecache.py", line 137, in updatecache
    lines = fp.readlines()
  File "<frozen codecs>", line 319, in decode
  File "/home/luffy/.hermes/hermes-agent/tui_gateway/entry.py", line 113, in _log_signal
    f.write("".join(traceback.format_stack(sys._current_frames().get(tid))))

--- thread Thread-2 (_loop) (id=140189906724544) ---
  File "/home/luffy/.local/share/uv/python/cpython-3.11.15-linux-x86_64-gnu/lib/python3.11/threading.py", line 1002, in _bootstrap
    self._bootstrap_inner()
  File "/home/luffy/.local/share/uv/python/cpython-3.11.15-linux-x86_64-gnu/lib/python3.11/threading.py", line 1045, in _bootstrap_inner
    self.run()
  File "/home/luffy/.local/share/uv/python/cpython-3.11.15-linux-x86_64-gnu/lib/python3.11/threading.py", line 982, in run
    self._target(*self._args, **self._kwargs)
  File "/home/luffy/.hermes/hermes-agent/tui_gateway/server.py", line 839, in _loop
    time.sleep(_REAPER_SCAN_S)

--- thread tui-rpc_0 (id=140189915117248) ---
  File "/home/luffy/.local/share/uv/python/cpython-3.11.15-linux-x86_64-gnu/lib/python3.11/threading.py", line 1002, in _bootstrap
    self._bootstrap_inner()
  File "/home/luffy/.local/share/uv/python/cpython-3.11.15-linux-x86_64-gnu/lib/python3.11/threading.py", line 1045, in _bootstrap_inner
    self.run()
  File "/home/luffy/.local/share/uv/python/cpython-3.11.15-linux-x86_64-gnu/lib/python3.11/threading.py", line 982, in run
    self._target(*self._args, **self._kwargs)
  File "/home/luffy/.local/share/uv/python/cpython-3.11.15-linux-x86_64-gnu/lib/python3.11/concurrent/futures/thread.py", line 81, in _worker
    work_item = work_queue.get(block=True)

--- thread Thread-14 (_notification_poller_loop) (id=140189796128448) ---
  File "/home/luffy/.local/share/uv/python/cpython-3.11.15-linux-x86_64-gnu/lib/python3.11/threading.py", line 1002, in _bootstrap
    self._bootstrap_inner()
  File "/home/luffy/.local/share/uv/python/cpython-3.11.15-linux-x86_64-gnu/lib/python3.11/threading.py", line 1045, in _bootstrap_inner
    self.run()
  File "/home/luffy/.local/share/uv/python/cpython-3.11.15-linux-x86_64-gnu/lib/python3.11/threading.py", line 982, in run
    self._target(*self._args, **self._kwargs)
  File "/home/luffy/.hermes/hermes-agent/tui_gateway/server.py", line 8213, in _notification_poller_loop
    evt = process_registry.completion_queue.get(timeout=0.5)
  File "/home/luffy/.local/share/uv/python/cpython-3.11.15-linux-x86_64-gnu/lib/python3.11/queue.py", line 180, in get
    self.not_empty.wait(remaining)
  File "/home/luffy/.local/share/uv/python/cpython-3.11.15-linux-x86_64-gnu/lib/python3.11/threading.py", line 331, in wait
    gotit = waiter.acquire(True, timeout)

--- thread Thread-19 (_cleanup_thread_worker) (id=140189812913856) ---
  File "/home/luffy/.local/share/uv/python/cpython-3.11.15-linux-x86_64-gnu/lib/python3.11/threading.py", line 1002, in _bootstrap
    self._bootstrap_inner()
  File "/home/luffy/.local/share/uv/python/cpython-3.11.15-linux-x86_64-gnu/lib/python3.11/threading.py", line 1045, in _bootstrap_inner
    self.run()
  File "/home/luffy/.local/share/uv/python/cpython-3.11.15-linux-x86_64-gnu/lib/python3.11/threading.py", line 982, in run
    self._target(*self._args, **self._kwargs)
  File "/home/luffy/.hermes/hermes-agent/tools/terminal_tool.py", line 1574, in _cleanup_thread_worker
    time.sleep(1)

--- thread hermes-lsp-loop (id=140189333710528) ---
  File "/home/luffy/.local/share/uv/python/cpython-3.11.15-linux-x86_64-gnu/lib/python3.11/threading.py", line 1002, in _bootstrap
    self._bootstrap_inner()
  File "/home/luffy/.local/share/uv/python/cpython-3.11.15-linux-x86_64-gnu/lib/python3.11/threading.py", line 1045, in _bootstrap_inner
    self.run()
  File "/home/luffy/.local/share/uv/python/cpython-3.11.15-linux-x86_64-gnu/lib/python3.11/threading.py", line 982, in run
    self._target(*self._args, **self._kwargs)
  File "/home/luffy/.hermes/hermes-agent/agent/lsp/manager.py", line 93, in _run_forever
    loop.run_forever()
  File "/home/luffy/.local/share/uv/python/cpython-3.11.15-linux-x86_64-gnu/lib/python3.11/asyncio/base_events.py", line 608, in run_forever
    self._run_once()
  File "/home/luffy/.local/share/uv/python/cpython-3.11.15-linux-x86_64-gnu/lib/python3.11/asyncio/base_events.py", line 1898, in _run_once
    event_list = self._selector.select(timeout)
  File "/home/luffy/.local/share/uv/python/cpython-3.11.15-linux-x86_64-gnu/lib/python3.11/selectors.py", line 468, in select
    fd_event_list = self._selector.poll(timeout, max_ev)

=== SIGHUP received · 2026-06-30 00:17:13 ===
main-thread stack at signal delivery:
  File "<frozen runpy>", line 198, in _run_module_as_main
  File "<frozen runpy>", line 88, in _run_code
  File "/home/luffy/.hermes/hermes-agent/tui_gateway/entry.py", line 350, in <module>
    main()
  File "/home/luffy/.hermes/hermes-agent/tui_gateway/entry.py", line 326, in main
    for raw in sys.stdin:

--- thread MainThread (id=140189941024576) ---
  File "<frozen runpy>", line 198, in _run_module_as_main
  File "<frozen runpy>", line 88, in _run_code
  File "/home/luffy/.hermes/hermes-agent/tui_gateway/entry.py", line 350, in <module>
    main()
  File "/home/luffy/.hermes/hermes-agent/tui_gateway/entry.py", line 326, in main
    for raw in sys.stdin:
  File "/home/luffy/.hermes/hermes-agent/tui_gateway/entry.py", line 113, in _log_signal
    f.write("".join(traceback.format_stack(sys._current_frames().get(tid))))

--- thread Thread-2 (_loop) (id=140189906724544) ---
[tui-parent] 2026-06-29T18:47:13.437Z uncaughtException: Error: write EIO
[tui-parent] 2026-06-29T18:47:13.457Z [lifecycle] GatewayClient.kill reason=graceful-exit-cleanup pid=196075 killed=true exitCode=null signal=null killResult=true

=== SIGTERM received · 2026-06-30 00:17:13 ===
main-thread stack at signal delivery:
  File "/home/luffy/.hermes/hermes-agent/tools/terminal_tool.py", line 1722, in _atexit_cleanup
    _stop_cleanup_thread()
  File "/home/luffy/.hermes/hermes-agent/tools/terminal_tool.py", line 1594, in _stop_cleanup_thread
    _cleanup_thread.join(timeout=5)
  File "/home/luffy/.local/share/uv/python/cpython-3.11.15-linux-x86_64-gnu/lib/python3.11/threading.py", line 1123, in join
    self._wait_for_tstate_lock(timeout=max(timeout, 0))
  File "/home/luffy/.local/share/uv/python/cpython-3.11.15-linux-x86_64-gnu/lib/python3.11/threading.py", line 1139, in _wait_for_tstate_lock
    if lock.acquire(block, timeout):

--- thread MainThread (id=140189941024576) ---
  File "/home/luffy/.hermes/hermes-agent/tools/terminal_tool.py", line 1722, in _atexit_cleanup
    _stop_cleanup_thread()
  File "/home/luffy/.hermes/hermes-agent/tools/terminal_tool.py", line 1594, in _stop_cleanup_thread
    _cleanup_thread.join(timeout=5)
  File "/home/luffy/.local/share/uv/python/cpython-3.11.15-linux-x86_64-gnu/lib/python3.11/threading.py", line 1123, in join
    self._wait_for_tstate_lock(timeout=max(timeout, 0))
  File "/home/luffy/.local/share/uv/python/cpython-3.11.15-linux-x86_64-gnu/lib/python3.11/threading.py", line 1139, in _wait_for_tstate_lock
    if lock.acquire(block, timeout):
  File "/home/luffy/.hermes/hermes-agent/tui_gateway/entry.py", line 113, in _log_signal
    f.write("".join(traceback.format_stack(sys._current_frames().get(tid))))

--- thread Thread-2 (_loop) (id=140189906724544) ---
  File "/home/luffy/.local/share/uv/python/cpython-3.11.15-linux-x86_64-gnu/lib/python3.11/threading.py", line 1002, in _bootstrap
    self._bootstrap_inner()
  File "/home/luffy/.local/share/uv/python/cpython-3.11.15-linux-x86_64-gnu/lib/python3.11/threading.py", line 1045, in _bootstrap_inner
    self.run()
  File "/home/luffy/.local/share/uv/python/cpython-3.11.15-linux-x86_64-gnu/lib/python3.11/threading.py", line 982, in run
    self._target(*self._args, **self._kwargs)
  File "/home/luffy/.hermes/hermes-agent/tui_gateway/server.py", line 839, in _loop
    time.sleep(_REAPER_SCAN_S)
[tui-parent] 2026-06-29T18:47:13.471Z unhandledRejection: Error: EIO: i/o error, write
[tui-parent] 2026-06-29T18:47:14.130Z [lifecycle] child exit pid=196075 killed=true exitCode=0 signal=null code=0 signal=null
[tui-parent] 2026-06-29T18:47:14.130Z [lifecycle] transport exit code=0 reason=none
[tui-parent] 2026-06-29T18:47:14.136Z [lifecycle] spawned gateway child pid=221245 killed=false exitCode=null signal=null python=/home/luffy/.hermes/hermes-agent/venv/bin/python3 cwd=/home/luffy

=== gateway exit · 2026-06-30 00:17:17 · reason=stdin EOF (TUI closed the command pipe) ===

=== unhandled exception · 2026-06-30 00:17:17 ===
Traceback (most recent call last):
  File "<frozen runpy>", line 198, in _run_module_as_main
  File "<frozen runpy>", line 88, in _run_code
  File "/home/luffy/.hermes/hermes-agent/tui_gateway/entry.py", line 350, in <module>
    main()
  File "/home/luffy/.hermes/hermes-agent/tui_gateway/entry.py", line 346, in main
    _log_exit("stdin EOF (TUI closed the command pipe)")
  File "/home/luffy/.hermes/hermes-agent/tui_gateway/entry.py", line 204, in _log_exit
    print(f"[gateway-exit] {reason}", file=sys.stderr, flush=True)
BrokenPipeError: [Errno 32] Broken pipe
[tui-parent] 2026-06-30T07:45:42.101Z [lifecycle] spawned gateway child pid=35000 killed=false exitCode=null signal=null python=/home/luffy/.hermes/hermes-agent/venv/bin/python3 cwd=/home/luffy
[tui-parent] 2026-06-30T09:04:44.215Z graceful-exit received signal=SIGHUP → killing gateway

=== SIGHUP received · 2026-06-30 14:34:44 ===
main-thread stack at signal delivery:
  File "<frozen runpy>", line 198, in _run_module_as_main
  File "<frozen runpy>", line 88, in _run_code
  File "/home/luffy/.hermes/hermes-agent/tui_gateway/entry.py", line 350, in <module>
    main()
  File "/home/luffy/.hermes/hermes-agent/tui_gateway/entry.py", line 326, in main
    for raw in sys.stdin:
  File "/home/luffy/.hermes/hermes-agent/tui_gateway/entry.py", line 113, in _log_signal
    f.write("".join(traceback.format_stack(sys._current_frames().get(tid))))
  File "/home/luffy/.local/share/uv/python/cpython-3.11.15-linux-x86_64-gnu/lib/python3.11/traceback.py", line 214, in format_stack
    return format_list(extract_stack(f, limit=limit))
  File "/home/luffy/.local/share/uv/python/cpython-3.11.15-linux-x86_64-gnu/lib/python3.11/traceback.py", line 228, in extract_stack
    stack = StackSummary.extract(walk_stack(f), limit=limit)
  File "/home/luffy/.local/share/uv/python/cpython-3.11.15-linux-x86_64-gnu/lib/python3.11/traceback.py", line 390, in extract
    return klass._extract_from_extended_frame_gen(
  File "/home/luffy/.local/share/uv/python/cpython-3.11.15-linux-x86_64-gnu/lib/python3.11/traceback.py", line 433, in _extract_from_extended_frame_gen
    f.line
  File "/home/luffy/.local/share/uv/python/cpython-3.11.15-linux-x86_64-gnu/lib/python3.11/traceback.py", line 318, in line
    self._line = linecache.getline(self.filename, self.lineno)
  File "/home/luffy/.local/share/uv/python/cpython-3.11.15-linux-x86_64-gnu/lib/python3.11/linecache.py", line 30, in getline
    lines = getlines(filename, module_globals)
  File "/home/luffy/.local/share/uv/python/cpython-3.11.15-linux-x86_64-gnu/lib/python3.11/linecache.py", line 46, in getlines
    return updatecache(filename, module_globals)
  File "/home/luffy/.local/share/uv/python/cpython-3.11.15-linux-x86_64-gnu/lib/python3.11/linecache.py", line 137, in updatecache
    lines = fp.readlines()
  File "<frozen codecs>", line 319, in decode

--- thread MainThread (id=139737684350784) ---
  File "<frozen runpy>", line 198, in _run_module_as_main
  File "<frozen runpy>", line 88, in _run_code
  File "/home/luffy/.hermes/hermes-agent/tui_gateway/entry.py", line 350, in <module>
    main()
  File "/home/luffy/.hermes/hermes-agent/tui_gateway/entry.py", line 326, in main
    for raw in sys.stdin:
  File "/home/luffy/.hermes/hermes-agent/tui_gateway/entry.py", line 113, in _log_signal
    f.write("".join(traceback.format_stack(sys._current_frames().get(tid))))
  File "/home/luffy/.local/share/uv/python/cpython-3.11.15-linux-x86_64-gnu/lib/python3.11/traceback.py", line 214, in format_stack
    return format_list(extract_stack(f, limit=limit))
  File "/home/luffy/.local/share/uv/python/cpython-3.11.15-linux-x86_64-gnu/lib/python3.11/traceback.py", line 228, in extract_stack
    stack = StackSummary.extract(walk_stack(f), limit=limit)
  File "/home/luffy/.local/share/uv/python/cpython-3.11.15-linux-x86_64-gnu/lib/python3.11/traceback.py", line 390, in extract
    return klass._extract_from_extended_frame_gen(
  File "/home/luffy/.local/share/uv/python/cpython-3.11.15-linux-x86_64-gnu/lib/python3.11/traceback.py", line 433, in _extract_from_extended_frame_gen
    f.line
  File "/home/luffy/.local/share/uv/python/cpython-3.11.15-linux-x86_64-gnu/lib/python3.11/traceback.py", line 318, in line
    self._line = linecache.getline(self.filename, self.lineno)
  File "/home/luffy/.local/share/uv/python/cpython-3.11.15-linux-x86_64-gnu/lib/python3.11/linecache.py", line 30, in getline
    lines = getlines(filename, module_globals)
  File "/home/luffy/.local/share/uv/python/cpython-3.11.15-linux-x86_64-gnu/lib/python3.11/linecache.py", line 46, in getlines
    return updatecache(filename, module_globals)
  File "/home/luffy/.local/share/uv/python/cpython-3.11.15-linux-x86_64-gnu/lib/python3.11/linecache.py", line 137, in updatecache
    lines = fp.readlines()
  File "<frozen codecs>", line 319, in decode
  File "/home/luffy/.hermes/hermes-agent/tui_gateway/entry.py", line 113, in _log_signal
    f.write("".join(traceback.format_stack(sys._current_frames().get(tid))))

--- thread Thread-2 (_loop) (id=139737658472128) ---
  File "/home/luffy/.local/share/uv/python/cpython-3.11.15-linux-x86_64-gnu/lib/python3.11/threading.py", line 1002, in _bootstrap
    self._bootstrap_inner()
  File "/home/luffy/.local/share/uv/python/cpython-3.11.15-linux-x86_64-gnu/lib/python3.11/threading.py", line 1045, in _bootstrap_inner
    self.run()
  File "/home/luffy/.local/share/uv/python/cpython-3.11.15-linux-x86_64-gnu/lib/python3.11/threading.py", line 982, in run
    self._target(*self._args, **self._kwargs)
  File "/home/luffy/.hermes/hermes-agent/tui_gateway/server.py", line 839, in _loop
    time.sleep(_REAPER_SCAN_S)
[tui-parent] 2026-06-30T09:04:44.262Z uncaughtException: Error: write EIO

=== SIGHUP received · 2026-06-30 14:34:44 ===
main-thread stack at signal delivery:
  File "<frozen runpy>", line 198, in _run_module_as_main
  File "<frozen runpy>", line 88, in _run_code
  File "/home/luffy/.hermes/hermes-agent/tui_gateway/entry.py", line 350, in <module>
    main()
  File "/home/luffy/.hermes/hermes-agent/tui_gateway/entry.py", line 326, in main
    for raw in sys.stdin:

--- thread MainThread (id=139737684350784) ---
  File "<frozen runpy>", line 198, in _run_module_as_main
  File "<frozen runpy>", line 88, in _run_code
  File "/home/luffy/.hermes/hermes-agent/tui_gateway/entry.py", line 350, in <module>
    main()
  File "/home/luffy/.hermes/hermes-agent/tui_gateway/entry.py", line 326, in main
    for raw in sys.stdin:
  File "/home/luffy/.hermes/hermes-agent/tui_gateway/entry.py", line 113, in _log_signal
    f.write("".join(traceback.format_stack(sys._current_frames().get(tid))))

--- thread Thread-2 (_loop) (id=139737658472128) ---
[tui-parent] 2026-06-30T09:04:44.270Z [lifecycle] GatewayClient.kill reason=graceful-exit-cleanup pid=35000 killed=true exitCode=null signal=null killResult=true

=== SIGTERM received · 2026-06-30 14:34:44 ===
main-thread stack at signal delivery:
  File "/home/luffy/.hermes/hermes-agent/tools/terminal_tool.py", line 1722, in _atexit_cleanup
    _stop_cleanup_thread()
  File "/home/luffy/.hermes/hermes-agent/tools/terminal_tool.py", line 1594, in _stop_cleanup_thread
    _cleanup_thread.join(timeout=5)
  File "/home/luffy/.local/share/uv/python/cpython-3.11.15-linux-x86_64-gnu/lib/python3.11/threading.py", line 1123, in join
    self._wait_for_tstate_lock(timeout=max(timeout, 0))
  File "/home/luffy/.local/share/uv/python/cpython-3.11.15-linux-x86_64-gnu/lib/python3.11/threading.py", line 1139, in _wait_for_tstate_lock
    if lock.acquire(block, timeout):

--- thread MainThread (id=139737684350784) ---
  File "/home/luffy/.hermes/hermes-agent/tools/terminal_tool.py", line 1722, in _atexit_cleanup
    _stop_cleanup_thread()
  File "/home/luffy/.hermes/hermes-agent/tools/terminal_tool.py", line 1594, in _stop_cleanup_thread
    _cleanup_thread.join(timeout=5)
  File "/home/luffy/.local/share/uv/python/cpython-3.11.15-linux-x86_64-gnu/lib/python3.11/threading.py", line 1123, in join
    self._wait_for_tstate_lock(timeout=max(timeout, 0))
  File "/home/luffy/.local/share/uv/python/cpython-3.11.15-linux-x86_64-gnu/lib/python3.11/threading.py", line 1139, in _wait_for_tstate_lock
    if lock.acquire(block, timeout):
  File "/home/luffy/.hermes/hermes-agent/tui_gateway/entry.py", line 113, in _log_signal
    f.write("".join(traceback.format_stack(sys._current_frames().get(tid))))

--- thread Thread-2 (_loop) (id=139737658472128) ---
  File "/home/luffy/.local/share/uv/python/cpython-3.11.15-linux-x86_64-gnu/lib/python3.11/threading.py", line 1002, in _bootstrap
    self._bootstrap_inner()
  File "/home/luffy/.local/share/uv/python/cpython-3.11.15-linux-x86_64-gnu/lib/python3.11/threading.py", line 1045, in _bootstrap_inner
    self.run()
  File "/home/luffy/.local/share/uv/python/cpython-3.11.15-linux-x86_64-gnu/lib/python3.11/threading.py", line 982, in run
    self._target(*self._args, **self._kwargs)
  File "/home/luffy/.hermes/hermes-agent/tui_gateway/server.py", line 839, in _loop
    time.sleep(_REAPER_SCAN_S)

--- thread Thread-8 (_notification_poller_loop) (id=139737173173952) ---
  File "/home/luffy/.local/share/uv/python/cpython-3.11.15-linux-x86_64-gnu/lib/python3.11/threading.py", line 1002, in _bootstrap
    self._bootstrap_inner()
  File "/home/luffy/.local/share/uv/python/cpython-3.11.15-linux-x86_64-gnu/lib/python3.11/threading.py", line 1045, in _bootstrap_inner
    self.run()
  File "/home/luffy/.local/share/uv/python/cpython-3.11.15-linux-x86_64-gnu/lib/python3.11/threading.py", line 982, in run
    self._target(*self._args, **self._kwargs)
  File "/home/luffy/.hermes/hermes-agent/tui_gateway/server.py", line 8213, in _notification_poller_loop
    evt = process_registry.completion_queue.get(timeout=0.5)
  File "/home/luffy/.local/share/uv/python/cpython-3.11.15-linux-x86_64-gnu/lib/python3.11/queue.py", line 180, in get
    self.not_empty.wait(remaining)
  File "/home/luffy/.local/share/uv/python/cpython-3.11.15-linux-x86_64-gnu/lib/python3.11/threading.py", line 331, in wait
    gotit = waiter.acquire(True, timeout)

--- thread Thread-12 (_cleanup_thread_worker) (id=139737546348224) ---
  File "/home/luffy/.local/share/uv/python/cpython-3.11.15-linux-x86_64-gnu/lib/python3.11/threading.py", line 1002, in _bootstrap
    self._bootstrap_inner()
  File "/home/luffy/.local/share/uv/python/cpython-3.11.15-linux-x86_64-gnu/lib/python3.11/threading.py", line 1045, in _bootstrap_inner
    self.run()
  File "/home/luffy/.local/share/uv/python/cpython-3.11.15-linux-x86_64-gnu/lib/python3.11/threading.py", line 982, in run
    self._target(*self._args, **self._kwargs)
  File "/home/luffy/.hermes/hermes-agent/tools/terminal_tool.py", line 1574, in _cleanup_thread_worker
    time.sleep(1)

--- thread Thread-370 (id=139736693864128) ---
  File "/home/luffy/.local/share/uv/python/cpython-3.11.15-linux-x86_64-gnu/lib/python3.11/threading.py", line 1002, in _bootstrap
    self._bootstrap_inner()
  File "/home/luffy/.local/share/uv/python/cpython-3.11.15-linux-x86_64-gnu/lib/python3.11/threading.py", line 1045, in _bootstrap_inner
    self.run()
  File "/home/luffy/.local/share/uv/python/cpython-3.11.15-linux-x86_64-gnu/lib/python3.11/threading.py", line 1399, in run
    self.finished.wait(self.interval)
  File "/home/luffy/.local/share/uv/python/cpython-3.11.15-linux-x86_64-gnu/lib/python3.11/threading.py", line 629, in wait
    signaled = self._cond.wait(timeout)
  File "/home/luffy/.local/share/uv/python/cpython-3.11.15-linux-x86_64-gnu/lib/python3.11/threading.py", line 331, in wait
    gotit = waiter.acquire(True, timeout)
[tui-parent] 2026-06-30T09:04:44.278Z unhandledRejection: Error: EIO: i/o error, write
[tui-parent] 2026-06-30T09:04:44.679Z [lifecycle] spawned gateway child pid=170635 killed=false exitCode=null signal=null python=/home/luffy/.hermes/hermes-agent/venv/bin/python3 cwd=/home/luffy

=== gateway exit · 2026-06-30 14:34:48 · reason=stdin EOF (TUI closed the command pipe) ===

=== unhandled exception · 2026-06-30 14:34:48 ===
Traceback (most recent call last):
  File "<frozen runpy>", line 198, in _run_module_as_main
  File "<frozen runpy>", line 88, in _run_code
  File "/home/luffy/.hermes/hermes-agent/tui_gateway/entry.py", line 350, in <module>
    main()
  File "/home/luffy/.hermes/hermes-agent/tui_gateway/entry.py", line 346, in main
    _log_exit("stdin EOF (TUI closed the command pipe)")
  File "/home/luffy/.hermes/hermes-agent/tui_gateway/entry.py", line 204, in _log_exit
    print(f"[gateway-exit] {reason}", file=sys.stderr, flush=True)
BrokenPipeError: [Errno 32] Broken pipe
[tui-parent] 2026-06-30T11:32:21.437Z [lifecycle] spawned gateway child pid=6624 killed=false exitCode=null signal=null python=/home/luffy/.hermes/hermes-agent/venv/bin/python3 cwd=/home/luffy
[tui-parent] 2026-06-30T11:37:51.663Z graceful-exit received signal=SIGHUP → killing gateway

=== SIGHUP received · 2026-06-30 17:07:51 ===
main-thread stack at signal delivery:
  File "<frozen runpy>", line 198, in _run_module_as_main
  File "<frozen runpy>", line 88, in _run_code
  File "/home/luffy/.hermes/hermes-agent/tui_gateway/entry.py", line 350, in <module>
    main()
  File "/home/luffy/.hermes/hermes-agent/tui_gateway/entry.py", line 326, in main
    for raw in sys.stdin:
  File "/home/luffy/.hermes/hermes-agent/tui_gateway/entry.py", line 113, in _log_signal
    f.write("".join(traceback.format_stack(sys._current_frames().get(tid))))
  File "/home/luffy/.local/share/uv/python/cpython-3.11.15-linux-x86_64-gnu/lib/python3.11/traceback.py", line 214, in format_stack
    return format_list(extract_stack(f, limit=limit))
  File "/home/luffy/.local/share/uv/python/cpython-3.11.15-linux-x86_64-gnu/lib/python3.11/traceback.py", line 228, in extract_stack
    stack = StackSummary.extract(walk_stack(f), limit=limit)
  File "/home/luffy/.local/share/uv/python/cpython-3.11.15-linux-x86_64-gnu/lib/python3.11/traceback.py", line 390, in extract
    return klass._extract_from_extended_frame_gen(
  File "/home/luffy/.local/share/uv/python/cpython-3.11.15-linux-x86_64-gnu/lib/python3.11/traceback.py", line 433, in _extract_from_extended_frame_gen
    f.line
  File "/home/luffy/.local/share/uv/python/cpython-3.11.15-linux-x86_64-gnu/lib/python3.11/traceback.py", line 318, in line
    self._line = linecache.getline(self.filename, self.lineno)
  File "/home/luffy/.local/share/uv/python/cpython-3.11.15-linux-x86_64-gnu/lib/python3.11/linecache.py", line 30, in getline
    lines = getlines(filename, module_globals)
  File "/home/luffy/.local/share/uv/python/cpython-3.11.15-linux-x86_64-gnu/lib/python3.11/linecache.py", line 46, in getlines
    return updatecache(filename, module_globals)
  File "/home/luffy/.local/share/uv/python/cpython-3.11.15-linux-x86_64-gnu/lib/python3.11/linecache.py", line 137, in updatecache
    lines = fp.readlines()
  File "<frozen codecs>", line 319, in decode

--- thread MainThread (id=140482655754048) ---
  File "<frozen runpy>", line 198, in _run_module_as_main
  File "<frozen runpy>", line 88, in _run_code
  File "/home/luffy/.hermes/hermes-agent/tui_gateway/entry.py", line 350, in <module>
    main()
  File "/home/luffy/.hermes/hermes-agent/tui_gateway/entry.py", line 326, in main
    for raw in sys.stdin:
  File "/home/luffy/.hermes/hermes-agent/tui_gateway/entry.py", line 113, in _log_signal
    f.write("".join(traceback.format_stack(sys._current_frames().get(tid))))
  File "/home/luffy/.local/share/uv/python/cpython-3.11.15-linux-x86_64-gnu/lib/python3.11/traceback.py", line 214, in format_stack
    return format_list(extract_stack(f, limit=limit))
  File "/home/luffy/.local/share/uv/python/cpython-3.11.15-linux-x86_64-gnu/lib/python3.11/traceback.py", line 228, in extract_stack
    stack = StackSummary.extract(walk_stack(f), limit=limit)
  File "/home/luffy/.local/share/uv/python/cpython-3.11.15-linux-x86_64-gnu/lib/python3.11/traceback.py", line 390, in extract
    return klass._extract_from_extended_frame_gen(
  File "/home/luffy/.local/share/uv/python/cpython-3.11.15-linux-x86_64-gnu/lib/python3.11/traceback.py", line 433, in _extract_from_extended_frame_gen
    f.line
  File "/home/luffy/.local/share/uv/python/cpython-3.11.15-linux-x86_64-gnu/lib/python3.11/traceback.py", line 318, in line
    self._line = linecache.getline(self.filename, self.lineno)
  File "/home/luffy/.local/share/uv/python/cpython-3.11.15-linux-x86_64-gnu/lib/python3.11/linecache.py", line 30, in getline
    lines = getlines(filename, module_globals)
  File "/home/luffy/.local/share/uv/python/cpython-3.11.15-linux-x86_64-gnu/lib/python3.11/linecache.py", line 46, in getlines
    return updatecache(filename, module_globals)
  File "/home/luffy/.local/share/uv/python/cpython-3.11.15-linux-x86_64-gnu/lib/python3.11/linecache.py", line 137, in updatecache
    lines = fp.readlines()
  File "<frozen codecs>", line 319, in decode
  File "/home/luffy/.hermes/hermes-agent/tui_gateway/entry.py", line 113, in _log_signal
    f.write("".join(traceback.format_stack(sys._current_frames().get(tid))))

--- thread Thread-2 (_loop) (id=140482621384384) ---
  File "/home/luffy/.local/share/uv/python/cpython-3.11.15-linux-x86_64-gnu/lib/python3.11/threading.py", line 1002, in _bootstrap
    self._bootstrap_inner()
  File "/home/luffy/.local/share/uv/python/cpython-3.11.15-linux-x86_64-gnu/lib/python3.11/threading.py", line 1045, in _bootstrap_inner
    self.run()
  File "/home/luffy/.local/share/uv/python/cpython-3.11.15-linux-x86_64-gnu/lib/python3.11/threading.py", line 982, in run
    self._target(*self._args, **self._kwargs)
  File "/home/luffy/.hermes/hermes-agent/tui_gateway/server.py", line 839, in _loop
    time.sleep(_REAPER_SCAN_S)

--- thread tui-rpc_0 (id=140482629777088) ---
  File "/home/luffy/.local/share/uv/python/cpython-3.11.15-linux-x86_64-gnu/lib/python3.11/threading.py", line 1002, in _bootstrap
    self._bootstrap_inner()
  File "/home/luffy/.local/share/uv/python/cpython-3.11.15-linux-x86_64-gnu/lib/python3.11/threading.py", line 1045, in _bootstrap_inner
    self.run()
  File "/home/luffy/.local/share/uv/python/cpython-3.11.15-linux-x86_64-gnu/lib/python3.11/threading.py", line 982, in run
    self._target(*self._args, **self._kwargs)
  File "/home/luffy/.local/share/uv/python/cpython-3.11.15-linux-x86_64-gnu/lib/python3.11/concurrent/futures/thread.py", line 81, in _worker
    work_item = work_queue.get(block=True)

--- thread Thread-8 (_notification_poller_loop) (id=140482144687808) ---
  File "/home/luffy/.local/share/uv/python/cpython-3.11.15-linux-x86_64-gnu/lib/python3.11/threading.py", line 1002, in _bootstrap
    self._bootstrap_inner()
  File "/home/luffy/.local/share/uv/python/cpython-3.11.15-linux-x86_64-gnu/lib/python3.11/threading.py", line 1045, in _bootstrap_inner
    self.run()
  File "/home/luffy/.local/share/uv/python/cpython-3.11.15-linux-x86_64-gnu/lib/python3.11/threading.py", line 982, in run
    self._target(*self._args, **self._kwargs)
  File "/home/luffy/.hermes/hermes-agent/tui_gateway/server.py", line 8213, in _notification_poller_loop
    evt = process_registry.completion_queue.get(timeout=0.5)
  File "/home/luffy/.local/share/uv/python/cpython-3.11.15-linux-x86_64-gnu/lib/python3.11/queue.py", line 180, in get
    self.not_empty.wait(remaining)
  File "/home/luffy/.local/share/uv/python/cpython-3.11.15-linux-x86_64-gnu/lib/python3.11/threading.py", line 331, in wait
    gotit = waiter.acquire(True, timeout)

--- thread Thread-17 (_cleanup_thread_worker) (id=140482517653184) ---
  File "/home/luffy/.local/share/uv/python/cpython-3.11.15-linux-x86_64-gnu/lib/python3.11/threading.py", line 1002, in _bootstrap
    self._bootstrap_inner()
  File "/home/luffy/.local/share/uv/python/cpython-3.11.15-linux-x86_64-gnu/lib/python3.11/threading.py", line 1045, in _bootstrap_inner
    self.run()
  File "/home/luffy/.local/share/uv/python/cpython-3.11.15-linux-x86_64-gnu/lib/python3.11/threading.py", line 982, in run
    self._target(*self._args, **self._kwargs)
  File "/home/luffy/.hermes/hermes-agent/tools/terminal_tool.py", line 1574, in _cleanup_thread_worker
    time.sleep(1)

--- thread tui-rpc_1 (id=140482129221312) ---
  File "/home/luffy/.local/share/uv/python/cpython-3.11.15-linux-x86_64-gnu/lib/python3.11/threading.py", line 1002, in _bootstrap
    self._bootstrap_inner()
  File "/home/luffy/.local/share/uv/python/cpython-3.11.15-linux-x86_64-gnu/lib/python3.11/threading.py", line 1045, in _bootstrap_inner
    self.run()
  File "/home/luffy/.local/share/uv/python/cpython-3.11.15-linux-x86_64-gnu/lib/python3.11/threading.py", line 982, in run
    self._target(*self._args, **self._kwargs)
  File "/home/luffy/.local/share/uv/python/cpython-3.11.15-linux-x86_64-gnu/lib/python3.11/concurrent/futures/thread.py", line 81, in _worker
    work_item = work_queue.get(block=True)
[tui-parent] 2026-06-30T11:37:51.706Z uncaughtException: Error: write EIO

=== SIGHUP received · 2026-06-30 17:07:51 ===
main-thread stack at signal delivery:
  File "<frozen runpy>", line 198, in _run_module_as_main
  File "<frozen runpy>", line 88, in _run_code
  File "/home/luffy/.hermes/hermes-agent/tui_gateway/entry.py", line 350, in <module>
    main()
  File "/home/luffy/.hermes/hermes-agent/tui_gateway/entry.py", line 326, in main
    for raw in sys.stdin:

--- thread MainThread (id=140482655754048) ---
  File "<frozen runpy>", line 198, in _run_module_as_main
  File "<frozen runpy>", line 88, in _run_code
  File "/home/luffy/.hermes/hermes-agent/tui_gateway/entry.py", line 350, in <module>
    main()
  File "/home/luffy/.hermes/hermes-agent/tui_gateway/entry.py", line 326, in main
    for raw in sys.stdin:
  File "/home/luffy/.hermes/hermes-agent/tui_gateway/entry.py", line 113, in _log_signal
    f.write("".join(traceback.format_stack(sys._current_frames().get(tid))))

--- thread Thread-2 (_loop) (id=140482621384384) ---
[tui-parent] 2026-06-30T11:37:51.716Z [lifecycle] GatewayClient.kill reason=graceful-exit-cleanup pid=6624 killed=true exitCode=null signal=null killResult=true

=== SIGTERM received · 2026-06-30 17:07:51 ===
main-thread stack at signal delivery:
  File "/home/luffy/.hermes/hermes-agent/tools/terminal_tool.py", line 1722, in _atexit_cleanup
    _stop_cleanup_thread()
  File "/home/luffy/.hermes/hermes-agent/tools/terminal_tool.py", line 1594, in _stop_cleanup_thread
    _cleanup_thread.join(timeout=5)
  File "/home/luffy/.local/share/uv/python/cpython-3.11.15-linux-x86_64-gnu/lib/python3.11/threading.py", line 1123, in join
    self._wait_for_tstate_lock(timeout=max(timeout, 0))
  File "/home/luffy/.local/share/uv/python/cpython-3.11.15-linux-x86_64-gnu/lib/python3.11/threading.py", line 1139, in _wait_for_tstate_lock
    if lock.acquire(block, timeout):

--- thread MainThread (id=140482655754048) ---
  File "/home/luffy/.hermes/hermes-agent/tools/terminal_tool.py", line 1722, in _atexit_cleanup
    _stop_cleanup_thread()
  File "/home/luffy/.hermes/hermes-agent/tools/terminal_tool.py", line 1594, in _stop_cleanup_thread
    _cleanup_thread.join(timeout=5)
  File "/home/luffy/.local/share/uv/python/cpython-3.11.15-linux-x86_64-gnu/lib/python3.11/threading.py", line 1123, in join
    self._wait_for_tstate_lock(timeout=max(timeout, 0))
  File "/home/luffy/.local/share/uv/python/cpython-3.11.15-linux-x86_64-gnu/lib/python3.11/threading.py", line 1139, in _wait_for_tstate_lock
    if lock.acquire(block, timeout):
  File "/home/luffy/.hermes/hermes-agent/tui_gateway/entry.py", line 113, in _log_signal
    f.write("".join(traceback.format_stack(sys._current_frames().get(tid))))

--- thread Thread-2 (_loop) (id=140482621384384) ---
  File "/home/luffy/.local/share/uv/python/cpython-3.11.15-linux-x86_64-gnu/lib/python3.11/threading.py", line 1002, in _bootstrap
    self._bootstrap_inner()
  File "/home/luffy/.local/share/uv/python/cpython-3.11.15-linux-x86_64-gnu/lib/python3.11/threading.py", line 1045, in _bootstrap_inner
    self.run()
  File "/home/luffy/.local/share/uv/python/cpython-3.11.15-linux-x86_64-gnu/lib/python3.11/threading.py", line 982, in run
    self._target(*self._args, **self._kwargs)
  File "/home/luffy/.hermes/hermes-agent/tui_gateway/server.py", line 839, in _loop
    time.sleep(_REAPER_SCAN_S)

--- thread Thread-8 (_notification_poller_loop) (id=140482144687808) ---
  File "/home/luffy/.local/share/uv/python/cpython-3.11.15-linux-x86_64-gnu/lib/python3.11/threading.py", line 1002, in _bootstrap
    self._bootstrap_inner()
  File "/home/luffy/.local/share/uv/python/cpython-3.11.15-linux-x86_64-gnu/lib/python3.11/threading.py", line 1045, in _bootstrap_inner
    self.run()
  File "/home/luffy/.local/share/uv/python/cpython-3.11.15-linux-x86_64-gnu/lib/python3.11/threading.py", line 982, in run
    self._target(*self._args, **self._kwargs)
  File "/home/luffy/.hermes/hermes-agent/tui_gateway/server.py", line 8213, in _notification_poller_loop
    evt = process_registry.completion_queue.get(timeout=0.5)
  File "/home/luffy/.local/share/uv/python/cpython-3.11.15-linux-x86_64-gnu/lib/python3.11/queue.py", line 180, in get
    self.not_empty.wait(remaining)
  File "/home/luffy/.local/share/uv/python/cpython-3.11.15-linux-x86_64-gnu/lib/python3.11/threading.py", line 331, in wait
    gotit = waiter.acquire(True, timeout)

--- thread Thread-17 (_cleanup_thread_worker) (id=140482517653184) ---
  File "/home/luffy/.local/share/uv/python/cpython-3.11.15-linux-x86_64-gnu/lib/python3.11/threading.py", line 1002, in _bootstrap
    self._bootstrap_inner()
  File "/home/luffy/.local/share/uv/python/cpython-3.11.15-linux-x86_64-gnu/lib/python3.11/threading.py", line 1045, in _bootstrap_inner
    self.run()
  File "/home/luffy/.local/share/uv/python/cpython-3.11.15-linux-x86_64-gnu/lib/python3.11/threading.py", line 982, in run
    self._target(*self._args, **self._kwargs)
  File "/home/luffy/.hermes/hermes-agent/tools/terminal_tool.py", line 1574, in _cleanup_thread_worker
    time.sleep(1)

--- thread Thread-67 (id=140482526045888) ---
  File "/home/luffy/.local/share/uv/python/cpython-3.11.15-linux-x86_64-gnu/lib/python3.11/threading.py", line 1002, in _bootstrap
    self._bootstrap_inner()
  File "/home/luffy/.local/share/uv/python/cpython-3.11.15-linux-x86_64-gnu/lib/python3.11/threading.py", line 1045, in _bootstrap_inner
    self.run()
  File "/home/luffy/.local/share/uv/python/cpython-3.11.15-linux-x86_64-gnu/lib/python3.11/threading.py", line 1399, in run
    self.finished.wait(self.interval)
  File "/home/luffy/.local/share/uv/python/cpython-3.11.15-linux-x86_64-gnu/lib/python3.11/threading.py", line 629, in wait
    signaled = self._cond.wait(timeout)
  File "/home/luffy/.local/share/uv/python/cpython-3.11.15-linux-x86_64-gnu/lib/python3.11/threading.py", line 331, in wait
    gotit = waiter.acquire(True, timeout)
[tui-parent] 2026-06-30T11:37:51.725Z unhandledRejection: Error: EIO: i/o error, write
[tui-parent] 2026-06-30T11:37:52.364Z [lifecycle] spawned gateway child pid=16568 killed=false exitCode=null signal=null python=/home/luffy/.hermes/hermes-agent/venv/bin/python3 cwd=/home/luffy

=== gateway exit · 2026-06-30 17:07:55 · reason=stdin EOF (TUI closed the command pipe) ===

=== unhandled exception · 2026-06-30 17:07:55 ===
Traceback (most recent call last):
  File "<frozen runpy>", line 198, in _run_module_as_main
  File "<frozen runpy>", line 88, in _run_code
  File "/home/luffy/.hermes/hermes-agent/tui_gateway/entry.py", line 350, in <module>
    main()
  File "/home/luffy/.hermes/hermes-agent/tui_gateway/entry.py", line 346, in main
    _log_exit("stdin EOF (TUI closed the command pipe)")
  File "/home/luffy/.hermes/hermes-agent/tui_gateway/entry.py", line 204, in _log_exit
    print(f"[gateway-exit] {reason}", file=sys.stderr, flush=True)
BrokenPipeError: [Errno 32] Broken pipe
[tui-parent] 2026-06-30T11:38:37.678Z [lifecycle] spawned gateway child pid=17913 killed=false exitCode=null signal=null python=/home/luffy/.hermes/hermes-agent/venv/bin/python3 cwd=/home/luffy
[tui-parent] 2026-06-30T12:07:33.260Z graceful-exit received signal=SIGHUP → killing gateway

=== SIGHUP received · 2026-06-30 17:37:33 ===
main-thread stack at signal delivery:
  File "<frozen runpy>", line 198, in _run_module_as_main
  File "<frozen runpy>", line 88, in _run_code
  File "/home/luffy/.hermes/hermes-agent/tui_gateway/entry.py", line 350, in <module>
    main()
  File "/home/luffy/.hermes/hermes-agent/tui_gateway/entry.py", line 326, in main
    for raw in sys.stdin:

--- thread MainThread (id=140429228529472) ---
  File "<frozen runpy>", line 198, in _run_module_as_main
  File "<frozen runpy>", line 88, in _run_code
  File "/home/luffy/.hermes/hermes-agent/tui_gateway/entry.py", line 350, in <module>
    main()
  File "/home/luffy/.hermes/hermes-agent/tui_gateway/entry.py", line 326, in main
    for raw in sys.stdin:
  File "/home/luffy/.hermes/hermes-agent/tui_gateway/entry.py", line 113, in _log_signal
    f.write("".join(traceback.format_stack(sys._current_frames().get(tid))))

--- thread Thread-2 (_loop) (id=140429123122880) ---
  File "/home/luffy/.local/share/uv/python/cpython-3.11.15-linux-x86_64-gnu/lib/python3.11/threading.py", line 1002, in _bootstrap
    self._bootstrap_inner()
  File "/home/luffy/.local/share/uv/python/cpython-3.11.15-linux-x86_64-gnu/lib/python3.11/threading.py", line 1045, in _bootstrap_inner
    self.run()
  File "/home/luffy/.local/share/uv/python/cpython-3.11.15-linux-x86_64-gnu/lib/python3.11/threading.py", line 982, in run
    self._target(*self._args, **self._kwargs)
  File "/home/luffy/.hermes/hermes-agent/tui_gateway/server.py", line 839, in _loop
    time.sleep(_REAPER_SCAN_S)
[tui-parent] 2026-06-30T12:07:33.312Z uncaughtException: Error: write EIO
[tui-parent] 2026-06-30T12:07:33.324Z [lifecycle] GatewayClient.kill reason=graceful-exit-cleanup pid=17913 killed=true exitCode=null signal=null killResult=true

=== SIGTERM received · 2026-06-30 17:37:33 ===
main-thread stack at signal delivery:
  File "/home/luffy/.hermes/hermes-agent/tools/terminal_tool.py", line 1722, in _atexit_cleanup
    _stop_cleanup_thread()
  File "/home/luffy/.hermes/hermes-agent/tools/terminal_tool.py", line 1594, in _stop_cleanup_thread
    _cleanup_thread.join(timeout=5)
  File "/home/luffy/.local/share/uv/python/cpython-3.11.15-linux-x86_64-gnu/lib/python3.11/threading.py", line 1123, in join
    self._wait_for_tstate_lock(timeout=max(timeout, 0))
  File "/home/luffy/.local/share/uv/python/cpython-3.11.15-linux-x86_64-gnu/lib/python3.11/threading.py", line 1139, in _wait_for_tstate_lock
    if lock.acquire(block, timeout):
  File "/home/luffy/.hermes/hermes-agent/tui_gateway/entry.py", line 107, in _log_signal
    traceback.print_stack(frame, file=f)
  File "/home/luffy/.local/share/uv/python/cpython-3.11.15-linux-x86_64-gnu/lib/python3.11/traceback.py", line 207, in print_stack
    print_list(extract_stack(f, limit=limit), file=file)
  File "/home/luffy/.local/share/uv/python/cpython-3.11.15-linux-x86_64-gnu/lib/python3.11/traceback.py", line 228, in extract_stack
    stack = StackSummary.extract(walk_stack(f), limit=limit)
  File "/home/luffy/.local/share/uv/python/cpython-3.11.15-linux-x86_64-gnu/lib/python3.11/traceback.py", line 390, in extract
    return klass._extract_from_extended_frame_gen(
  File "/home/luffy/.local/share/uv/python/cpython-3.11.15-linux-x86_64-gnu/lib/python3.11/traceback.py", line 433, in _extract_from_extended_frame_gen
    f.line
  File "/home/luffy/.local/share/uv/python/cpython-3.11.15-linux-x86_64-gnu/lib/python3.11/traceback.py", line 318, in line
    self._line = linecache.getline(self.filename, self.lineno)
  File "/home/luffy/.local/share/uv/python/cpython-3.11.15-linux-x86_64-gnu/lib/python3.11/linecache.py", line 30, in getline
    lines = getlines(filename, module_globals)
  File "/home/luffy/.local/share/uv/python/cpython-3.11.15-linux-x86_64-gnu/lib/python3.11/linecache.py", line 46, in getlines
    return updatecache(filename, module_globals)
  File "/home/luffy/.local/share/uv/python/cpython-3.11.15-linux-x86_64-gnu/lib/python3.11/linecache.py", line 137, in updatecache
    lines = fp.readlines()
  File "<frozen codecs>", line 319, in decode

--- thread MainThread (id=140429228529472) ---
  File "/home/luffy/.hermes/hermes-agent/tools/terminal_tool.py", line 1722, in _atexit_cleanup
    _stop_cleanup_thread()
  File "/home/luffy/.hermes/hermes-agent/tools/terminal_tool.py", line 1594, in _stop_cleanup_thread
    _cleanup_thread.join(timeout=5)
  File "/home/luffy/.local/share/uv/python/cpython-3.11.15-linux-x86_64-gnu/lib/python3.11/threading.py", line 1123, in join
    self._wait_for_tstate_lock(timeout=max(timeout, 0))
  File "/home/luffy/.local/share/uv/python/cpython-3.11.15-linux-x86_64-gnu/lib/python3.11/threading.py", line 1139, in _wait_for_tstate_lock
    if lock.acquire(block, timeout):
  File "/home/luffy/.hermes/hermes-agent/tui_gateway/entry.py", line 107, in _log_signal
    traceback.print_stack(frame, file=f)
  File "/home/luffy/.local/share/uv/python/cpython-3.11.15-linux-x86_64-gnu/lib/python3.11/traceback.py", line 207, in print_stack
    print_list(extract_stack(f, limit=limit), file=file)
  File "/home/luffy/.local/share/uv/python/cpython-3.11.15-linux-x86_64-gnu/lib/python3.11/traceback.py", line 228, in extract_stack
    stack = StackSummary.extract(walk_stack(f), limit=limit)
  File "/home/luffy/.local/share/uv/python/cpython-3.11.15-linux-x86_64-gnu/lib/python3.11/traceback.py", line 390, in extract
    return klass._extract_from_extended_frame_gen(
  File "/home/luffy/.local/share/uv/python/cpython-3.11.15-linux-x86_64-gnu/lib/python3.11/traceback.py", line 433, in _extract_from_extended_frame_gen
    f.line
  File "/home/luffy/.local/share/uv/python/cpython-3.11.15-linux-x86_64-gnu/lib/python3.11/traceback.py", line 318, in line
    self._line = linecache.getline(self.filename, self.lineno)
  File "/home/luffy/.local/share/uv/python/cpython-3.11.15-linux-x86_64-gnu/lib/python3.11/linecache.py", line 30, in getline
    lines = getlines(filename, module_globals)
  File "/home/luffy/.local/share/uv/python/cpython-3.11.15-linux-x86_64-gnu/lib/python3.11/linecache.py", line 46, in getlines
    return updatecache(filename, module_globals)
  File "/home/luffy/.local/share/uv/python/cpython-3.11.15-linux-x86_64-gnu/lib/python3.11/linecache.py", line 137, in updatecache
    lines = fp.readlines()
  File "<frozen codecs>", line 319, in decode
  File "/home/luffy/.hermes/hermes-agent/tui_gateway/entry.py", line 113, in _log_signal
    f.write("".join(traceback.format_stack(sys._current_frames().get(tid))))

--- thread Thread-2 (_loop) (id=140429123122880) ---
  File "/home/luffy/.local/share/uv/python/cpython-3.11.15-linux-x86_64-gnu/lib/python3.11/threading.py", line 1002, in _bootstrap
    self._bootstrap_inner()
  File "/home/luffy/.local/share/uv/python/cpython-3.11.15-linux-x86_64-gnu/lib/python3.11/threading.py", line 1045, in _bootstrap_inner
    self.run()
  File "/home/luffy/.local/share/uv/python/cpython-3.11.15-linux-x86_64-gnu/lib/python3.11/threading.py", line 982, in run
    self._target(*self._args, **self._kwargs)
  File "/home/luffy/.hermes/hermes-agent/tui_gateway/server.py", line 839, in _loop
    time.sleep(_REAPER_SCAN_S)

--- thread Thread-8 (_notification_poller_loop) (id=140428715226816) ---
  File "/home/luffy/.local/share/uv/python/cpython-3.11.15-linux-x86_64-gnu/lib/python3.11/threading.py", line 1002, in _bootstrap
    self._bootstrap_inner()
  File "/home/luffy/.local/share/uv/python/cpython-3.11.15-linux-x86_64-gnu/lib/python3.11/threading.py", line 1045, in _bootstrap_inner
    self.run()
  File "/home/luffy/.local/share/uv/python/cpython-3.11.15-linux-x86_64-gnu/lib/python3.11/threading.py", line 982, in run
    self._target(*self._args, **self._kwargs)
  File "/home/luffy/.hermes/hermes-agent/tui_gateway/server.py", line 8213, in _notification_poller_loop
    evt = process_registry.completion_queue.get(timeout=0.5)
  File "/home/luffy/.local/share/uv/python/cpython-3.11.15-linux-x86_64-gnu/lib/python3.11/queue.py", line 180, in get
    self.not_empty.wait(remaining)
  File "/home/luffy/.local/share/uv/python/cpython-3.11.15-linux-x86_64-gnu/lib/python3.11/threading.py", line 331, in wait
    gotit = waiter.acquire(True, timeout)

--- thread Thread-13 (_cleanup_thread_worker) (id=140429090604736) ---
  File "/home/luffy/.local/share/uv/python/cpython-3.11.15-linux-x86_64-gnu/lib/python3.11/threading.py", line 1002, in _bootstrap
    self._bootstrap_inner()
  File "/home/luffy/.local/share/uv/python/cpython-3.11.15-linux-x86_64-gnu/lib/python3.11/threading.py", line 1045, in _bootstrap_inner
    self.run()
  File "/home/luffy/.local/share/uv/python/cpython-3.11.15-linux-x86_64-gnu/lib/python3.11/threading.py", line 982, in run
    self._target(*self._args, **self._kwargs)
  File "/home/luffy/.hermes/hermes-agent/tools/terminal_tool.py", line 1574, in _cleanup_thread_worker
    time.sleep(1)

--- thread Thread-328 (id=140429098997440) ---
  File "/home/luffy/.local/share/uv/python/cpython-3.11.15-linux-x86_64-gnu/lib/python3.11/threading.py", line 1002, in _bootstrap
    self._bootstrap_inner()
  File "/home/luffy/.local/share/uv/python/cpython-3.11.15-linux-x86_64-gnu/lib/python3.11/threading.py", line 1045, in _bootstrap_inner
    self.run()
  File "/home/luffy/.local/share/uv/python/cpython-3.11.15-linux-x86_64-gnu/lib/python3.11/threading.py", line 1399, in run
    self.finished.wait(self.interval)
  File "/home/luffy/.local/share/uv/python/cpython-3.11.15-linux-x86_64-gnu/lib/python3.11/threading.py", line 629, in wait
    signaled = self._cond.wait(timeout)
  File "/home/luffy/.local/share/uv/python/cpython-3.11.15-linux-x86_64-gnu/lib/python3.11/threading.py", line 331, in wait
    gotit = waiter.acquire(True, timeout)

=== SIGHUP received · 2026-06-30 17:37:33 ===
main-thread stack at signal delivery:
[tui-parent] 2026-06-30T12:07:33.336Z unhandledRejection: Error: EIO: i/o error, write
[tui-parent] 2026-06-30T12:07:33.840Z [lifecycle] spawned gateway child pid=78211 killed=false exitCode=null signal=null python=/home/luffy/.hermes/hermes-agent/venv/bin/python3 cwd=/home/luffy

=== gateway exit · 2026-06-30 17:37:37 · reason=stdin EOF (TUI closed the command pipe) ===

=== unhandled exception · 2026-06-30 17:37:37 ===
Traceback (most recent call last):
  File "<frozen runpy>", line 198, in _run_module_as_main
  File "<frozen runpy>", line 88, in _run_code
  File "/home/luffy/.hermes/hermes-agent/tui_gateway/entry.py", line 350, in <module>
    main()
  File "/home/luffy/.hermes/hermes-agent/tui_gateway/entry.py", line 346, in main
    _log_exit("stdin EOF (TUI closed the command pipe)")
  File "/home/luffy/.hermes/hermes-agent/tui_gateway/entry.py", line 204, in _log_exit
    print(f"[gateway-exit] {reason}", file=sys.stderr, flush=True)
BrokenPipeError: [Errno 32] Broken pipe
[tui-parent] 2026-06-30T13:57:38.346Z [lifecycle] spawned gateway child pid=37169 killed=false exitCode=null signal=null python=/home/luffy/.hermes/hermes-agent/venv/bin/python3 cwd=/home/luffy/Documents/DSA
[tui-parent] 2026-06-30T14:08:27.291Z [lifecycle] GatewayClient.kill reason=app.die pid=37169 killed=true exitCode=null signal=null killResult=true

=== SIGTERM received · 2026-06-30 19:38:27 ===
main-thread stack at signal delivery:
  File "<frozen runpy>", line 198, in _run_module_as_main
  File "<frozen runpy>", line 88, in _run_code
  File "/home/luffy/.hermes/hermes-agent/tui_gateway/entry.py", line 350, in <module>
    main()
  File "/home/luffy/.hermes/hermes-agent/tui_gateway/entry.py", line 326, in main
    for raw in sys.stdin:

--- thread MainThread (id=140475225630528) ---
  File "<frozen runpy>", line 198, in _run_module_as_main
  File "<frozen runpy>", line 88, in _run_code
  File "/home/luffy/.hermes/hermes-agent/tui_gateway/entry.py", line 350, in <module>
    main()
  File "/home/luffy/.hermes/hermes-agent/tui_gateway/entry.py", line 326, in main
    for raw in sys.stdin:
  File "/home/luffy/.hermes/hermes-agent/tui_gateway/entry.py", line 113, in _log_signal
    f.write("".join(traceback.format_stack(sys._current_frames().get(tid))))

--- thread Thread-2 (_loop) (id=140475199796928) ---
  File "/home/luffy/.local/share/uv/python/cpython-3.11.15-linux-x86_64-gnu/lib/python3.11/threading.py", line 1002, in _bootstrap
    self._bootstrap_inner()
  File "/home/luffy/.local/share/uv/python/cpython-3.11.15-linux-x86_64-gnu/lib/python3.11/threading.py", line 1045, in _bootstrap_inner
    self.run()
  File "/home/luffy/.local/share/uv/python/cpython-3.11.15-linux-x86_64-gnu/lib/python3.11/threading.py", line 982, in run
    self._target(*self._args, **self._kwargs)
  File "/home/luffy/.hermes/hermes-agent/tui_gateway/server.py", line 839, in _loop
    time.sleep(_REAPER_SCAN_S)

--- thread tui-rpc_0 (id=140475191404224) ---
  File "/home/luffy/.local/share/uv/python/cpython-3.11.15-linux-x86_64-gnu/lib/python3.11/threading.py", line 1002, in _bootstrap
    self._bootstrap_inner()
  File "/home/luffy/.local/share/uv/python/cpython-3.11.15-linux-x86_64-gnu/lib/python3.11/threading.py", line 1045, in _bootstrap_inner
    self.run()
  File "/home/luffy/.local/share/uv/python/cpython-3.11.15-linux-x86_64-gnu/lib/python3.11/threading.py", line 982, in run
    self._target(*self._args, **self._kwargs)
  File "/home/luffy/.local/share/uv/python/cpython-3.11.15-linux-x86_64-gnu/lib/python3.11/concurrent/futures/thread.py", line 81, in _worker
    work_item = work_queue.get(block=True)

--- thread Thread-6 (_drain_stdout) (id=140474958476992) ---
  File "/home/luffy/.local/share/uv/python/cpython-3.11.15-linux-x86_64-gnu/lib/python3.11/threading.py", line 1002, in _bootstrap
    self._bootstrap_inner()
  File "/home/luffy/.local/share/uv/python/cpython-3.11.15-linux-x86_64-gnu/lib/python3.11/threading.py", line 1045, in _bootstrap_inner
    self.run()
  File "/home/luffy/.local/share/uv/python/cpython-3.11.15-linux-x86_64-gnu/lib/python3.11/threading.py", line 982, in run
    self._target(*self._args, **self._kwargs)
  File "/home/luffy/.hermes/hermes-agent/tui_gateway/server.py", line 297, in _drain_stdout
    for line in self.proc.stdout or []:

--- thread Thread-7 (_drain_stderr) (id=140475172280000) ---
  File "/home/luffy/.local/share/uv/python/cpython-3.11.15-linux-x86_64-gnu/lib/python3.11/threading.py", line 1002, in _bootstrap
    self._bootstrap_inner()
  File "/home/luffy/.local/share/uv/python/cpython-3.11.15-linux-x86_64-gnu/lib/python3.11/threading.py", line 1045, in _bootstrap_inner
    self.run()
  File "/home/luffy/.local/share/uv/python/cpython-3.11.15-linux-x86_64-gnu/lib/python3.11/threading.py", line 982, in run
    self._target(*self._args, **self._kwargs)
  File "/home/luffy/.hermes/hermes-agent/tui_gateway/server.py", line 305, in _drain_stderr
    for line in self.proc.stderr or []:

--- thread Thread-8 (_notification_poller_loop) (id=140474781587136) ---
  File "/home/luffy/.local/share/uv/python/cpython-3.11.15-linux-x86_64-gnu/lib/python3.11/threading.py", line 1002, in _bootstrap
    self._bootstrap_inner()
  File "/home/luffy/.local/share/uv/python/cpython-3.11.15-linux-x86_64-gnu/lib/python3.11/threading.py", line 1045, in _bootstrap_inner
    self.run()
  File "/home/luffy/.local/share/uv/python/cpython-3.11.15-linux-x86_64-gnu/lib/python3.11/threading.py", line 982, in run
    self._target(*self._args, **self._kwargs)
  File "/home/luffy/.hermes/hermes-agent/tui_gateway/server.py", line 8213, in _notification_poller_loop
    evt = process_registry.completion_queue.get(timeout=0.5)
  File "/home/luffy/.local/share/uv/python/cpython-3.11.15-linux-x86_64-gnu/lib/python3.11/queue.py", line 180, in get
    self.not_empty.wait(remaining)
  File "/home/luffy/.local/share/uv/python/cpython-3.11.15-linux-x86_64-gnu/lib/python3.11/threading.py", line 331, in wait
    gotit = waiter.acquire(True, timeout)
[tui-parent] 2026-06-30T14:09:58.523Z [lifecycle] spawned gateway child pid=61446 killed=false exitCode=null signal=null python=/home/luffy/.hermes/hermes-agent/venv/bin/python3 cwd=/home/luffy
[tui-parent] 2026-06-30T16:07:11.220Z uncaughtException: Error: write EIO

=== SIGHUP received · 2026-06-30 21:37:11 ===
main-thread stack at signal delivery:
  File "<frozen runpy>", line 198, in _run_module_as_main
  File "<frozen runpy>", line 88, in _run_code
  File "/home/luffy/.hermes/hermes-agent/tui_gateway/entry.py", line 350, in <module>
    main()
  File "/home/luffy/.hermes/hermes-agent/tui_gateway/entry.py", line 326, in main
    for raw in sys.stdin:
  File "/home/luffy/.hermes/hermes-agent/tui_gateway/entry.py", line 113, in _log_signal
    f.write("".join(traceback.format_stack(sys._current_frames().get(tid))))
  File "/home/luffy/.local/share/uv/python/cpython-3.11.15-linux-x86_64-gnu/lib/python3.11/traceback.py", line 214, in format_stack
    return format_list(extract_stack(f, limit=limit))
  File "/home/luffy/.local/share/uv/python/cpython-3.11.15-linux-x86_64-gnu/lib/python3.11/traceback.py", line 228, in extract_stack
    stack = StackSummary.extract(walk_stack(f), limit=limit)
  File "/home/luffy/.local/share/uv/python/cpython-3.11.15-linux-x86_64-gnu/lib/python3.11/traceback.py", line 390, in extract
    return klass._extract_from_extended_frame_gen(
  File "/home/luffy/.local/share/uv/python/cpython-3.11.15-linux-x86_64-gnu/lib/python3.11/traceback.py", line 433, in _extract_from_extended_frame_gen
    f.line
  File "/home/luffy/.local/share/uv/python/cpython-3.11.15-linux-x86_64-gnu/lib/python3.11/traceback.py", line 318, in line
    self._line = linecache.getline(self.filename, self.lineno)
  File "/home/luffy/.local/share/uv/python/cpython-3.11.15-linux-x86_64-gnu/lib/python3.11/linecache.py", line 30, in getline
    lines = getlines(filename, module_globals)
  File "/home/luffy/.local/share/uv/python/cpython-3.11.15-linux-x86_64-gnu/lib/python3.11/linecache.py", line 46, in getlines
    return updatecache(filename, module_globals)
  File "/home/luffy/.local/share/uv/python/cpython-3.11.15-linux-x86_64-gnu/lib/python3.11/linecache.py", line 137, in updatecache
    lines = fp.readlines()
  File "<frozen codecs>", line 319, in decode

--- thread MainThread (id=139945865459520) ---
  File "<frozen runpy>", line 198, in _run_module_as_main
  File "<frozen runpy>", line 88, in _run_code
  File "/home/luffy/.hermes/hermes-agent/tui_gateway/entry.py", line 350, in <module>
    main()
  File "/home/luffy/.hermes/hermes-agent/tui_gateway/entry.py", line 326, in main
    for raw in sys.stdin:
  File "/home/luffy/.hermes/hermes-agent/tui_gateway/entry.py", line 113, in _log_signal
    f.write("".join(traceback.format_stack(sys._current_frames().get(tid))))
  File "/home/luffy/.local/share/uv/python/cpython-3.11.15-linux-x86_64-gnu/lib/python3.11/traceback.py", line 214, in format_stack
    return format_list(extract_stack(f, limit=limit))
  File "/home/luffy/.local/share/uv/python/cpython-3.11.15-linux-x86_64-gnu/lib/python3.11/traceback.py", line 228, in extract_stack
    stack = StackSummary.extract(walk_stack(f), limit=limit)
  File "/home/luffy/.local/share/uv/python/cpython-3.11.15-linux-x86_64-gnu/lib/python3.11/traceback.py", line 390, in extract
    return klass._extract_from_extended_frame_gen(
  File "/home/luffy/.local/share/uv/python/cpython-3.11.15-linux-x86_64-gnu/lib/python3.11/traceback.py", line 433, in _extract_from_extended_frame_gen
    f.line
  File "/home/luffy/.local/share/uv/python/cpython-3.11.15-linux-x86_64-gnu/lib/python3.11/traceback.py", line 318, in line
    self._line = linecache.getline(self.filename, self.lineno)
  File "/home/luffy/.local/share/uv/python/cpython-3.11.15-linux-x86_64-gnu/lib/python3.11/linecache.py", line 30, in getline
    lines = getlines(filename, module_globals)
  File "/home/luffy/.local/share/uv/python/cpython-3.11.15-linux-x86_64-gnu/lib/python3.11/linecache.py", line 46, in getlines
    return updatecache(filename, module_globals)
  File "/home/luffy/.local/share/uv/python/cpython-3.11.15-linux-x86_64-gnu/lib/python3.11/linecache.py", line 137, in updatecache
    lines = fp.readlines()
  File "<frozen codecs>", line 319, in decode
  File "/home/luffy/.hermes/hermes-agent/tui_gateway/entry.py", line 113, in _log_signal
    f.write("".join(traceback.format_stack(sys._current_frames().get(tid))))

--- thread Thread-2 (_loop) (id=139945839580864) ---
  File "/home/luffy/.local/share/uv/python/cpython-3.11.15-linux-x86_64-gnu/lib/python3.11/threading.py", line 1002, in _bootstrap
    self._bootstrap_inner()
  File "/home/luffy/.local/share/uv/python/cpython-3.11.15-linux-x86_64-gnu/lib/python3.11/threading.py", line 1045, in _bootstrap_inner
    self.run()
  File "/home/luffy/.local/share/uv/python/cpython-3.11.15-linux-x86_64-gnu/lib/python3.11/threading.py", line 982, in run
    self._target(*self._args, **self._kwargs)
  File "/home/luffy/.hermes/hermes-agent/tui_gateway/server.py", line 839, in _loop
    time.sleep(_REAPER_SCAN_S)

--- thread tui-rpc_0 (id=139945830139584) ---
  File "/home/luffy/.local/share/uv/python/cpython-3.11.15-linux-x86_64-gnu/lib/python3.11/threading.py", line 1002, in _bootstrap
    self._bootstrap_inner()
  File "/home/luffy/.local/share/uv/python/cpython-3.11.15-linux-x86_64-gnu/lib/python3.11/threading.py", line 1045, in _bootstrap_inner
    self.run()
  File "/home/luffy/.local/share/uv/python/cpython-3.11.15-linux-x86_64-gnu/lib/python3.11/threading.py", line 982, in run
    self._target(*self._args, **self._kwargs)
  File "/home/luffy/.local/share/uv/python/cpython-3.11.15-linux-x86_64-gnu/lib/python3.11/concurrent/futures/thread.py", line 81, in _worker
    work_item = work_queue.get(block=True)

--- thread Thread-8 (_notification_poller_loop) (id=139945354172096) ---
  File "/home/luffy/.local/share/uv/python/cpython-3.11.15-linux-x86_64-gnu/lib/python3.11/threading.py", line 1002, in _bootstrap
    self._bootstrap_inner()
  File "/home/luffy/.local/share/uv/python/cpython-3.11.15-linux-x86_64-gnu/lib/python3.11/threading.py", line 1045, in _bootstrap_inner
    self.run()
  File "/home/luffy/.local/share/uv/python/cpython-3.11.15-linux-x86_64-gnu/lib/python3.11/threading.py", line 982, in run
    self._target(*self._args, **self._kwargs)
  File "/home/luffy/.hermes/hermes-agent/tui_gateway/server.py", line 8213, in _notification_poller_loop
    evt = process_registry.completion_queue.get(timeout=0.5)
  File "/home/luffy/.local/share/uv/python/cpython-3.11.15-linux-x86_64-gnu/lib/python3.11/queue.py", line 180, in get
    self.not_empty.wait(remaining)
  File "/home/luffy/.local/share/uv/python/cpython-3.11.15-linux-x86_64-gnu/lib/python3.11/threading.py", line 331, in wait
    gotit = waiter.acquire(True, timeout)

--- thread Thread-18 (_cleanup_thread_worker) (id=139945268213440) ---
  File "/home/luffy/.local/share/uv/python/cpython-3.11.15-linux-x86_64-gnu/lib/python3.11/threading.py", line 1002, in _bootstrap
    self._bootstrap_inner()
  File "/home/luffy/.local/share/uv/python/cpython-3.11.15-linux-x86_64-gnu/lib/python3.11/threading.py", line 1045, in _bootstrap_inner
    self.run()
  File "/home/luffy/.local/share/uv/python/cpython-3.11.15-linux-x86_64-gnu/lib/python3.11/threading.py", line 982, in run
    self._target(*self._args, **self._kwargs)
  File "/home/luffy/.hermes/hermes-agent/tools/terminal_tool.py", line 1574, in _cleanup_thread_worker
    time.sleep(1)

--- thread hermes-lsp-loop (id=139945721190080) ---
  File "/home/luffy/.local/share/uv/python/cpython-3.11.15-linux-x86_64-gnu/lib/python3.11/threading.py", line 1002, in _bootstrap
    self._bootstrap_inner()
  File "/home/luffy/.local/share/uv/python/cpython-3.11.15-linux-x86_64-gnu/lib/python3.11/threading.py", line 1045, in _bootstrap_inner
    self.run()
  File "/home/luffy/.local/share/uv/python/cpython-3.11.15-linux-x86_64-gnu/lib/python3.11/threading.py", line 982, in run
    self._target(*self._args, **self._kwargs)
  File "/home/luffy/.hermes/hermes-agent/agent/lsp/manager.py", line 93, in _run_forever
    loop.run_forever()
  File "/home/luffy/.local/share/uv/python/cpython-3.11.15-linux-x86_64-gnu/lib/python3.11/asyncio/base_events.py", line 608, in run_forever
    self._run_once()
  File "/home/luffy/.local/share/uv/python/cpython-3.11.15-linux-x86_64-gnu/lib/python3.11/asyncio/base_events.py", line 1898, in _run_once
    event_list = self._selector.select(timeout)
  File "/home/luffy/.local/share/uv/python/cpython-3.11.15-linux-x86_64-gnu/lib/python3.11/selectors.py", line 468, in select
    fd_event_list = self._selector.poll(timeout, max_ev)

=== SIGHUP received · 2026-06-30 21:37:11 ===
main-thread stack at signal delivery:
  File "<frozen runpy>", line 198, in _run_module_as_main
  File "<frozen runpy>", line 88, in _run_code
  File "/home/luffy/.hermes/hermes-agent/tui_gateway/entry.py", line 350, in <module>
    main()
  File "/home/luffy/.hermes/hermes-agent/tui_gateway/entry.py", line 326, in main
    for raw in sys.stdin:

--- thread MainThread (id=139945865459520) ---
  File "<frozen runpy>", line 198, in _run_module_as_main
  File "<frozen runpy>", line 88, in _run_code
  File "/home/luffy/.hermes/hermes-agent/tui_gateway/entry.py", line 350, in <module>
    main()
  File "/home/luffy/.hermes/hermes-agent/tui_gateway/entry.py", line 326, in main
    for raw in sys.stdin:
  File "/home/luffy/.hermes/hermes-agent/tui_gateway/entry.py", line 113, in _log_signal
    f.write("".join(traceback.format_stack(sys._current_frames().get(tid))))

--- thread Thread-2 (_loop) (id=139945839580864) ---
[tui-parent] 2026-06-30T16:07:11.236Z graceful-exit received signal=SIGHUP → killing gateway
[tui-parent] 2026-06-30T16:07:11.242Z uncaughtException: Error: write EIO
[tui-parent] 2026-06-30T16:07:11.245Z uncaughtException: Error: write EIO
[tui-parent] 2026-06-30T16:07:11.264Z [lifecycle] GatewayClient.kill reason=graceful-exit-cleanup pid=61446 killed=true exitCode=null signal=null killResult=true

=== SIGTERM received · 2026-06-30 21:37:11 ===
main-thread stack at signal delivery:
  File "/home/luffy/.hermes/hermes-agent/tools/terminal_tool.py", line 1722, in _atexit_cleanup
    _stop_cleanup_thread()
  File "/home/luffy/.hermes/hermes-agent/tools/terminal_tool.py", line 1594, in _stop_cleanup_thread
    _cleanup_thread.join(timeout=5)
  File "/home/luffy/.local/share/uv/python/cpython-3.11.15-linux-x86_64-gnu/lib/python3.11/threading.py", line 1123, in join
    self._wait_for_tstate_lock(timeout=max(timeout, 0))
  File "/home/luffy/.local/share/uv/python/cpython-3.11.15-linux-x86_64-gnu/lib/python3.11/threading.py", line 1139, in _wait_for_tstate_lock
    if lock.acquire(block, timeout):

--- thread MainThread (id=139945865459520) ---
  File "/home/luffy/.hermes/hermes-agent/tools/terminal_tool.py", line 1722, in _atexit_cleanup
    _stop_cleanup_thread()
  File "/home/luffy/.hermes/hermes-agent/tools/terminal_tool.py", line 1594, in _stop_cleanup_thread
    _cleanup_thread.join(timeout=5)
  File "/home/luffy/.local/share/uv/python/cpython-3.11.15-linux-x86_64-gnu/lib/python3.11/threading.py", line 1123, in join
    self._wait_for_tstate_lock(timeout=max(timeout, 0))
  File "/home/luffy/.local/share/uv/python/cpython-3.11.15-linux-x86_64-gnu/lib/python3.11/threading.py", line 1139, in _wait_for_tstate_lock
    if lock.acquire(block, timeout):
  File "/home/luffy/.hermes/hermes-agent/tui_gateway/entry.py", line 113, in _log_signal
    f.write("".join(traceback.format_stack(sys._current_frames().get(tid))))

--- thread Thread-2 (_loop) (id=139945839580864) ---
  File "/home/luffy/.local/share/uv/python/cpython-3.11.15-linux-x86_64-gnu/lib/python3.11/threading.py", line 1002, in _bootstrap
    self._bootstrap_inner()
  File "/home/luffy/.local/share/uv/python/cpython-3.11.15-linux-x86_64-gnu/lib/python3.11/threading.py", line 1045, in _bootstrap_inner
    self.run()
  File "/home/luffy/.local/share/uv/python/cpython-3.11.15-linux-x86_64-gnu/lib/python3.11/threading.py", line 982, in run
    self._target(*self._args, **self._kwargs)
  File "/home/luffy/.hermes/hermes-agent/tui_gateway/server.py", line 839, in _loop
    time.sleep(_REAPER_SCAN_S)

--- thread Thread-8 (_notification_poller_loop) (id=139945354172096) ---
  File "/home/luffy/.local/share/uv/python/cpython-3.11.15-linux-x86_64-gnu/lib/python3.11/threading.py", line 1002, in _bootstrap
    self._bootstrap_inner()
  File "/home/luffy/.local/share/uv/python/cpython-3.11.15-linux-x86_64-gnu/lib/python3.11/threading.py", line 1045, in _bootstrap_inner
    self.run()
  File "/home/luffy/.local/share/uv/python/cpython-3.11.15-linux-x86_64-gnu/lib/python3.11/threading.py", line 982, in run
    self._target(*self._args, **self._kwargs)
  File "/home/luffy/.hermes/hermes-agent/tui_gateway/server.py", line 8213, in _notification_poller_loop
    evt = process_registry.completion_queue.get(timeout=0.5)
  File "/home/luffy/.local/share/uv/python/cpython-3.11.15-linux-x86_64-gnu/lib/python3.11/queue.py", line 180, in get
    self.not_empty.wait(remaining)
  File "/home/luffy/.local/share/uv/python/cpython-3.11.15-linux-x86_64-gnu/lib/python3.11/threading.py", line 331, in wait
    gotit = waiter.acquire(True, timeout)

--- thread Thread-18 (_cleanup_thread_worker) (id=139945268213440) ---
  File "/home/luffy/.local/share/uv/python/cpython-3.11.15-linux-x86_64-gnu/lib/python3.11/threading.py", line 1002, in _bootstrap
    self._bootstrap_inner()
  File "/home/luffy/.local/share/uv/python/cpython-3.11.15-linux-x86_64-gnu/lib/python3.11/threading.py", line 1045, in _bootstrap_inner
    self.run()
  File "/home/luffy/.local/share/uv/python/cpython-3.11.15-linux-x86_64-gnu/lib/python3.11/threading.py", line 982, in run
    self._target(*self._args, **self._kwargs)
  File "/home/luffy/.hermes/hermes-agent/tools/terminal_tool.py", line 1574, in _cleanup_thread_worker
    time.sleep(1)

--- thread Thread-184 (id=139945737975488) ---
  File "/home/luffy/.local/share/uv/python/cpython-3.11.15-linux-x86_64-gnu/lib/python3.11/threading.py", line 1002, in _bootstrap
    self._bootstrap_inner()
  File "/home/luffy/.local/share/uv/python/cpython-3.11.15-linux-x86_64-gnu/lib/python3.11/threading.py", line 1045, in _bootstrap_inner
    self.run()
  File "/home/luffy/.local/share/uv/python/cpython-3.11.15-linux-x86_64-gnu/lib/python3.11/threading.py", line 1399, in run
    self.finished.wait(self.interval)
  File "/home/luffy/.local/share/uv/python/cpython-3.11.15-linux-x86_64-gnu/lib/python3.11/threading.py", line 629, in wait
    signaled = self._cond.wait(timeout)
  File "/home/luffy/.local/share/uv/python/cpython-3.11.15-linux-x86_64-gnu/lib/python3.11/threading.py", line 331, in wait
    gotit = waiter.acquire(True, timeout)
[tui-parent] 2026-06-30T16:07:11.268Z unhandledRejection: Error: EIO: i/o error, write
[tui-parent] 2026-06-30T16:07:11.605Z [lifecycle] spawned gateway child pid=256618 killed=false exitCode=null signal=null python=/home/luffy/.hermes/hermes-agent/venv/bin/python3 cwd=/home/luffy

=== gateway exit · 2026-06-30 21:37:15 · reason=stdin EOF (TUI closed the command pipe) ===

=== unhandled exception · 2026-06-30 21:37:15 ===
Traceback (most recent call last):
  File "<frozen runpy>", line 198, in _run_module_as_main
  File "<frozen runpy>", line 88, in _run_code
  File "/home/luffy/.hermes/hermes-agent/tui_gateway/entry.py", line 350, in <module>
    main()
  File "/home/luffy/.hermes/hermes-agent/tui_gateway/entry.py", line 346, in main
    _log_exit("stdin EOF (TUI closed the command pipe)")
  File "/home/luffy/.hermes/hermes-agent/tui_gateway/entry.py", line 204, in _log_exit
    print(f"[gateway-exit] {reason}", file=sys.stderr, flush=True)
BrokenPipeError: [Errno 32] Broken pipe
[tui-parent] 2026-06-30T16:07:26.985Z [lifecycle] spawned gateway child pid=257611 killed=false exitCode=null signal=null python=/home/luffy/.hermes/hermes-agent/venv/bin/python3 cwd=/home/luffy
[tui-parent] 2026-06-30T16:11:31.751Z [lifecycle] GatewayClient.kill reason=app.die pid=257611 killed=true exitCode=null signal=null killResult=true

=== SIGTERM received · 2026-06-30 21:41:31 ===
main-thread stack at signal delivery:
  File "<frozen runpy>", line 198, in _run_module_as_main
  File "<frozen runpy>", line 88, in _run_code
  File "/home/luffy/.hermes/hermes-agent/tui_gateway/entry.py", line 350, in <module>
    main()
  File "/home/luffy/.hermes/hermes-agent/tui_gateway/entry.py", line 326, in main
    for raw in sys.stdin:

--- thread MainThread (id=140540548585280) ---
  File "<frozen runpy>", line 198, in _run_module_as_main
  File "<frozen runpy>", line 88, in _run_code
  File "/home/luffy/.hermes/hermes-agent/tui_gateway/entry.py", line 350, in <module>
    main()
  File "/home/luffy/.hermes/hermes-agent/tui_gateway/entry.py", line 326, in main
    for raw in sys.stdin:
  File "/home/luffy/.hermes/hermes-agent/tui_gateway/entry.py", line 113, in _log_signal
    f.write("".join(traceback.format_stack(sys._current_frames().get(tid))))

--- thread Thread-2 (_loop) (id=140540514313920) ---
  File "/home/luffy/.local/share/uv/python/cpython-3.11.15-linux-x86_64-gnu/lib/python3.11/threading.py", line 1002, in _bootstrap
    self._bootstrap_inner()
  File "/home/luffy/.local/share/uv/python/cpython-3.11.15-linux-x86_64-gnu/lib/python3.11/threading.py", line 1045, in _bootstrap_inner
    self.run()
  File "/home/luffy/.local/share/uv/python/cpython-3.11.15-linux-x86_64-gnu/lib/python3.11/threading.py", line 982, in run
    self._target(*self._args, **self._kwargs)
  File "/home/luffy/.hermes/hermes-agent/tui_gateway/server.py", line 839, in _loop
    time.sleep(_REAPER_SCAN_S)

--- thread tui-rpc_0 (id=140540522706624) ---
  File "/home/luffy/.local/share/uv/python/cpython-3.11.15-linux-x86_64-gnu/lib/python3.11/threading.py", line 1002, in _bootstrap
    self._bootstrap_inner()
  File "/home/luffy/.local/share/uv/python/cpython-3.11.15-linux-x86_64-gnu/lib/python3.11/threading.py", line 1045, in _bootstrap_inner
    self.run()
  File "/home/luffy/.local/share/uv/python/cpython-3.11.15-linux-x86_64-gnu/lib/python3.11/threading.py", line 982, in run
    self._target(*self._args, **self._kwargs)
  File "/home/luffy/.local/share/uv/python/cpython-3.11.15-linux-x86_64-gnu/lib/python3.11/concurrent/futures/thread.py", line 81, in _worker
    work_item = work_queue.get(block=True)

--- thread tui-rpc_1 (id=140540486796992) ---
  File "/home/luffy/.local/share/uv/python/cpython-3.11.15-linux-x86_64-gnu/lib/python3.11/threading.py", line 1002, in _bootstrap
    self._bootstrap_inner()
  File "/home/luffy/.local/share/uv/python/cpython-3.11.15-linux-x86_64-gnu/lib/python3.11/threading.py", line 1045, in _bootstrap_inner
    self.run()
  File "/home/luffy/.local/share/uv/python/cpython-3.11.15-linux-x86_64-gnu/lib/python3.11/threading.py", line 982, in run
    self._target(*self._args, **self._kwargs)
  File "/home/luffy/.local/share/uv/python/cpython-3.11.15-linux-x86_64-gnu/lib/python3.11/concurrent/futures/thread.py", line 81, in _worker
    work_item = work_queue.get(block=True)

--- thread Thread-12 (_drain_stdout) (id=140540027967168) ---
  File "/home/luffy/.local/share/uv/python/cpython-3.11.15-linux-x86_64-gnu/lib/python3.11/threading.py", line 1002, in _bootstrap
    self._bootstrap_inner()
  File "/home/luffy/.local/share/uv/python/cpython-3.11.15-linux-x86_64-gnu/lib/python3.11/threading.py", line 1045, in _bootstrap_inner
    self.run()
  File "/home/luffy/.local/share/uv/python/cpython-3.11.15-linux-x86_64-gnu/lib/python3.11/threading.py", line 982, in run
    self._target(*self._args, **self._kwargs)
  File "/home/luffy/.hermes/hermes-agent/tui_gateway/server.py", line 297, in _drain_stdout
    for line in self.proc.stdout or []:

--- thread Thread-13 (_drain_stderr) (id=140540013549248) ---
  File "/home/luffy/.local/share/uv/python/cpython-3.11.15-linux-x86_64-gnu/lib/python3.11/threading.py", line 1002, in _bootstrap
    self._bootstrap_inner()
  File "/home/luffy/.local/share/uv/python/cpython-3.11.15-linux-x86_64-gnu/lib/python3.11/threading.py", line 1045, in _bootstrap_inner
    self.run()
  File "/home/luffy/.local/share/uv/python/cpython-3.11.15-linux-x86_64-gnu/lib/python3.11/threading.py", line 982, in run
    self._target(*self._args, **self._kwargs)
  File "/home/luffy/.hermes/hermes-agent/tui_gateway/server.py", line 305, in _drain_stderr
    for line in self.proc.stderr or []:

--- thread Thread-14 (_notification_poller_loop) (id=140540478404288) ---
  File "/home/luffy/.local/share/uv/python/cpython-3.11.15-linux-x86_64-gnu/lib/python3.11/threading.py", line 1002, in _bootstrap
    self._bootstrap_inner()
  File "/home/luffy/.local/share/uv/python/cpython-3.11.15-linux-x86_64-gnu/lib/python3.11/threading.py", line 1045, in _bootstrap_inner
    self.run()
  File "/home/luffy/.local/share/uv/python/cpython-3.11.15-linux-x86_64-gnu/lib/python3.11/threading.py", line 982, in run
    self._target(*self._args, **self._kwargs)
  File "/home/luffy/.hermes/hermes-agent/tui_gateway/server.py", line 8213, in _notification_poller_loop
    evt = process_registry.completion_queue.get(timeout=0.5)
  File "/home/luffy/.local/share/uv/python/cpython-3.11.15-linux-x86_64-gnu/lib/python3.11/queue.py", line 180, in get
    self.not_empty.wait(remaining)
  File "/home/luffy/.local/share/uv/python/cpython-3.11.15-linux-x86_64-gnu/lib/python3.11/threading.py", line 331, in wait
    gotit = waiter.acquire(True, timeout)
[tui-parent] 2026-06-30T16:12:53.978Z [lifecycle] spawned gateway child pid=267826 killed=false exitCode=null signal=null python=/home/luffy/.hermes/hermes-agent/venv/bin/python3 cwd=/home/luffy
[tui-parent] 2026-06-30T17:52:15.920Z [lifecycle] GatewayClient.kill reason=app.die pid=267826 killed=true exitCode=null signal=null killResult=true

=== SIGTERM received · 2026-06-30 23:22:15 ===
main-thread stack at signal delivery:
  File "<frozen runpy>", line 198, in _run_module_as_main
  File "<frozen runpy>", line 88, in _run_code
  File "/home/luffy/.hermes/hermes-agent/tui_gateway/entry.py", line 350, in <module>
    main()
  File "/home/luffy/.hermes/hermes-agent/tui_gateway/entry.py", line 326, in main
    for raw in sys.stdin:

--- thread MainThread (id=139744462804800) ---
  File "<frozen runpy>", line 198, in _run_module_as_main
  File "<frozen runpy>", line 88, in _run_code
  File "/home/luffy/.hermes/hermes-agent/tui_gateway/entry.py", line 350, in <module>
    main()
  File "/home/luffy/.hermes/hermes-agent/tui_gateway/entry.py", line 326, in main
    for raw in sys.stdin:
  File "/home/luffy/.hermes/hermes-agent/tui_gateway/entry.py", line 113, in _log_signal
    f.write("".join(traceback.format_stack(sys._current_frames().get(tid))))

--- thread Thread-2 (_loop) (id=139744428447424) ---
  File "/home/luffy/.local/share/uv/python/cpython-3.11.15-linux-x86_64-gnu/lib/python3.11/threading.py", line 1002, in _bootstrap
    self._bootstrap_inner()
  File "/home/luffy/.local/share/uv/python/cpython-3.11.15-linux-x86_64-gnu/lib/python3.11/threading.py", line 1045, in _bootstrap_inner
    self.run()
  File "/home/luffy/.local/share/uv/python/cpython-3.11.15-linux-x86_64-gnu/lib/python3.11/threading.py", line 982, in run
    self._target(*self._args, **self._kwargs)
  File "/home/luffy/.hermes/hermes-agent/tui_gateway/server.py", line 839, in _loop
    time.sleep(_REAPER_SCAN_S)

--- thread tui-rpc_0 (id=139744436840128) ---
  File "/home/luffy/.local/share/uv/python/cpython-3.11.15-linux-x86_64-gnu/lib/python3.11/threading.py", line 1002, in _bootstrap
    self._bootstrap_inner()
  File "/home/luffy/.local/share/uv/python/cpython-3.11.15-linux-x86_64-gnu/lib/python3.11/threading.py", line 1045, in _bootstrap_inner
    self.run()
  File "/home/luffy/.local/share/uv/python/cpython-3.11.15-linux-x86_64-gnu/lib/python3.11/threading.py", line 982, in run
    self._target(*self._args, **self._kwargs)
  File "/home/luffy/.local/share/uv/python/cpython-3.11.15-linux-x86_64-gnu/lib/python3.11/concurrent/futures/thread.py", line 81, in _worker
    work_item = work_queue.get(block=True)

--- thread Thread-6 (_drain_stdout) (id=139744333784768) ---
  File "/home/luffy/.local/share/uv/python/cpython-3.11.15-linux-x86_64-gnu/lib/python3.11/threading.py", line 1002, in _bootstrap
    self._bootstrap_inner()
  File "/home/luffy/.local/share/uv/python/cpython-3.11.15-linux-x86_64-gnu/lib/python3.11/threading.py", line 1045, in _bootstrap_inner
    self.run()
  File "/home/luffy/.local/share/uv/python/cpython-3.11.15-linux-x86_64-gnu/lib/python3.11/threading.py", line 982, in run
    self._target(*self._args, **self._kwargs)
  File "/home/luffy/.hermes/hermes-agent/tui_gateway/server.py", line 297, in _drain_stdout
    for line in self.proc.stdout or []:

--- thread Thread-7 (_drain_stderr) (id=139744342177472) ---
  File "/home/luffy/.local/share/uv/python/cpython-3.11.15-linux-x86_64-gnu/lib/python3.11/threading.py", line 1002, in _bootstrap
    self._bootstrap_inner()
  File "/home/luffy/.local/share/uv/python/cpython-3.11.15-linux-x86_64-gnu/lib/python3.11/threading.py", line 1045, in _bootstrap_inner
    self.run()
  File "/home/luffy/.local/share/uv/python/cpython-3.11.15-linux-x86_64-gnu/lib/python3.11/threading.py", line 982, in run
    self._target(*self._args, **self._kwargs)
  File "/home/luffy/.hermes/hermes-agent/tui_gateway/server.py", line 305, in _drain_stderr
    for line in self.proc.stderr or []:

--- thread Thread-8 (_notification_poller_loop) (id=139743951378112) ---
  File "/home/luffy/.local/share/uv/python/cpython-3.11.15-linux-x86_64-gnu/lib/python3.11/threading.py", line 1002, in _bootstrap
    self._bootstrap_inner()
  File "/home/luffy/.local/share/uv/python/cpython-3.11.15-linux-x86_64-gnu/lib/python3.11/threading.py", line 1045, in _bootstrap_inner
    self.run()
  File "/home/luffy/.local/share/uv/python/cpython-3.11.15-linux-x86_64-gnu/lib/python3.11/threading.py", line 982, in run
    self._target(*self._args, **self._kwargs)
  File "/home/luffy/.hermes/hermes-agent/tui_gateway/server.py", line 8213, in _notification_poller_loop
    evt = process_registry.completion_queue.get(timeout=0.5)
  File "/home/luffy/.local/share/uv/python/cpython-3.11.15-linux-x86_64-gnu/lib/python3.11/queue.py", line 180, in get
    self.not_empty.wait(remaining)
  File "/home/luffy/.local/share/uv/python/cpython-3.11.15-linux-x86_64-gnu/lib/python3.11/threading.py", line 331, in wait
    gotit = waiter.acquire(True, timeout)
[tui-parent] 2026-07-01T14:46:53.336Z [lifecycle] spawned gateway child pid=15309 killed=false exitCode=null signal=null python=/home/luffy/.hermes/hermes-agent/venv/bin/python3 cwd=/home/luffy
[tui-parent] 2026-07-01T15:31:50.798Z graceful-exit received signal=SIGHUP → killing gateway
[tui-parent] 2026-07-01T15:31:50.808Z uncaughtException: Error: write EIO
[tui-parent] 2026-07-01T15:31:50.819Z [lifecycle] GatewayClient.kill reason=graceful-exit-cleanup pid=15309 killed=true exitCode=null signal=null killResult=true
[tui-parent] 2026-07-01T15:31:50.838Z unhandledRejection: Error: EIO: i/o error, write

=== SIGTERM received · 2026-07-01 21:01:50 ===
main-thread stack at signal delivery:
  File "<frozen runpy>", line 198, in _run_module_as_main
  File "<frozen runpy>", line 88, in _run_code
  File "/home/luffy/.hermes/hermes-agent/tui_gateway/entry.py", line 350, in <module>
    main()
  File "/home/luffy/.hermes/hermes-agent/tui_gateway/entry.py", line 326, in main
    for raw in sys.stdin:
  File "/home/luffy/.hermes/hermes-agent/tui_gateway/entry.py", line 113, in _log_signal
    f.write("".join(traceback.format_stack(sys._current_frames().get(tid))))
  File "/home/luffy/.local/share/uv/python/cpython-3.11.15-linux-x86_64-gnu/lib/python3.11/traceback.py", line 214, in format_stack
    return format_list(extract_stack(f, limit=limit))
  File "/home/luffy/.local/share/uv/python/cpython-3.11.15-linux-x86_64-gnu/lib/python3.11/traceback.py", line 228, in extract_stack
    stack = StackSummary.extract(walk_stack(f), limit=limit)
  File "/home/luffy/.local/share/uv/python/cpython-3.11.15-linux-x86_64-gnu/lib/python3.11/traceback.py", line 390, in extract
    return klass._extract_from_extended_frame_gen(
  File "/home/luffy/.local/share/uv/python/cpython-3.11.15-linux-x86_64-gnu/lib/python3.11/traceback.py", line 433, in _extract_from_extended_frame_gen
    f.line
  File "/home/luffy/.local/share/uv/python/cpython-3.11.15-linux-x86_64-gnu/lib/python3.11/traceback.py", line 318, in line
    self._line = linecache.getline(self.filename, self.lineno)
  File "/home/luffy/.local/share/uv/python/cpython-3.11.15-linux-x86_64-gnu/lib/python3.11/linecache.py", line 30, in getline
    lines = getlines(filename, module_globals)
  File "/home/luffy/.local/share/uv/python/cpython-3.11.15-linux-x86_64-gnu/lib/python3.11/linecache.py", line 46, in getlines
    return updatecache(filename, module_globals)
  File "/home/luffy/.local/share/uv/python/cpython-3.11.15-linux-x86_64-gnu/lib/python3.11/linecache.py", line 137, in updatecache
    lines = fp.readlines()
  File "<frozen codecs>", line 319, in decode
  File "/home/luffy/.hermes/hermes-agent/tui_gateway/entry.py", line 113, in _log_signal
    f.write("".join(traceback.format_stack(sys._current_frames().get(tid))))
  File "/home/luffy/.local/share/uv/python/cpython-3.11.15-linux-x86_64-gnu/lib/python3.11/traceback.py", line 214, in format_stack
    return format_list(extract_stack(f, limit=limit))
  File "/home/luffy/.local/share/uv/python/cpython-3.11.15-linux-x86_64-gnu/lib/python3.11/traceback.py", line 228, in extract_stack
    stack = StackSummary.extract(walk_stack(f), limit=limit)
  File "/home/luffy/.local/share/uv/python/cpython-3.11.15-linux-x86_64-gnu/lib/python3.11/traceback.py", line 390, in extract
    return klass._extract_from_extended_frame_gen(
  File "/home/luffy/.local/share/uv/python/cpython-3.11.15-linux-x86_64-gnu/lib/python3.11/traceback.py", line 433, in _extract_from_extended_frame_gen
    f.line
  File "/home/luffy/.local/share/uv/python/cpython-3.11.15-linux-x86_64-gnu/lib/python3.11/traceback.py", line 318, in line
    self._line = linecache.getline(self.filename, self.lineno)
  File "/home/luffy/.local/share/uv/python/cpython-3.11.15-linux-x86_64-gnu/lib/python3.11/linecache.py", line 30, in getline
    lines = getlines(filename, module_globals)
  File "/home/luffy/.local/share/uv/python/cpython-3.11.15-linux-x86_64-gnu/lib/python3.11/linecache.py", line 46, in getlines
    return updatecache(filename, module_globals)
  File "/home/luffy/.local/share/uv/python/cpython-3.11.15-linux-x86_64-gnu/lib/python3.11/linecache.py", line 137, in updatecache
    lines = fp.readlines()
  File "<frozen codecs>", line 319, in decode

--- thread MainThread (id=139918435018560) ---
  File "<frozen runpy>", line 198, in _run_module_as_main
  File "<frozen runpy>", line 88, in _run_code
  File "/home/luffy/.hermes/hermes-agent/tui_gateway/entry.py", line 350, in <module>
    main()
  File "/home/luffy/.hermes/hermes-agent/tui_gateway/entry.py", line 326, in main
    for raw in sys.stdin:
  File "/home/luffy/.hermes/hermes-agent/tui_gateway/entry.py", line 113, in _log_signal
    f.write("".join(traceback.format_stack(sys._current_frames().get(tid))))
  File "/home/luffy/.local/share/uv/python/cpython-3.11.15-linux-x86_64-gnu/lib/python3.11/traceback.py", line 214, in format_stack
    return format_list(extract_stack(f, limit=limit))
  File "/home/luffy/.local/share/uv/python/cpython-3.11.15-linux-x86_64-gnu/lib/python3.11/traceback.py", line 228, in extract_stack
    stack = StackSummary.extract(walk_stack(f), limit=limit)
  File "/home/luffy/.local/share/uv/python/cpython-3.11.15-linux-x86_64-gnu/lib/python3.11/traceback.py", line 390, in extract
    return klass._extract_from_extended_frame_gen(
  File "/home/luffy/.local/share/uv/python/cpython-3.11.15-linux-x86_64-gnu/lib/python3.11/traceback.py", line 433, in _extract_from_extended_frame_gen
    f.line
  File "/home/luffy/.local/share/uv/python/cpython-3.11.15-linux-x86_64-gnu/lib/python3.11/traceback.py", line 318, in line
    self._line = linecache.getline(self.filename, self.lineno)
  File "/home/luffy/.local/share/uv/python/cpython-3.11.15-linux-x86_64-gnu/lib/python3.11/linecache.py", line 30, in getline
    lines = getlines(filename, module_globals)
  File "/home/luffy/.local/share/uv/python/cpython-3.11.15-linux-x86_64-gnu/lib/python3.11/linecache.py", line 46, in getlines
    return updatecache(filename, module_globals)
  File "/home/luffy/.local/share/uv/python/cpython-3.11.15-linux-x86_64-gnu/lib/python3.11/linecache.py", line 137, in updatecache
    lines = fp.readlines()
  File "<frozen codecs>", line 319, in decode
  File "/home/luffy/.hermes/hermes-agent/tui_gateway/entry.py", line 113, in _log_signal
    f.write("".join(traceback.format_stack(sys._current_frames().get(tid))))
  File "/home/luffy/.local/share/uv/python/cpython-3.11.15-linux-x86_64-gnu/lib/python3.11/traceback.py", line 214, in format_stack
    return format_list(extract_stack(f, limit=limit))
  File "/home/luffy/.local/share/uv/python/cpython-3.11.15-linux-x86_64-gnu/lib/python3.11/traceback.py", line 228, in extract_stack
    stack = StackSummary.extract(walk_stack(f), limit=limit)
  File "/home/luffy/.local/share/uv/python/cpython-3.11.15-linux-x86_64-gnu/lib/python3.11/traceback.py", line 390, in extract
    return klass._extract_from_extended_frame_gen(
  File "/home/luffy/.local/share/uv/python/cpython-3.11.15-linux-x86_64-gnu/lib/python3.11/traceback.py", line 433, in _extract_from_extended_frame_gen
    f.line
  File "/home/luffy/.local/share/uv/python/cpython-3.11.15-linux-x86_64-gnu/lib/python3.11/traceback.py", line 318, in line
    self._line = linecache.getline(self.filename, self.lineno)
  File "/home/luffy/.local/share/uv/python/cpython-3.11.15-linux-x86_64-gnu/lib/python3.11/linecache.py", line 30, in getline
    lines = getlines(filename, module_globals)
  File "/home/luffy/.local/share/uv/python/cpython-3.11.15-linux-x86_64-gnu/lib/python3.11/linecache.py", line 46, in getlines
    return updatecache(filename, module_globals)
  File "/home/luffy/.local/share/uv/python/cpython-3.11.15-linux-x86_64-gnu/lib/python3.11/linecache.py", line 137, in updatecache
    lines = fp.readlines()
  File "<frozen codecs>", line 319, in decode
  File "/home/luffy/.hermes/hermes-agent/tui_gateway/entry.py", line 113, in _log_signal
    f.write("".join(traceback.format_stack(sys._current_frames().get(tid))))

--- thread Thread-2 (_loop) (id=139918409086656) ---
  File "/home/luffy/.local/share/uv/python/cpython-3.11.15-linux-x86_64-gnu/lib/python3.11/threading.py", line 1002, in _bootstrap
    self._bootstrap_inner()
  File "/home/luffy/.local/share/uv/python/cpython-3.11.15-linux-x86_64-gnu/lib/python3.11/threading.py", line 1045, in _bootstrap_inner
    self.run()
  File "/home/luffy/.local/share/uv/python/cpython-3.11.15-linux-x86_64-gnu/lib/python3.11/threading.py", line 982, in run
    self._target(*self._args, **self._kwargs)
  File "/home/luffy/.hermes/hermes-agent/tui_gateway/server.py", line 839, in _loop
    time.sleep(_REAPER_SCAN_S)

--- thread tui-rpc_0 (id=139918400693952) ---
  File "/home/luffy/.local/share/uv/python/cpython-3.11.15-linux-x86_64-gnu/lib/python3.11/threading.py", line 1002, in _bootstrap
    self._bootstrap_inner()
  File "/home/luffy/.local/share/uv/python/cpython-3.11.15-linux-x86_64-gnu/lib/python3.11/threading.py", line 1045, in _bootstrap_inner
    self.run()
  File "/home/luffy/.local/share/uv/python/cpython-3.11.15-linux-x86_64-gnu/lib/python3.11/threading.py", line 982, in run
    self._target(*self._args, **self._kwargs)
  File "/home/luffy/.local/share/uv/python/cpython-3.11.15-linux-x86_64-gnu/lib/python3.11/concurrent/futures/thread.py", line 81, in _worker
    work_item = work_queue.get(block=True)

--- thread Thread-8 (_notification_poller_loop) (id=139917923448512) ---
  File "/home/luffy/.local/share/uv/python/cpython-3.11.15-linux-x86_64-gnu/lib/python3.11/threading.py", line 1002, in _bootstrap
    self._bootstrap_inner()
  File "/home/luffy/.local/share/uv/python/cpython-3.11.15-linux-x86_64-gnu/lib/python3.11/threading.py", line 1045, in _bootstrap_inner
    self.run()
  File "/home/luffy/.local/share/uv/python/cpython-3.11.15-linux-x86_64-gnu/lib/python3.11/threading.py", line 982, in run
    self._target(*self._args, **self._kwargs)
  File "/home/luffy/.hermes/hermes-agent/tui_gateway/server.py", line 8213, in _notification_poller_loop
    evt = process_registry.completion_queue.get(timeout=0.5)
  File "/home/luffy/.local/share/uv/python/cpython-3.11.15-linux-x86_64-gnu/lib/python3.11/queue.py", line 180, in get
    self.not_empty.wait(remaining)
  File "/home/luffy/.local/share/uv/python/cpython-3.11.15-linux-x86_64-gnu/lib/python3.11/threading.py", line 331, in wait
    gotit = waiter.acquire(True, timeout)

--- thread Thread-19 (_cleanup_thread_worker) (id=139918156232384) ---
  File "/home/luffy/.local/share/uv/python/cpython-3.11.15-linux-x86_64-gnu/lib/python3.11/threading.py", line 1002, in _bootstrap
    self._bootstrap_inner()
  File "/home/luffy/.local/share/uv/python/cpython-3.11.15-linux-x86_64-gnu/lib/python3.11/threading.py", line 1045, in _bootstrap_inner
    self.run()
  File "/home/luffy/.local/share/uv/python/cpython-3.11.15-linux-x86_64-gnu/lib/python3.11/threading.py", line 982, in run
    self._target(*self._args, **self._kwargs)
  File "/home/luffy/.hermes/hermes-agent/tools/terminal_tool.py", line 1574, in _cleanup_thread_worker
    time.sleep(1)

--- thread hermes-lsp-loop (id=139917820688064) ---
  File "/home/luffy/.local/share/uv/python/cpython-3.11.15-linux-x86_64-gnu/lib/python3.11/threading.py", line 1002, in _bootstrap
    self._bootstrap_inner()
  File "/home/luffy/.local/share/uv/python/cpython-3.11.15-linux-x86_64-gnu/lib/python3.11/threading.py", line 1045, in _bootstrap_inner
    self.run()
  File "/home/luffy/.local/share/uv/python/cpython-3.11.15-linux-x86_64-gnu/lib/python3.11/threading.py", line 982, in run
    self._target(*self._args, **self._kwargs)
  File "/home/luffy/.hermes/hermes-agent/agent/lsp/manager.py", line 93, in _run_forever
    loop.run_forever()
  File "/home/luffy/.local/share/uv/python/cpython-3.11.15-linux-x86_64-gnu/lib/python3.11/asyncio/base_events.py", line 608, in run_forever
    self._run_once()
  File "/home/luffy/.local/share/uv/python/cpython-3.11.15-linux-x86_64-gnu/lib/python3.11/asyncio/base_events.py", line 1898, in _run_once
    event_list = self._selector.select(timeout)
  File "/home/luffy/.local/share/uv/python/cpython-3.11.15-linux-x86_64-gnu/lib/python3.11/selectors.py", line 468, in select
    fd_event_list = self._selector.poll(timeout, max_ev)

--- thread tui-rpc_1 (id=139917909030592) ---
  File "/home/luffy/.local/share/uv/python/cpython-3.11.15-linux-x86_64-gnu/lib/python3.11/threading.py", line 1002, in _bootstrap
    self._bootstrap_inner()
  File "/home/luffy/.local/share/uv/python/cpython-3.11.15-linux-x86_64-gnu/lib/python3.11/threading.py", line 1045, in _bootstrap_inner
    self.run()
  File "/home/luffy/.local/share/uv/python/cpython-3.11.15-linux-x86_64-gnu/lib/python3.11/threading.py", line 982, in run
    self._target(*self._args, **self._kwargs)
  File "/home/luffy/.local/share/uv/python/cpython-3.11.15-linux-x86_64-gnu/lib/python3.11/concurrent/futures/thread.py", line 81, in _worker
    work_item = work_queue.get(block=True)

=== SIGHUP received · 2026-07-01 21:01:50 ===
main-thread stack at signal delivery:
  File "<frozen runpy>", line 198, in _run_module_as_main
  File "<frozen runpy>", line 88, in _run_code
  File "/home/luffy/.hermes/hermes-agent/tui_gateway/entry.py", line 350, in <module>
    main()
  File "/home/luffy/.hermes/hermes-agent/tui_gateway/entry.py", line 326, in main
    for raw in sys.stdin:
  File "/home/luffy/.hermes/hermes-agent/tui_gateway/entry.py", line 113, in _log_signal
    f.write("".join(traceback.format_stack(sys._current_frames().get(tid))))
  File "/home/luffy/.local/share/uv/python/cpython-3.11.15-linux-x86_64-gnu/lib/python3.11/traceback.py", line 214, in format_stack
    return format_list(extract_stack(f, limit=limit))
  File "/home/luffy/.local/share/uv/python/cpython-3.11.15-linux-x86_64-gnu/lib/python3.11/traceback.py", line 228, in extract_stack
    stack = StackSummary.extract(walk_stack(f), limit=limit)
  File "/home/luffy/.local/share/uv/python/cpython-3.11.15-linux-x86_64-gnu/lib/python3.11/traceback.py", line 390, in extract
    return klass._extract_from_extended_frame_gen(
  File "/home/luffy/.local/share/uv/python/cpython-3.11.15-linux-x86_64-gnu/lib/python3.11/traceback.py", line 433, in _extract_from_extended_frame_gen
    f.line
  File "/home/luffy/.local/share/uv/python/cpython-3.11.15-linux-x86_64-gnu/lib/python3.11/traceback.py", line 318, in line
    self._line = linecache.getline(self.filename, self.lineno)
  File "/home/luffy/.local/share/uv/python/cpython-3.11.15-linux-x86_64-gnu/lib/python3.11/linecache.py", line 30, in getline
    lines = getlines(filename, module_globals)
  File "/home/luffy/.local/share/uv/python/cpython-3.11.15-linux-x86_64-gnu/lib/python3.11/linecache.py", line 46, in getlines
    return updatecache(filename, module_globals)
  File "/home/luffy/.local/share/uv/python/cpython-3.11.15-linux-x86_64-gnu/lib/python3.11/linecache.py", line 137, in updatecache
    lines = fp.readlines()
  File "<frozen codecs>", line 319, in decode

--- thread MainThread (id=139918435018560) ---
  File "<frozen runpy>", line 198, in _run_module_as_main
  File "<frozen runpy>", line 88, in _run_code
  File "/home/luffy/.hermes/hermes-agent/tui_gateway/entry.py", line 350, in <module>
    main()
  File "/home/luffy/.hermes/hermes-agent/tui_gateway/entry.py", line 326, in main
    for raw in sys.stdin:
  File "/home/luffy/.hermes/hermes-agent/tui_gateway/entry.py", line 113, in _log_signal
    f.write("".join(traceback.format_stack(sys._current_frames().get(tid))))
  File "/home/luffy/.local/share/uv/python/cpython-3.11.15-linux-x86_64-gnu/lib/python3.11/traceback.py", line 214, in format_stack
    return format_list(extract_stack(f, limit=limit))
  File "/home/luffy/.local/share/uv/python/cpython-3.11.15-linux-x86_64-gnu/lib/python3.11/traceback.py", line 228, in extract_stack
    stack = StackSummary.extract(walk_stack(f), limit=limit)
  File "/home/luffy/.local/share/uv/python/cpython-3.11.15-linux-x86_64-gnu/lib/python3.11/traceback.py", line 390, in extract
    return klass._extract_from_extended_frame_gen(
  File "/home/luffy/.local/share/uv/python/cpython-3.11.15-linux-x86_64-gnu/lib/python3.11/traceback.py", line 433, in _extract_from_extended_frame_gen
    f.line
  File "/home/luffy/.local/share/uv/python/cpython-3.11.15-linux-x86_64-gnu/lib/python3.11/traceback.py", line 318, in line
    self._line = linecache.getline(self.filename, self.lineno)
  File "/home/luffy/.local/share/uv/python/cpython-3.11.15-linux-x86_64-gnu/lib/python3.11/linecache.py", line 30, in getline
    lines = getlines(filename, module_globals)
  File "/home/luffy/.local/share/uv/python/cpython-3.11.15-linux-x86_64-gnu/lib/python3.11/linecache.py", line 46, in getlines
    return updatecache(filename, module_globals)
  File "/home/luffy/.local/share/uv/python/cpython-3.11.15-linux-x86_64-gnu/lib/python3.11/linecache.py", line 137, in updatecache
    lines = fp.readlines()
  File "<frozen codecs>", line 319, in decode
  File "/home/luffy/.hermes/hermes-agent/tui_gateway/entry.py", line 113, in _log_signal
    f.write("".join(traceback.format_stack(sys._current_frames().get(tid))))

--- thread Thread-2 (_loop) (id=139918409086656) ---

=== SIGHUP received · 2026-07-01 21:01:50 ===
main-thread stack at signal delivery:
  File "<frozen runpy>", line 198, in _run_module_as_main
  File "<frozen runpy>", line 88, in _run_code
  File "/home/luffy/.hermes/hermes-agent/tui_gateway/entry.py", line 350, in <module>
    main()
  File "/home/luffy/.hermes/hermes-agent/tui_gateway/entry.py", line 326, in main
    for raw in sys.stdin:

--- thread MainThread (id=139918435018560) ---
  File "<frozen runpy>", line 198, in _run_module_as_main
  File "<frozen runpy>", line 88, in _run_code
  File "/home/luffy/.hermes/hermes-agent/tui_gateway/entry.py", line 350, in <module>
    main()
  File "/home/luffy/.hermes/hermes-agent/tui_gateway/entry.py", line 326, in main
    for raw in sys.stdin:
  File "/home/luffy/.hermes/hermes-agent/tui_gateway/entry.py", line 113, in _log_signal
    f.write("".join(traceback.format_stack(sys._current_frames().get(tid))))

--- thread Thread-2 (_loop) (id=139918409086656) ---
[tui-parent] 2026-07-01T15:31:51.783Z [lifecycle] child exit pid=15309 killed=true exitCode=0 signal=null code=0 signal=null
[tui-parent] 2026-07-01T15:31:51.783Z [lifecycle] transport exit code=0 reason=none
[tui-parent] 2026-07-01T15:31:51.791Z [lifecycle] spawned gateway child pid=92022 killed=false exitCode=null signal=null python=/home/luffy/.hermes/hermes-agent/venv/bin/python3 cwd=/home/luffy

=== gateway exit · 2026-07-01 21:01:54 · reason=stdin EOF (TUI closed the command pipe) ===

=== unhandled exception · 2026-07-01 21:01:54 ===
Traceback (most recent call last):
  File "<frozen runpy>", line 198, in _run_module_as_main
  File "<frozen runpy>", line 88, in _run_code
  File "/home/luffy/.hermes/hermes-agent/tui_gateway/entry.py", line 350, in <module>
    main()
  File "/home/luffy/.hermes/hermes-agent/tui_gateway/entry.py", line 346, in main
    _log_exit("stdin EOF (TUI closed the command pipe)")
  File "/home/luffy/.hermes/hermes-agent/tui_gateway/entry.py", line 204, in _log_exit
    print(f"[gateway-exit] {reason}", file=sys.stderr, flush=True)
BrokenPipeError: [Errno 32] Broken pipe
[tui-parent] 2026-07-01T15:32:15.705Z [lifecycle] spawned gateway child pid=93155 killed=false exitCode=null signal=null python=/home/luffy/.hermes/hermes-agent/venv/bin/python3 cwd=/home/luffy
[tui-parent] 2026-07-01T15:38:21.551Z graceful-exit received signal=SIGHUP → killing gateway

=== SIGHUP received · 2026-07-01 21:08:21 ===
main-thread stack at signal delivery:
  File "<frozen runpy>", line 198, in _run_module_as_main
  File "<frozen runpy>", line 88, in _run_code
  File "/home/luffy/.hermes/hermes-agent/tui_gateway/entry.py", line 350, in <module>
    main()
  File "/home/luffy/.hermes/hermes-agent/tui_gateway/entry.py", line 326, in main
    for raw in sys.stdin:
  File "/home/luffy/.hermes/hermes-agent/tui_gateway/entry.py", line 113, in _log_signal
    f.write("".join(traceback.format_stack(sys._current_frames().get(tid))))
  File "/home/luffy/.local/share/uv/python/cpython-3.11.15-linux-x86_64-gnu/lib/python3.11/traceback.py", line 214, in format_stack
    return format_list(extract_stack(f, limit=limit))
  File "/home/luffy/.local/share/uv/python/cpython-3.11.15-linux-x86_64-gnu/lib/python3.11/traceback.py", line 228, in extract_stack
    stack = StackSummary.extract(walk_stack(f), limit=limit)
  File "/home/luffy/.local/share/uv/python/cpython-3.11.15-linux-x86_64-gnu/lib/python3.11/traceback.py", line 390, in extract
    return klass._extract_from_extended_frame_gen(
  File "/home/luffy/.local/share/uv/python/cpython-3.11.15-linux-x86_64-gnu/lib/python3.11/traceback.py", line 433, in _extract_from_extended_frame_gen
    f.line
  File "/home/luffy/.local/share/uv/python/cpython-3.11.15-linux-x86_64-gnu/lib/python3.11/traceback.py", line 318, in line
    self._line = linecache.getline(self.filename, self.lineno)
  File "/home/luffy/.local/share/uv/python/cpython-3.11.15-linux-x86_64-gnu/lib/python3.11/linecache.py", line 30, in getline
    lines = getlines(filename, module_globals)
  File "/home/luffy/.local/share/uv/python/cpython-3.11.15-linux-x86_64-gnu/lib/python3.11/linecache.py", line 46, in getlines
    return updatecache(filename, module_globals)
  File "/home/luffy/.local/share/uv/python/cpython-3.11.15-linux-x86_64-gnu/lib/python3.11/linecache.py", line 137, in updatecache
    lines = fp.readlines()
  File "<frozen codecs>", line 319, in decode

--- thread MainThread (id=140295351764800) ---
  File "<frozen runpy>", line 198, in _run_module_as_main
  File "<frozen runpy>", line 88, in _run_code
  File "/home/luffy/.hermes/hermes-agent/tui_gateway/entry.py", line 350, in <module>
    main()
  File "/home/luffy/.hermes/hermes-agent/tui_gateway/entry.py", line 326, in main
    for raw in sys.stdin:
  File "/home/luffy/.hermes/hermes-agent/tui_gateway/entry.py", line 113, in _log_signal
    f.write("".join(traceback.format_stack(sys._current_frames().get(tid))))
  File "/home/luffy/.local/share/uv/python/cpython-3.11.15-linux-x86_64-gnu/lib/python3.11/traceback.py", line 214, in format_stack
    return format_list(extract_stack(f, limit=limit))
  File "/home/luffy/.local/share/uv/python/cpython-3.11.15-linux-x86_64-gnu/lib/python3.11/traceback.py", line 228, in extract_stack
    stack = StackSummary.extract(walk_stack(f), limit=limit)
  File "/home/luffy/.local/share/uv/python/cpython-3.11.15-linux-x86_64-gnu/lib/python3.11/traceback.py", line 390, in extract
    return klass._extract_from_extended_frame_gen(
  File "/home/luffy/.local/share/uv/python/cpython-3.11.15-linux-x86_64-gnu/lib/python3.11/traceback.py", line 433, in _extract_from_extended_frame_gen
    f.line
  File "/home/luffy/.local/share/uv/python/cpython-3.11.15-linux-x86_64-gnu/lib/python3.11/traceback.py", line 318, in line
    self._line = linecache.getline(self.filename, self.lineno)
  File "/home/luffy/.local/share/uv/python/cpython-3.11.15-linux-x86_64-gnu/lib/python3.11/linecache.py", line 30, in getline
    lines = getlines(filename, module_globals)
  File "/home/luffy/.local/share/uv/python/cpython-3.11.15-linux-x86_64-gnu/lib/python3.11/linecache.py", line 46, in getlines
    return updatecache(filename, module_globals)
  File "/home/luffy/.local/share/uv/python/cpython-3.11.15-linux-x86_64-gnu/lib/python3.11/linecache.py", line 137, in updatecache
    lines = fp.readlines()
  File "<frozen codecs>", line 319, in decode
  File "/home/luffy/.hermes/hermes-agent/tui_gateway/entry.py", line 113, in _log_signal
    f.write("".join(traceback.format_stack(sys._current_frames().get(tid))))

--- thread Thread-2 (_loop) (id=140295317399232) ---
  File "/home/luffy/.local/share/uv/python/cpython-3.11.15-linux-x86_64-gnu/lib/python3.11/threading.py", line 1002, in _bootstrap
    self._bootstrap_inner()
  File "/home/luffy/.local/share/uv/python/cpython-3.11.15-linux-x86_64-gnu/lib/python3.11/threading.py", line 1045, in _bootstrap_inner
    self.run()
  File "/home/luffy/.local/share/uv/python/cpython-3.11.15-linux-x86_64-gnu/lib/python3.11/threading.py", line 982, in run
    self._target(*self._args, **self._kwargs)
  File "/home/luffy/.hermes/hermes-agent/tui_gateway/server.py", line 839, in _loop
    time.sleep(_REAPER_SCAN_S)

--- thread tui-rpc_0 (id=140295325791936) ---
  File "/home/luffy/.local/share/uv/python/cpython-3.11.15-linux-x86_64-gnu/lib/python3.11/threading.py", line 1002, in _bootstrap
    self._bootstrap_inner()
  File "/home/luffy/.local/share/uv/python/cpython-3.11.15-linux-x86_64-gnu/lib/python3.11/threading.py", line 1045, in _bootstrap_inner
    self.run()
  File "/home/luffy/.local/share/uv/python/cpython-3.11.15-linux-x86_64-gnu/lib/python3.11/threading.py", line 982, in run
    self._target(*self._args, **self._kwargs)
  File "/home/luffy/.local/share/uv/python/cpython-3.11.15-linux-x86_64-gnu/lib/python3.11/concurrent/futures/thread.py", line 81, in _worker
    work_item = work_queue.get(block=True)

--- thread Thread-14 (_notification_poller_loop) (id=140295213668032) ---
  File "/home/luffy/.local/share/uv/python/cpython-3.11.15-linux-x86_64-gnu/lib/python3.11/threading.py", line 1002, in _bootstrap
    self._bootstrap_inner()
  File "/home/luffy/.local/share/uv/python/cpython-3.11.15-linux-x86_64-gnu/lib/python3.11/threading.py", line 1045, in _bootstrap_inner
    self.run()
  File "/home/luffy/.local/share/uv/python/cpython-3.11.15-linux-x86_64-gnu/lib/python3.11/threading.py", line 982, in run
    self._target(*self._args, **self._kwargs)
  File "/home/luffy/.hermes/hermes-agent/tui_gateway/server.py", line 8213, in _notification_poller_loop
    evt = process_registry.completion_queue.get(timeout=0.5)
  File "/home/luffy/.local/share/uv/python/cpython-3.11.15-linux-x86_64-gnu/lib/python3.11/queue.py", line 180, in get
    self.not_empty.wait(remaining)
  File "/home/luffy/.local/share/uv/python/cpython-3.11.15-linux-x86_64-gnu/lib/python3.11/threading.py", line 331, in wait
    gotit = waiter.acquire(True, timeout)

--- thread Thread-18 (_cleanup_thread_worker) (id=140295230453440) ---
  File "/home/luffy/.local/share/uv/python/cpython-3.11.15-linux-x86_64-gnu/lib/python3.11/threading.py", line 1002, in _bootstrap
    self._bootstrap_inner()
  File "/home/luffy/.local/share/uv/python/cpython-3.11.15-linux-x86_64-gnu/lib/python3.11/threading.py", line 1045, in _bootstrap_inner
    self.run()
  File "/home/luffy/.local/share/uv/python/cpython-3.11.15-linux-x86_64-gnu/lib/python3.11/threading.py", line 982, in run
    self._target(*self._args, **self._kwargs)
  File "/home/luffy/.hermes/hermes-agent/tools/terminal_tool.py", line 1574, in _cleanup_thread_worker
    time.sleep(1)

=== SIGHUP received · 2026-07-01 21:08:21 ===
main-thread stack at signal delivery:
  File "<frozen runpy>", line 198, in _run_module_as_main
  File "<frozen runpy>", line 88, in _run_code
  File "/home/luffy/.hermes/hermes-agent/tui_gateway/entry.py", line 350, in <module>
    main()
  File "/home/luffy/.hermes/hermes-agent/tui_gateway/entry.py", line 326, in main
    for raw in sys.stdin:

--- thread MainThread (id=140295351764800) ---
  File "<frozen runpy>", line 198, in _run_module_as_main
  File "<frozen runpy>", line 88, in _run_code
  File "/home/luffy/.hermes/hermes-agent/tui_gateway/entry.py", line 350, in <module>
    main()
  File "/home/luffy/.hermes/hermes-agent/tui_gateway/entry.py", line 326, in main
    for raw in sys.stdin:
  File "/home/luffy/.hermes/hermes-agent/tui_gateway/entry.py", line 113, in _log_signal
    f.write("".join(traceback.format_stack(sys._current_frames().get(tid))))

--- thread Thread-2 (_loop) (id=140295317399232) ---
[tui-parent] 2026-07-01T15:38:21.584Z uncaughtException: Error: write EIO
[tui-parent] 2026-07-01T15:38:21.590Z [lifecycle] GatewayClient.kill reason=graceful-exit-cleanup pid=93155 killed=true exitCode=null signal=null killResult=true
[tui-parent] 2026-07-01T15:38:21.596Z unhandledRejection: Error: EIO: i/o error, write
[tui-parent] 2026-07-01T15:38:21.614Z [lifecycle] child exit pid=93155 killed=true exitCode=null signal=SIGTERM code=null signal=SIGTERM
[tui-parent] 2026-07-01T15:38:21.615Z [lifecycle] transport exit code=null reason=none
[tui-parent] 2026-07-01T15:38:21.624Z [lifecycle] spawned gateway child pid=104304 killed=false exitCode=null signal=null python=/home/luffy/.hermes/hermes-agent/venv/bin/python3 cwd=/home/luffy

=== gateway exit · 2026-07-01 21:08:25 · reason=stdin EOF (TUI closed the command pipe) ===

=== unhandled exception · 2026-07-01 21:08:25 ===
Traceback (most recent call last):
  File "<frozen runpy>", line 198, in _run_module_as_main
  File "<frozen runpy>", line 88, in _run_code
  File "/home/luffy/.hermes/hermes-agent/tui_gateway/entry.py", line 350, in <module>
    main()
  File "/home/luffy/.hermes/hermes-agent/tui_gateway/entry.py", line 346, in main
    _log_exit("stdin EOF (TUI closed the command pipe)")
  File "/home/luffy/.hermes/hermes-agent/tui_gateway/entry.py", line 204, in _log_exit
    print(f"[gateway-exit] {reason}", file=sys.stderr, flush=True)
BrokenPipeError: [Errno 32] Broken pipe
[tui-parent] 2026-07-01T15:38:48.586Z [lifecycle] spawned gateway child pid=106270 killed=false exitCode=null signal=null python=/home/luffy/.hermes/hermes-agent/venv/bin/python3 cwd=/home/luffy
[tui-parent] 2026-07-01T16:41:42.279Z uncaughtException: Error: read EIO
[tui-parent] 2026-07-01T16:41:42.299Z graceful-exit received signal=SIGHUP → killing gateway

=== SIGHUP received · 2026-07-01 22:11:42 ===
main-thread stack at signal delivery:
  File "<frozen runpy>", line 198, in _run_module_as_main
  File "<frozen runpy>", line 88, in _run_code
  File "/home/luffy/.hermes/hermes-agent/tui_gateway/entry.py", line 350, in <module>
    main()
  File "/home/luffy/.hermes/hermes-agent/tui_gateway/entry.py", line 326, in main
    for raw in sys.stdin:

--- thread MainThread (id=139925568096064) ---
  File "<frozen runpy>", line 198, in _run_module_as_main
  File "<frozen runpy>", line 88, in _run_code
  File "/home/luffy/.hermes/hermes-agent/tui_gateway/entry.py", line 350, in <module>
    main()
  File "/home/luffy/.hermes/hermes-agent/tui_gateway/entry.py", line 326, in main
    for raw in sys.stdin:
  File "/home/luffy/.hermes/hermes-agent/tui_gateway/entry.py", line 113, in _log_signal
    f.write("".join(traceback.format_stack(sys._current_frames().get(tid))))

--- thread Thread-2 (_loop) (id=139925542110912) ---
  File "/home/luffy/.local/share/uv/python/cpython-3.11.15-linux-x86_64-gnu/lib/python3.11/threading.py", line 1002, in _bootstrap
    self._bootstrap_inner()
  File "/home/luffy/.local/share/uv/python/cpython-3.11.15-linux-x86_64-gnu/lib/python3.11/threading.py", line 1045, in _bootstrap_inner
    self.run()
  File "/home/luffy/.local/share/uv/python/cpython-3.11.15-linux-x86_64-gnu/lib/python3.11/threading.py", line 982, in run
    self._target(*self._args, **self._kwargs)
  File "/home/luffy/.hermes/hermes-agent/tui_gateway/server.py", line 839, in _loop
    time.sleep(_REAPER_SCAN_S)

=== SIGHUP received · 2026-07-01 22:11:42 ===
main-thread stack at signal delivery:
  File "<frozen runpy>", line 198, in _run_module_as_main
  File "<frozen runpy>", line 88, in _run_code
  File "/home/luffy/.hermes/hermes-agent/tui_gateway/entry.py", line 350, in <module>
    main()
  File "/home/luffy/.hermes/hermes-agent/tui_gateway/entry.py", line 326, in main
    for raw in sys.stdin:
  File "/home/luffy/.hermes/hermes-agent/tui_gateway/entry.py", line 141, in _log_signal
    _shutdown_sessions()
  File "/home/luffy/.hermes/hermes-agent/tui_gateway/server.py", line 719, in _shutdown_sessions
    _close_session_by_id(sid, end_reason="tui_shutdown")
  File "/home/luffy/.hermes/hermes-agent/tui_gateway/server.py", line 629, in _close_session_by_id
    _teardown_session(session, end_reason=end_reason)
  File "/home/luffy/.hermes/hermes-agent/tui_gateway/server.py", line 588, in _teardown_session
    _finalize_session(session, end_reason=end_reason)
  File "/home/luffy/.hermes/hermes-agent/tui_gateway/server.py", line 556, in _finalize_session
    db.end_session(session_id, end_reason)
  File "/home/luffy/.hermes/hermes-agent/hermes_state.py", line 1517, in end_session
    self._execute_write(_do)
  File "/home/luffy/.hermes/hermes-agent/hermes_state.py", line 1068, in _execute_write
    self._conn.commit()

--- thread MainThread (id=139925568096064) ---
  File "<frozen runpy>", line 198, in _run_module_as_main
  File "<frozen runpy>", line 88, in _run_code
  File "/home/luffy/.hermes/hermes-agent/tui_gateway/entry.py", line 350, in <module>
    main()
  File "/home/luffy/.hermes/hermes-agent/tui_gateway/entry.py", line 326, in main
    for raw in sys.stdin:
  File "/home/luffy/.hermes/hermes-agent/tui_gateway/entry.py", line 141, in _log_signal
    _shutdown_sessions()
  File "/home/luffy/.hermes/hermes-agent/tui_gateway/server.py", line 719, in _shutdown_sessions
    _close_session_by_id(sid, end_reason="tui_shutdown")
  File "/home/luffy/.hermes/hermes-agent/tui_gateway/server.py", line 629, in _close_session_by_id
    _teardown_session(session, end_reason=end_reason)
  File "/home/luffy/.hermes/hermes-agent/tui_gateway/server.py", line 588, in _teardown_session
    _finalize_session(session, end_reason=end_reason)
  File "/home/luffy/.hermes/hermes-agent/tui_gateway/server.py", line 556, in _finalize_session
    db.end_session(session_id, end_reason)
  File "/home/luffy/.hermes/hermes-agent/hermes_state.py", line 1517, in end_session
    self._execute_write(_do)
  File "/home/luffy/.hermes/hermes-agent/hermes_state.py", line 1068, in _execute_write
    self._conn.commit()
  File "/home/luffy/.hermes/hermes-agent/tui_gateway/entry.py", line 113, in _log_signal
    f.write("".join(traceback.format_stack(sys._current_frames().get(tid))))

--- thread Thread-2 (_loop) (id=139925542110912) ---
  File "/home/luffy/.local/share/uv/python/cpython-3.11.15-linux-x86_64-gnu/lib/python3.11/threading.py", line 1002, in _bootstrap
    self._bootstrap_inner()
  File "/home/luffy/.local/share/uv/python/cpython-3.11.15-linux-x86_64-gnu/lib/python3.11/threading.py", line 1045, in _bootstrap_inner
    self.run()
  File "/home/luffy/.local/share/uv/python/cpython-3.11.15-linux-x86_64-gnu/lib/python3.11/threading.py", line 982, in run
    self._target(*self._args, **self._kwargs)
  File "/home/luffy/.hermes/hermes-agent/tui_gateway/server.py", line 839, in _loop
    time.sleep(_REAPER_SCAN_S)

--- thread tui-rpc_0 (id=139925532669632) ---
  File "/home/luffy/.local/share/uv/python/cpython-3.11.15-linux-x86_64-gnu/lib/python3.11/threading.py", line 1002, in _bootstrap
    self._bootstrap_inner()
  File "/home/luffy/.local/share/uv/python/cpython-3.11.15-linux-x86_64-gnu/lib/python3.11/threading.py", line 1045, in _bootstrap_inner
    self.run()
  File "/home/luffy/.local/share/uv/python/cpython-3.11.15-linux-x86_64-gnu/lib/python3.11/threading.py", line 982, in run
    self._target(*self._args, **self._kwargs)
  File "/home/luffy/.local/share/uv/python/cpython-3.11.15-linux-x86_64-gnu/lib/python3.11/concurrent/futures/thread.py", line 81, in _worker
    work_item = work_queue.get(block=True)

--- thread tui-rpc_1 (id=139925506201280) ---
  File "/home/luffy/.local/share/uv/python/cpython-3.11.15-linux-x86_64-gnu/lib/python3.11/threading.py", line 1002, in _bootstrap
    self._bootstrap_inner()
  File "/home/luffy/.local/share/uv/python/cpython-3.11.15-linux-x86_64-gnu/lib/python3.11/threading.py", line 1045, in _bootstrap_inner
    self.run()
  File "/home/luffy/.local/share/uv/python/cpython-3.11.15-linux-x86_64-gnu/lib/python3.11/threading.py", line 982, in run
    self._target(*self._args, **self._kwargs)
  File "/home/luffy/.local/share/uv/python/cpython-3.11.15-linux-x86_64-gnu/lib/python3.11/concurrent/futures/thread.py", line 81, in _worker
    work_item = work_queue.get(block=True)

--- thread tui-rpc_2 (id=139925514593984) ---
  File "/home/luffy/.local/share/uv/python/cpython-3.11.15-linux-x86_64-gnu/lib/python3.11/threading.py", line 1002, in _bootstrap
    self._bootstrap_inner()
  File "/home/luffy/.local/share/uv/python/cpython-3.11.15-linux-x86_64-gnu/lib/python3.11/threading.py", line 1045, in _bootstrap_inner
    self.run()
  File "/home/luffy/.local/share/uv/python/cpython-3.11.15-linux-x86_64-gnu/lib/python3.11/threading.py", line 982, in run
    self._target(*self._args, **self._kwargs)
  File "/home/luffy/.local/share/uv/python/cpython-3.11.15-linux-x86_64-gnu/lib/python3.11/concurrent/futures/thread.py", line 81, in _worker
    work_item = work_queue.get(block=True)

--- thread Thread-14 (_notification_poller_loop) (id=139925497808576) ---
  File "/home/luffy/.local/share/uv/python/cpython-3.11.15-linux-x86_64-gnu/lib/python3.11/threading.py", line 1002, in _bootstrap
    self._bootstrap_inner()
  File "/home/luffy/.local/share/uv/python/cpython-3.11.15-linux-x86_64-gnu/lib/python3.11/threading.py", line 1045, in _bootstrap_inner
    self.run()
  File "/home/luffy/.local/share/uv/python/cpython-3.11.15-linux-x86_64-gnu/lib/python3.11/threading.py", line 982, in run
    self._target(*self._args, **self._kwargs)
  File "/home/luffy/.hermes/hermes-agent/tui_gateway/server.py", line 8213, in _notification_poller_loop
    evt = process_registry.completion_queue.get(timeout=0.5)
  File "/home/luffy/.local/share/uv/python/cpython-3.11.15-linux-x86_64-gnu/lib/python3.11/queue.py", line 180, in get
    self.not_empty.wait(remaining)
  File "/home/luffy/.local/share/uv/python/cpython-3.11.15-linux-x86_64-gnu/lib/python3.11/threading.py", line 331, in wait
    gotit = waiter.acquire(True, timeout)

--- thread Thread-19 (_cleanup_thread_worker) (id=139925047580352) ---
  File "/home/luffy/.local/share/uv/python/cpython-3.11.15-linux-x86_64-gnu/lib/python3.11/threading.py", line 1002, in _bootstrap
    self._bootstrap_inner()
  File "/home/luffy/.local/share/uv/python/cpython-3.11.15-linux-x86_64-gnu/lib/python3.11/threading.py", line 1045, in _bootstrap_inner
    self.run()
  File "/home/luffy/.local/share/uv/python/cpython-3.11.15-linux-x86_64-gnu/lib/python3.11/threading.py", line 982, in run
    self._target(*self._args, **self._kwargs)
  File "/home/luffy/.hermes/hermes-agent/tools/terminal_tool.py", line 1574, in _cleanup_thread_worker
    time.sleep(1)

--- thread hermes-lsp-loop (id=139925011134144) ---
  File "/home/luffy/.local/share/uv/python/cpython-3.11.15-linux-x86_64-gnu/lib/python3.11/threading.py", line 1002, in _bootstrap
    self._bootstrap_inner()
  File "/home/luffy/.local/share/uv/python/cpython-3.11.15-linux-x86_64-gnu/lib/python3.11/threading.py", line 1045, in _bootstrap_inner
    self.run()
  File "/home/luffy/.local/share/uv/python/cpython-3.11.15-linux-x86_64-gnu/lib/python3.11/threading.py", line 982, in run
    self._target(*self._args, **self._kwargs)
  File "/home/luffy/.hermes/hermes-agent/agent/lsp/manager.py", line 93, in _run_forever
    loop.run_forever()
  File "/home/luffy/.local/share/uv/python/cpython-3.11.15-linux-x86_64-gnu/lib/python3.11/asyncio/base_events.py", line 608, in run_forever
    self._run_once()
  File "/home/luffy/.local/share/uv/python/cpython-3.11.15-linux-x86_64-gnu/lib/python3.11/asyncio/base_events.py", line 1898, in _run_once
    event_list = self._selector.select(timeout)
  File "/home/luffy/.local/share/uv/python/cpython-3.11.15-linux-x86_64-gnu/lib/python3.11/selectors.py", line 468, in select
    fd_event_list = self._selector.poll(timeout, max_ev)

--- thread Thread-81 (id=139925024769728) ---
  File "/home/luffy/.local/share/uv/python/cpython-3.11.15-linux-x86_64-gnu/lib/python3.11/threading.py", line 1002, in _bootstrap
    self._bootstrap_inner()
  File "/home/luffy/.local/share/uv/python/cpython-3.11.15-linux-x86_64-gnu/lib/python3.11/threading.py", line 1045, in _bootstrap_inner
    self.run()
  File "/home/luffy/.local/share/uv/python/cpython-3.11.15-linux-x86_64-gnu/lib/python3.11/threading.py", line 1399, in run
    self.finished.wait(self.interval)
  File "/home/luffy/.local/share/uv/python/cpython-3.11.15-linux-x86_64-gnu/lib/python3.11/threading.py", line 629, in wait
    signaled = self._cond.wait(timeout)
  File "/home/luffy/.local/share/uv/python/cpython-3.11.15-linux-x86_64-gnu/lib/python3.11/threading.py", line 331, in wait
    gotit = waiter.acquire(True, timeout)
[tui-parent] 2026-07-01T16:41:42.347Z uncaughtException: Error: write EIO
[tui-parent] 2026-07-01T16:41:42.358Z [lifecycle] GatewayClient.kill reason=graceful-exit-cleanup pid=106270 killed=true exitCode=null signal=null killResult=true

=== SIGTERM received · 2026-07-01 22:11:42 ===
main-thread stack at signal delivery:
  File "/home/luffy/.hermes/hermes-agent/tools/terminal_tool.py", line 1722, in _atexit_cleanup
    _stop_cleanup_thread()
  File "/home/luffy/.hermes/hermes-agent/tools/terminal_tool.py", line 1594, in _stop_cleanup_thread
    _cleanup_thread.join(timeout=5)
  File "/home/luffy/.local/share/uv/python/cpython-3.11.15-linux-x86_64-gnu/lib/python3.11/threading.py", line 1123, in join
    self._wait_for_tstate_lock(timeout=max(timeout, 0))
  File "/home/luffy/.local/share/uv/python/cpython-3.11.15-linux-x86_64-gnu/lib/python3.11/threading.py", line 1139, in _wait_for_tstate_lock
    if lock.acquire(block, timeout):

--- thread MainThread (id=139925568096064) ---
  File "/home/luffy/.hermes/hermes-agent/tools/terminal_tool.py", line 1722, in _atexit_cleanup
    _stop_cleanup_thread()
  File "/home/luffy/.hermes/hermes-agent/tools/terminal_tool.py", line 1594, in _stop_cleanup_thread
    _cleanup_thread.join(timeout=5)
  File "/home/luffy/.local/share/uv/python/cpython-3.11.15-linux-x86_64-gnu/lib/python3.11/threading.py", line 1123, in join
    self._wait_for_tstate_lock(timeout=max(timeout, 0))
  File "/home/luffy/.local/share/uv/python/cpython-3.11.15-linux-x86_64-gnu/lib/python3.11/threading.py", line 1139, in _wait_for_tstate_lock
    if lock.acquire(block, timeout):
  File "/home/luffy/.hermes/hermes-agent/tui_gateway/entry.py", line 113, in _log_signal
    f.write("".join(traceback.format_stack(sys._current_frames().get(tid))))

--- thread Thread-2 (_loop) (id=139925542110912) ---
  File "/home/luffy/.local/share/uv/python/cpython-3.11.15-linux-x86_64-gnu/lib/python3.11/threading.py", line 1002, in _bootstrap
    self._bootstrap_inner()
  File "/home/luffy/.local/share/uv/python/cpython-3.11.15-linux-x86_64-gnu/lib/python3.11/threading.py", line 1045, in _bootstrap_inner
    self.run()
  File "/home/luffy/.local/share/uv/python/cpython-3.11.15-linux-x86_64-gnu/lib/python3.11/threading.py", line 982, in run
    self._target(*self._args, **self._kwargs)
  File "/home/luffy/.hermes/hermes-agent/tui_gateway/server.py", line 839, in _loop
    time.sleep(_REAPER_SCAN_S)

--- thread Thread-14 (_notification_poller_loop) (id=139925497808576) ---
  File "/home/luffy/.local/share/uv/python/cpython-3.11.15-linux-x86_64-gnu/lib/python3.11/threading.py", line 1002, in _bootstrap
    self._bootstrap_inner()
  File "/home/luffy/.local/share/uv/python/cpython-3.11.15-linux-x86_64-gnu/lib/python3.11/threading.py", line 1045, in _bootstrap_inner
    self.run()
  File "/home/luffy/.local/share/uv/python/cpython-3.11.15-linux-x86_64-gnu/lib/python3.11/threading.py", line 982, in run
    self._target(*self._args, **self._kwargs)
  File "/home/luffy/.hermes/hermes-agent/tui_gateway/server.py", line 8213, in _notification_poller_loop
    evt = process_registry.completion_queue.get(timeout=0.5)
  File "/home/luffy/.local/share/uv/python/cpython-3.11.15-linux-x86_64-gnu/lib/python3.11/queue.py", line 180, in get
    self.not_empty.wait(remaining)
  File "/home/luffy/.local/share/uv/python/cpython-3.11.15-linux-x86_64-gnu/lib/python3.11/threading.py", line 331, in wait
    gotit = waiter.acquire(True, timeout)

--- thread Thread-19 (_cleanup_thread_worker) (id=139925047580352) ---
  File "/home/luffy/.local/share/uv/python/cpython-3.11.15-linux-x86_64-gnu/lib/python3.11/threading.py", line 1002, in _bootstrap
    self._bootstrap_inner()
  File "/home/luffy/.local/share/uv/python/cpython-3.11.15-linux-x86_64-gnu/lib/python3.11/threading.py", line 1045, in _bootstrap_inner
    self.run()
  File "/home/luffy/.local/share/uv/python/cpython-3.11.15-linux-x86_64-gnu/lib/python3.11/threading.py", line 982, in run
    self._target(*self._args, **self._kwargs)
  File "/home/luffy/.hermes/hermes-agent/tools/terminal_tool.py", line 1574, in _cleanup_thread_worker
    time.sleep(1)

--- thread Thread-81 (id=139925024769728) ---
  File "/home/luffy/.local/share/uv/python/cpython-3.11.15-linux-x86_64-gnu/lib/python3.11/threading.py", line 1002, in _bootstrap
    self._bootstrap_inner()
  File "/home/luffy/.local/share/uv/python/cpython-3.11.15-linux-x86_64-gnu/lib/python3.11/threading.py", line 1045, in _bootstrap_inner
    self.run()
  File "/home/luffy/.local/share/uv/python/cpython-3.11.15-linux-x86_64-gnu/lib/python3.11/threading.py", line 1399, in run
    self.finished.wait(self.interval)
  File "/home/luffy/.local/share/uv/python/cpython-3.11.15-linux-x86_64-gnu/lib/python3.11/threading.py", line 629, in wait
    signaled = self._cond.wait(timeout)
  File "/home/luffy/.local/share/uv/python/cpython-3.11.15-linux-x86_64-gnu/lib/python3.11/threading.py", line 331, in wait
    gotit = waiter.acquire(True, timeout)

--- thread Thread-82 (id=139925039187648) ---
  File "/home/luffy/.local/share/uv/python/cpython-3.11.15-linux-x86_64-gnu/lib/python3.11/threading.py", line 1002, in _bootstrap
    self._bootstrap_inner()
  File "/home/luffy/.local/share/uv/python/cpython-3.11.15-linux-x86_64-gnu/lib/python3.11/threading.py", line 1045, in _bootstrap_inner
    self.run()
  File "/home/luffy/.local/share/uv/python/cpython-3.11.15-linux-x86_64-gnu/lib/python3.11/threading.py", line 1399, in run
    self.finished.wait(self.interval)
  File "/home/luffy/.local/share/uv/python/cpython-3.11.15-linux-x86_64-gnu/lib/python3.11/threading.py", line 629, in wait
    signaled = self._cond.wait(timeout)
  File "/home/luffy/.local/share/uv/python/cpython-3.11.15-linux-x86_64-gnu/lib/python3.11/threading.py", line 331, in wait
    gotit = waiter.acquire(True, timeout)
[tui-parent] 2026-07-01T16:41:42.364Z unhandledRejection: Error: EIO: i/o error, write
[tui-parent] 2026-07-01T16:41:42.646Z [lifecycle] spawned gateway child pid=213430 killed=false exitCode=null signal=null python=/home/luffy/.hermes/hermes-agent/venv/bin/python3 cwd=/home/luffy
[tui-parent] 2026-07-02T03:50:14.401Z [lifecycle] spawned gateway child pid=193642 killed=false exitCode=null signal=null python=/home/luffy/.hermes/hermes-agent/venv/bin/python3 cwd=/home/luffy
[tui-parent] 2026-07-02T03:51:57.240Z [lifecycle] GatewayClient.kill reason=app.die pid=193642 killed=true exitCode=null signal=null killResult=true

=== SIGTERM received · 2026-07-02 09:21:57 ===
main-thread stack at signal delivery:
  File "<frozen runpy>", line 198, in _run_module_as_main
  File "<frozen runpy>", line 88, in _run_code
  File "/home/luffy/.hermes/hermes-agent/tui_gateway/entry.py", line 350, in <module>
    "jsonrpc": "2.0",
  File "/home/luffy/.hermes/hermes-agent/tui_gateway/entry.py", line 326, in main
    try:

--- thread MainThread (id=140226787899200) ---
  File "<frozen runpy>", line 198, in _run_module_as_main
  File "<frozen runpy>", line 88, in _run_code
  File "/home/luffy/.hermes/hermes-agent/tui_gateway/entry.py", line 350, in <module>
    "jsonrpc": "2.0",
  File "/home/luffy/.hermes/hermes-agent/tui_gateway/entry.py", line 326, in main
    try:
  File "/home/luffy/.hermes/hermes-agent/tui_gateway/entry.py", line 113, in _log_signal
    f.write("".join(traceback.format_stack(sys._current_frames().get(tid))))

--- thread Thread-2 (_loop) (id=140226762061504) ---
  File "/home/luffy/.local/share/uv/python/cpython-3.11.15-linux-x86_64-gnu/lib/python3.11/threading.py", line 1002, in _bootstrap
    self._bootstrap_inner()
  File "/home/luffy/.local/share/uv/python/cpython-3.11.15-linux-x86_64-gnu/lib/python3.11/threading.py", line 1045, in _bootstrap_inner
    self.run()
  File "/home/luffy/.local/share/uv/python/cpython-3.11.15-linux-x86_64-gnu/lib/python3.11/threading.py", line 982, in run
    self._target(*self._args, **self._kwargs)
  File "/home/luffy/.hermes/hermes-agent/tui_gateway/server.py", line 839, in _loop
    """Run the LRU sweep off the response path (eviction can call agent.close)."""

--- thread tui-rpc_0 (id=140226753668800) ---
  File "/home/luffy/.local/share/uv/python/cpython-3.11.15-linux-x86_64-gnu/lib/python3.11/threading.py", line 1002, in _bootstrap
    self._bootstrap_inner()
  File "/home/luffy/.local/share/uv/python/cpython-3.11.15-linux-x86_64-gnu/lib/python3.11/threading.py", line 1045, in _bootstrap_inner
    self.run()
  File "/home/luffy/.local/share/uv/python/cpython-3.11.15-linux-x86_64-gnu/lib/python3.11/threading.py", line 982, in run
    self._target(*self._args, **self._kwargs)
  File "/home/luffy/.local/share/uv/python/cpython-3.11.15-linux-x86_64-gnu/lib/python3.11/concurrent/futures/thread.py", line 81, in _worker
    work_item = work_queue.get(block=True)

--- thread Thread-6 (_drain_stdout) (id=140226521462464) ---
  File "/home/luffy/.local/share/uv/python/cpython-3.11.15-linux-x86_64-gnu/lib/python3.11/threading.py", line 1002, in _bootstrap
    self._bootstrap_inner()
  File "/home/luffy/.local/share/uv/python/cpython-3.11.15-linux-x86_64-gnu/lib/python3.11/threading.py", line 1045, in _bootstrap_inner
    self.run()
  File "/home/luffy/.local/share/uv/python/cpython-3.11.15-linux-x86_64-gnu/lib/python3.11/threading.py", line 982, in run
    self._target(*self._args, **self._kwargs)
  File "/home/luffy/.hermes/hermes-agent/tui_gateway/server.py", line 297, in _drain_stdout
    stdin=subprocess.PIPE,

--- thread Thread-7 (_drain_stderr) (id=140226734544576) ---
  File "/home/luffy/.local/share/uv/python/cpython-3.11.15-linux-x86_64-gnu/lib/python3.11/threading.py", line 1002, in _bootstrap
    self._bootstrap_inner()
  File "/home/luffy/.local/share/uv/python/cpython-3.11.15-linux-x86_64-gnu/lib/python3.11/threading.py", line 1045, in _bootstrap_inner
    self.run()
  File "/home/luffy/.local/share/uv/python/cpython-3.11.15-linux-x86_64-gnu/lib/python3.11/threading.py", line 982, in run
    self._target(*self._args, **self._kwargs)
  File "/home/luffy/.hermes/hermes-agent/tui_gateway/server.py", line 305, in _drain_stderr
    env=hermes_subprocess_env(inherit_credentials=True),

--- thread Thread-8 (_notification_poller_loop) (id=140226343020224) ---
  File "/home/luffy/.local/share/uv/python/cpython-3.11.15-linux-x86_64-gnu/lib/python3.11/threading.py", line 1002, in _bootstrap
    self._bootstrap_inner()
  File "/home/luffy/.local/share/uv/python/cpython-3.11.15-linux-x86_64-gnu/lib/python3.11/threading.py", line 1045, in _bootstrap_inner
    self.run()
  File "/home/luffy/.local/share/uv/python/cpython-3.11.15-linux-x86_64-gnu/lib/python3.11/threading.py", line 982, in run
    self._target(*self._args, **self._kwargs)
  File "/home/luffy/.hermes/hermes-agent/tui_gateway/server.py", line 8213, in _notification_poller_loop
    Background-process events carry the ``session_key`` of the session that
  File "/home/luffy/.local/share/uv/python/cpython-3.11.15-linux-x86_64-gnu/lib/python3.11/queue.py", line 180, in get
    self.not_empty.wait(remaining)
  File "/home/luffy/.local/share/uv/python/cpython-3.11.15-linux-x86_64-gnu/lib/python3.11/threading.py", line 331, in wait
    gotit = waiter.acquire(True, timeout)

--- thread Thread-13 (_cleanup_thread_worker) (id=140226513069760) ---
  File "/home/luffy/.local/share/uv/python/cpython-3.11.15-linux-x86_64-gnu/lib/python3.11/threading.py", line 1002, in _bootstrap
    self._bootstrap_inner()
  File "/home/luffy/.local/share/uv/python/cpython-3.11.15-linux-x86_64-gnu/lib/python3.11/threading.py", line 1045, in _bootstrap_inner
    self.run()
  File "/home/luffy/.local/share/uv/python/cpython-3.11.15-linux-x86_64-gnu/lib/python3.11/threading.py", line 982, in run
    self._target(*self._args, **self._kwargs)
  File "/home/luffy/.hermes/hermes-agent/tools/terminal_tool.py", line 1574, in _cleanup_thread_worker
[tui-parent] 2026-07-02T04:15:13.058Z [lifecycle] spawned gateway child pid=574926 killed=false exitCode=null signal=null python=/home/luffy/.hermes/hermes-agent/venv/bin/python3 cwd=/home/luffy
[tui-parent] 2026-07-02T04:32:25.076Z [lifecycle] GatewayClient.kill reason=app.die pid=574926 killed=true exitCode=null signal=null killResult=true

=== SIGTERM received · 2026-07-02 10:02:25 ===
main-thread stack at signal delivery:
  File "<frozen runpy>", line 198, in _run_module_as_main
  File "<frozen runpy>", line 88, in _run_code
  File "/home/luffy/.hermes/hermes-agent/tui_gateway/entry.py", line 381, in <module>
    main()
  File "/home/luffy/.hermes/hermes-agent/tui_gateway/entry.py", line 357, in main
    for raw in sys.stdin:

--- thread MainThread (id=139699036464960) ---
  File "<frozen runpy>", line 198, in _run_module_as_main
  File "<frozen runpy>", line 88, in _run_code
  File "/home/luffy/.hermes/hermes-agent/tui_gateway/entry.py", line 381, in <module>
    main()
  File "/home/luffy/.hermes/hermes-agent/tui_gateway/entry.py", line 357, in main
    for raw in sys.stdin:
  File "/home/luffy/.hermes/hermes-agent/tui_gateway/entry.py", line 113, in _log_signal
    f.write("".join(traceback.format_stack(sys._current_frames().get(tid))))

--- thread Thread-2 (_loop) (id=139699009156800) ---
  File "/home/luffy/.local/share/uv/python/cpython-3.11.15-linux-x86_64-gnu/lib/python3.11/threading.py", line 1002, in _bootstrap
    self._bootstrap_inner()
  File "/home/luffy/.local/share/uv/python/cpython-3.11.15-linux-x86_64-gnu/lib/python3.11/threading.py", line 1045, in _bootstrap_inner
    self.run()
  File "/home/luffy/.local/share/uv/python/cpython-3.11.15-linux-x86_64-gnu/lib/python3.11/threading.py", line 982, in run
    self._target(*self._args, **self._kwargs)
  File "/home/luffy/.hermes/hermes-agent/tui_gateway/server.py", line 855, in _loop
    time.sleep(_REAPER_SCAN_S)

--- thread tui-rpc_0 (id=139698999715520) ---
  File "/home/luffy/.local/share/uv/python/cpython-3.11.15-linux-x86_64-gnu/lib/python3.11/threading.py", line 1002, in _bootstrap
    self._bootstrap_inner()
  File "/home/luffy/.local/share/uv/python/cpython-3.11.15-linux-x86_64-gnu/lib/python3.11/threading.py", line 1045, in _bootstrap_inner
    self.run()
  File "/home/luffy/.local/share/uv/python/cpython-3.11.15-linux-x86_64-gnu/lib/python3.11/threading.py", line 982, in run
    self._target(*self._args, **self._kwargs)
  File "/home/luffy/.local/share/uv/python/cpython-3.11.15-linux-x86_64-gnu/lib/python3.11/concurrent/futures/thread.py", line 81, in _worker
    work_item = work_queue.get(block=True)

--- thread Thread-6 (_drain_stdout) (id=139698903180992) ---
  File "/home/luffy/.local/share/uv/python/cpython-3.11.15-linux-x86_64-gnu/lib/python3.11/threading.py", line 1002, in _bootstrap
    self._bootstrap_inner()
  File "/home/luffy/.local/share/uv/python/cpython-3.11.15-linux-x86_64-gnu/lib/python3.11/threading.py", line 1045, in _bootstrap_inner
    self.run()
  File "/home/luffy/.local/share/uv/python/cpython-3.11.15-linux-x86_64-gnu/lib/python3.11/threading.py", line 982, in run
    self._target(*self._args, **self._kwargs)
  File "/home/luffy/.hermes/hermes-agent/tui_gateway/server.py", line 313, in _drain_stdout
    for line in self.proc.stdout or []:

--- thread Thread-7 (_drain_stderr) (id=139698911573696) ---
  File "/home/luffy/.local/share/uv/python/cpython-3.11.15-linux-x86_64-gnu/lib/python3.11/threading.py", line 1002, in _bootstrap
    self._bootstrap_inner()
  File "/home/luffy/.local/share/uv/python/cpython-3.11.15-linux-x86_64-gnu/lib/python3.11/threading.py", line 1045, in _bootstrap_inner
    self.run()
  File "/home/luffy/.local/share/uv/python/cpython-3.11.15-linux-x86_64-gnu/lib/python3.11/threading.py", line 982, in run
    self._target(*self._args, **self._kwargs)
  File "/home/luffy/.hermes/hermes-agent/tui_gateway/server.py", line 321, in _drain_stderr
    for line in self.proc.stderr or []:

--- thread Thread-8 (_notification_poller_loop) (id=139698566592192) ---
  File "/home/luffy/.local/share/uv/python/cpython-3.11.15-linux-x86_64-gnu/lib/python3.11/threading.py", line 1002, in _bootstrap
    self._bootstrap_inner()
  File "/home/luffy/.local/share/uv/python/cpython-3.11.15-linux-x86_64-gnu/lib/python3.11/threading.py", line 1045, in _bootstrap_inner
    self.run()
  File "/home/luffy/.local/share/uv/python/cpython-3.11.15-linux-x86_64-gnu/lib/python3.11/threading.py", line 982, in run
    self._target(*self._args, **self._kwargs)
  File "/home/luffy/.hermes/hermes-agent/tui_gateway/server.py", line 8296, in _notification_poller_loop
    evt = process_registry.completion_queue.get(timeout=0.5)
  File "/home/luffy/.local/share/uv/python/cpython-3.11.15-linux-x86_64-gnu/lib/python3.11/queue.py", line 180, in get
    self.not_empty.wait(remaining)
  File "/home/luffy/.local/share/uv/python/cpython-3.11.15-linux-x86_64-gnu/lib/python3.11/threading.py", line 331, in wait
    gotit = waiter.acquire(True, timeout)
[tui-parent] 2026-07-02T04:34:39.166Z [lifecycle] spawned gateway child pid=836788 killed=false exitCode=null signal=null python=/home/luffy/.hermes/hermes-agent/venv/bin/python3 cwd=/home/luffy/Documents/SpringBoot/usermanagementAPI
[tui-parent] 2026-07-02T04:53:04.249Z graceful-exit received signal=SIGHUP → killing gateway

=== SIGHUP received · 2026-07-02 10:23:04 ===
main-thread stack at signal delivery:
  File "<frozen runpy>", line 198, in _run_module_as_main
  File "<frozen runpy>", line 88, in _run_code
  File "/home/luffy/.hermes/hermes-agent/tui_gateway/entry.py", line 381, in <module>
    main()
  File "/home/luffy/.hermes/hermes-agent/tui_gateway/entry.py", line 357, in main
    for raw in sys.stdin:
  File "/home/luffy/.hermes/hermes-agent/tui_gateway/entry.py", line 113, in _log_signal
    f.write("".join(traceback.format_stack(sys._current_frames().get(tid))))
  File "/home/luffy/.local/share/uv/python/cpython-3.11.15-linux-x86_64-gnu/lib/python3.11/traceback.py", line 214, in format_stack
    return format_list(extract_stack(f, limit=limit))
  File "/home/luffy/.local/share/uv/python/cpython-3.11.15-linux-x86_64-gnu/lib/python3.11/traceback.py", line 228, in extract_stack
    stack = StackSummary.extract(walk_stack(f), limit=limit)
  File "/home/luffy/.local/share/uv/python/cpython-3.11.15-linux-x86_64-gnu/lib/python3.11/traceback.py", line 390, in extract
    return klass._extract_from_extended_frame_gen(
  File "/home/luffy/.local/share/uv/python/cpython-3.11.15-linux-x86_64-gnu/lib/python3.11/traceback.py", line 433, in _extract_from_extended_frame_gen
    f.line
  File "/home/luffy/.local/share/uv/python/cpython-3.11.15-linux-x86_64-gnu/lib/python3.11/traceback.py", line 318, in line
    self._line = linecache.getline(self.filename, self.lineno)
  File "/home/luffy/.local/share/uv/python/cpython-3.11.15-linux-x86_64-gnu/lib/python3.11/linecache.py", line 30, in getline
    lines = getlines(filename, module_globals)
  File "/home/luffy/.local/share/uv/python/cpython-3.11.15-linux-x86_64-gnu/lib/python3.11/linecache.py", line 46, in getlines
    return updatecache(filename, module_globals)
  File "/home/luffy/.local/share/uv/python/cpython-3.11.15-linux-x86_64-gnu/lib/python3.11/linecache.py", line 136, in updatecache
    with tokenize.open(fullname) as fp:
  File "/home/luffy/.local/share/uv/python/cpython-3.11.15-linux-x86_64-gnu/lib/python3.11/tokenize.py", line 400, in open
    text = TextIOWrapper(buffer, encoding, line_buffering=True)

--- thread MainThread (id=140234050832192) ---
  File "<frozen runpy>", line 198, in _run_module_as_main
  File "<frozen runpy>", line 88, in _run_code
  File "/home/luffy/.hermes/hermes-agent/tui_gateway/entry.py", line 381, in <module>
    main()
  File "/home/luffy/.hermes/hermes-agent/tui_gateway/entry.py", line 357, in main
    for raw in sys.stdin:
  File "/home/luffy/.hermes/hermes-agent/tui_gateway/entry.py", line 113, in _log_signal
    f.write("".join(traceback.format_stack(sys._current_frames().get(tid))))
  File "/home/luffy/.local/share/uv/python/cpython-3.11.15-linux-x86_64-gnu/lib/python3.11/traceback.py", line 214, in format_stack
    return format_list(extract_stack(f, limit=limit))
  File "/home/luffy/.local/share/uv/python/cpython-3.11.15-linux-x86_64-gnu/lib/python3.11/traceback.py", line 228, in extract_stack
    stack = StackSummary.extract(walk_stack(f), limit=limit)
  File "/home/luffy/.local/share/uv/python/cpython-3.11.15-linux-x86_64-gnu/lib/python3.11/traceback.py", line 390, in extract
    return klass._extract_from_extended_frame_gen(
  File "/home/luffy/.local/share/uv/python/cpython-3.11.15-linux-x86_64-gnu/lib/python3.11/traceback.py", line 433, in _extract_from_extended_frame_gen
    f.line
  File "/home/luffy/.local/share/uv/python/cpython-3.11.15-linux-x86_64-gnu/lib/python3.11/traceback.py", line 318, in line
    self._line = linecache.getline(self.filename, self.lineno)
  File "/home/luffy/.local/share/uv/python/cpython-3.11.15-linux-x86_64-gnu/lib/python3.11/linecache.py", line 30, in getline
    lines = getlines(filename, module_globals)
  File "/home/luffy/.local/share/uv/python/cpython-3.11.15-linux-x86_64-gnu/lib/python3.11/linecache.py", line 46, in getlines
    return updatecache(filename, module_globals)
  File "/home/luffy/.local/share/uv/python/cpython-3.11.15-linux-x86_64-gnu/lib/python3.11/linecache.py", line 136, in updatecache
    with tokenize.open(fullname) as fp:
  File "/home/luffy/.local/share/uv/python/cpython-3.11.15-linux-x86_64-gnu/lib/python3.11/tokenize.py", line 400, in open
    text = TextIOWrapper(buffer, encoding, line_buffering=True)
  File "/home/luffy/.hermes/hermes-agent/tui_gateway/entry.py", line 113, in _log_signal
    f.write("".join(traceback.format_stack(sys._current_frames().get(tid))))

--- thread Thread-2 (_loop) (id=140234015315648) ---
  File "/home/luffy/.local/share/uv/python/cpython-3.11.15-linux-x86_64-gnu/lib/python3.11/threading.py", line 1002, in _bootstrap
    self._bootstrap_inner()
  File "/home/luffy/.local/share/uv/python/cpython-3.11.15-linux-x86_64-gnu/lib/python3.11/threading.py", line 1045, in _bootstrap_inner
    self.run()
  File "/home/luffy/.local/share/uv/python/cpython-3.11.15-linux-x86_64-gnu/lib/python3.11/threading.py", line 982, in run
    self._target(*self._args, **self._kwargs)
  File "/home/luffy/.hermes/hermes-agent/tui_gateway/server.py", line 855, in _loop
    time.sleep(_REAPER_SCAN_S)

--- thread tui-rpc_0 (id=140234023708352) ---
  File "/home/luffy/.local/share/uv/python/cpython-3.11.15-linux-x86_64-gnu/lib/python3.11/threading.py", line 1002, in _bootstrap
    self._bootstrap_inner()
  File "/home/luffy/.local/share/uv/python/cpython-3.11.15-linux-x86_64-gnu/lib/python3.11/threading.py", line 1045, in _bootstrap_inner
    self.run()
  File "/home/luffy/.local/share/uv/python/cpython-3.11.15-linux-x86_64-gnu/lib/python3.11/threading.py", line 982, in run
    self._target(*self._args, **self._kwargs)
  File "/home/luffy/.local/share/uv/python/cpython-3.11.15-linux-x86_64-gnu/lib/python3.11/concurrent/futures/thread.py", line 81, in _worker
    work_item = work_queue.get(block=True)

--- thread Thread-6 (_drain_stdout) (id=140233987798720) ---
  File "/home/luffy/.local/share/uv/python/cpython-3.11.15-linux-x86_64-gnu/lib/python3.11/threading.py", line 1002, in _bootstrap
    self._bootstrap_inner()
  File "/home/luffy/.local/share/uv/python/cpython-3.11.15-linux-x86_64-gnu/lib/python3.11/threading.py", line 1045, in _bootstrap_inner
    self.run()
  File "/home/luffy/.local/share/uv/python/cpython-3.11.15-linux-x86_64-gnu/lib/python3.11/threading.py", line 982, in run
    self._target(*self._args, **self._kwargs)
  File "/home/luffy/.hermes/hermes-agent/tui_gateway/server.py", line 313, in _drain_stdout
    for line in self.proc.stdout or []:

--- thread Thread-7 (_drain_stderr) (id=140233996191424) ---
  File "/home/luffy/.local/share/uv/python/cpython-3.11.15-linux-x86_64-gnu/lib/python3.11/threading.py", line 1002, in _bootstrap
    self._bootstrap_inner()
  File "/home/luffy/.local/share/uv/python/cpython-3.11.15-linux-x86_64-gnu/lib/python3.11/threading.py", line 1045, in _bootstrap_inner
    self.run()
  File "/home/luffy/.local/share/uv/python/cpython-3.11.15-linux-x86_64-gnu/lib/python3.11/threading.py", line 982, in run
    self._target(*self._args, **self._kwargs)
  File "/home/luffy/.hermes/hermes-agent/tui_gateway/server.py", line 321, in _drain_stderr
    for line in self.proc.stderr or []:

--- thread Thread-8 (_notification_poller_loop) (id=140233716496064) ---
  File "/home/luffy/.local/share/uv/python/cpython-3.11.15-linux-x86_64-gnu/lib/python3.11/threading.py", line 1002, in _bootstrap
    self._bootstrap_inner()
  File "/home/luffy/.local/share/uv/python/cpython-3.11.15-linux-x86_64-gnu/lib/python3.11/threading.py", line 1045, in _bootstrap_inner
    self.run()
  File "/home/luffy/.local/share/uv/python/cpython-3.11.15-linux-x86_64-gnu/lib/python3.11/threading.py", line 982, in run
    self._target(*self._args, **self._kwargs)
  File "/home/luffy/.hermes/hermes-agent/tui_gateway/server.py", line 8296, in _notification_poller_loop
    evt = process_registry.completion_queue.get(timeout=0.5)
  File "/home/luffy/.local/share/uv/python/cpython-3.11.15-linux-x86_64-gnu/lib/python3.11/queue.py", line 180, in get
    self.not_empty.wait(remaining)
  File "/home/luffy/.local/share/uv/python/cpython-3.11.15-linux-x86_64-gnu/lib/python3.11/threading.py", line 331, in wait
    gotit = waiter.acquire(True, timeout)

--- thread Thread-13 (_cleanup_thread_worker) (id=140233769219776) ---
  File "/home/luffy/.local/share/uv/python/cpython-3.11.15-linux-x86_64-gnu/lib/python3.11/threading.py", line 1002, in _bootstrap
    self._bootstrap_inner()
  File "/home/luffy/.local/share/uv/python/cpython-3.11.15-linux-x86_64-gnu/lib/python3.11/threading.py", line 1045, in _bootstrap_inner
    self.run()
  File "/home/luffy/.local/share/uv/python/cpython-3.11.15-linux-x86_64-gnu/lib/python3.11/threading.py", line 982, in run
    self._target(*self._args, **self._kwargs)
  File "/home/luffy/.hermes/hermes-agent/tools/terminal_tool.py", line 1597, in _cleanup_thread_worker
    time.sleep(1)

--- thread hermes-lsp-loop (id=140233564149440) ---
  File "/home/luffy/.local/share/uv/python/cpython-3.11.15-linux-x86_64-gnu/lib/python3.11/threading.py", line 1002, in _bootstrap
    self._bootstrap_inner()
  File "/home/luffy/.local/share/uv/python/cpython-3.11.15-linux-x86_64-gnu/lib/python3.11/threading.py", line 1045, in _bootstrap_inner
    self.run()
  File "/home/luffy/.local/share/uv/python/cpython-3.11.15-linux-x86_64-gnu/lib/python3.11/threading.py", line 982, in run
    self._target(*self._args, **self._kwargs)
  File "/home/luffy/.hermes/hermes-agent/agent/lsp/manager.py", line 93, in _run_forever
    loop.run_forever()
  File "/home/luffy/.local/share/uv/python/cpython-3.11.15-linux-x86_64-gnu/lib/python3.11/asyncio/base_events.py", line 608, in run_forever
    self._run_once()
  File "/home/luffy/.local/share/uv/python/cpython-3.11.15-linux-x86_64-gnu/lib/python3.11/asyncio/base_events.py", line 1898, in _run_once
    event_list = self._selector.select(timeout)
  File "/home/luffy/.local/share/uv/python/cpython-3.11.15-linux-x86_64-gnu/lib/python3.11/selectors.py", line 468, in select
    fd_event_list = self._selector.poll(timeout, max_ev)
[tui-parent] 2026-07-02T04:53:04.291Z uncaughtException: Error: write EIO
[tui-parent] 2026-07-02T04:53:04.305Z [lifecycle] GatewayClient.kill reason=graceful-exit-cleanup pid=836788 killed=true exitCode=null signal=null killResult=true

=== SIGTERM received · 2026-07-02 10:23:04 ===
main-thread stack at signal delivery:
  File "<frozen runpy>", line 198, in _run_module_as_main
  File "<frozen runpy>", line 88, in _run_code
  File "/home/luffy/.hermes/hermes-agent/tui_gateway/entry.py", line 381, in <module>
    main()
  File "/home/luffy/.hermes/hermes-agent/tui_gateway/entry.py", line 357, in main
    for raw in sys.stdin:
  File "/home/luffy/.hermes/hermes-agent/tui_gateway/entry.py", line 113, in _log_signal
    f.write("".join(traceback.format_stack(sys._current_frames().get(tid))))
  File "/home/luffy/.local/share/uv/python/cpython-3.11.15-linux-x86_64-gnu/lib/python3.11/traceback.py", line 214, in format_stack
    return format_list(extract_stack(f, limit=limit))
  File "/home/luffy/.local/share/uv/python/cpython-3.11.15-linux-x86_64-gnu/lib/python3.11/traceback.py", line 228, in extract_stack
    stack = StackSummary.extract(walk_stack(f), limit=limit)
  File "/home/luffy/.local/share/uv/python/cpython-3.11.15-linux-x86_64-gnu/lib/python3.11/traceback.py", line 390, in extract
    return klass._extract_from_extended_frame_gen(
  File "/home/luffy/.local/share/uv/python/cpython-3.11.15-linux-x86_64-gnu/lib/python3.11/traceback.py", line 433, in _extract_from_extended_frame_gen
    f.line
  File "/home/luffy/.local/share/uv/python/cpython-3.11.15-linux-x86_64-gnu/lib/python3.11/traceback.py", line 318, in line
    self._line = linecache.getline(self.filename, self.lineno)
  File "/home/luffy/.local/share/uv/python/cpython-3.11.15-linux-x86_64-gnu/lib/python3.11/linecache.py", line 30, in getline
    lines = getlines(filename, module_globals)
  File "/home/luffy/.local/share/uv/python/cpython-3.11.15-linux-x86_64-gnu/lib/python3.11/linecache.py", line 46, in getlines
    return updatecache(filename, module_globals)
  File "/home/luffy/.local/share/uv/python/cpython-3.11.15-linux-x86_64-gnu/lib/python3.11/linecache.py", line 136, in updatecache
    with tokenize.open(fullname) as fp:
  File "/home/luffy/.local/share/uv/python/cpython-3.11.15-linux-x86_64-gnu/lib/python3.11/tokenize.py", line 400, in open
    text = TextIOWrapper(buffer, encoding, line_buffering=True)
  File "/home/luffy/.hermes/hermes-agent/tui_gateway/entry.py", line 141, in _log_signal
    _shutdown_sessions()
  File "/home/luffy/.hermes/hermes-agent/tui_gateway/server.py", line 735, in _shutdown_sessions
    _close_session_by_id(sid, end_reason="tui_shutdown")
  File "/home/luffy/.hermes/hermes-agent/tui_gateway/server.py", line 645, in _close_session_by_id
    _teardown_session(session, end_reason=end_reason)
  File "/home/luffy/.hermes/hermes-agent/tui_gateway/server.py", line 604, in _teardown_session
    _finalize_session(session, end_reason=end_reason)
  File "/home/luffy/.hermes/hermes-agent/tui_gateway/server.py", line 587, in _finalize_session
    worker.close()
  File "/home/luffy/.hermes/hermes-agent/tui_gateway/server.py", line 361, in close
    proc.wait(timeout=1)
  File "/home/luffy/.local/share/uv/python/cpython-3.11.15-linux-x86_64-gnu/lib/python3.11/subprocess.py", line 1264, in wait
    return self._wait(timeout=timeout)
  File "/home/luffy/.local/share/uv/python/cpython-3.11.15-linux-x86_64-gnu/lib/python3.11/subprocess.py", line 2047, in _wait
    time.sleep(delay)

--- thread MainThread (id=140234050832192) ---
  File "<frozen runpy>", line 198, in _run_module_as_main
  File "<frozen runpy>", line 88, in _run_code
  File "/home/luffy/.hermes/hermes-agent/tui_gateway/entry.py", line 381, in <module>
    main()
  File "/home/luffy/.hermes/hermes-agent/tui_gateway/entry.py", line 357, in main
    for raw in sys.stdin:
  File "/home/luffy/.hermes/hermes-agent/tui_gateway/entry.py", line 113, in _log_signal
    f.write("".join(traceback.format_stack(sys._current_frames().get(tid))))
  File "/home/luffy/.local/share/uv/python/cpython-3.11.15-linux-x86_64-gnu/lib/python3.11/traceback.py", line 214, in format_stack
    return format_list(extract_stack(f, limit=limit))
  File "/home/luffy/.local/share/uv/python/cpython-3.11.15-linux-x86_64-gnu/lib/python3.11/traceback.py", line 228, in extract_stack
    stack = StackSummary.extract(walk_stack(f), limit=limit)
  File "/home/luffy/.local/share/uv/python/cpython-3.11.15-linux-x86_64-gnu/lib/python3.11/traceback.py", line 390, in extract
    return klass._extract_from_extended_frame_gen(
  File "/home/luffy/.local/share/uv/python/cpython-3.11.15-linux-x86_64-gnu/lib/python3.11/traceback.py", line 433, in _extract_from_extended_frame_gen
    f.line
  File "/home/luffy/.local/share/uv/python/cpython-3.11.15-linux-x86_64-gnu/lib/python3.11/traceback.py", line 318, in line
    self._line = linecache.getline(self.filename, self.lineno)
  File "/home/luffy/.local/share/uv/python/cpython-3.11.15-linux-x86_64-gnu/lib/python3.11/linecache.py", line 30, in getline
    lines = getlines(filename, module_globals)
  File "/home/luffy/.local/share/uv/python/cpython-3.11.15-linux-x86_64-gnu/lib/python3.11/linecache.py", line 46, in getlines
    return updatecache(filename, module_globals)
  File "/home/luffy/.local/share/uv/python/cpython-3.11.15-linux-x86_64-gnu/lib/python3.11/linecache.py", line 136, in updatecache
    with tokenize.open(fullname) as fp:
  File "/home/luffy/.local/share/uv/python/cpython-3.11.15-linux-x86_64-gnu/lib/python3.11/tokenize.py", line 400, in open
    text = TextIOWrapper(buffer, encoding, line_buffering=True)
  File "/home/luffy/.hermes/hermes-agent/tui_gateway/entry.py", line 141, in _log_signal
    _shutdown_sessions()
  File "/home/luffy/.hermes/hermes-agent/tui_gateway/server.py", line 735, in _shutdown_sessions
    _close_session_by_id(sid, end_reason="tui_shutdown")
  File "/home/luffy/.hermes/hermes-agent/tui_gateway/server.py", line 645, in _close_session_by_id
    _teardown_session(session, end_reason=end_reason)
  File "/home/luffy/.hermes/hermes-agent/tui_gateway/server.py", line 604, in _teardown_session
    _finalize_session(session, end_reason=end_reason)
  File "/home/luffy/.hermes/hermes-agent/tui_gateway/server.py", line 587, in _finalize_session
    worker.close()
  File "/home/luffy/.hermes/hermes-agent/tui_gateway/server.py", line 361, in close
    proc.wait(timeout=1)
  File "/home/luffy/.local/share/uv/python/cpython-3.11.15-linux-x86_64-gnu/lib/python3.11/subprocess.py", line 1264, in wait
    return self._wait(timeout=timeout)
  File "/home/luffy/.local/share/uv/python/cpython-3.11.15-linux-x86_64-gnu/lib/python3.11/subprocess.py", line 2047, in _wait
    time.sleep(delay)
  File "/home/luffy/.hermes/hermes-agent/tui_gateway/entry.py", line 113, in _log_signal
    f.write("".join(traceback.format_stack(sys._current_frames().get(tid))))

--- thread Thread-2 (_loop) (id=140234015315648) ---
  File "/home/luffy/.local/share/uv/python/cpython-3.11.15-linux-x86_64-gnu/lib/python3.11/threading.py", line 1002, in _bootstrap
    self._bootstrap_inner()
  File "/home/luffy/.local/share/uv/python/cpython-3.11.15-linux-x86_64-gnu/lib/python3.11/threading.py", line 1045, in _bootstrap_inner
    self.run()
  File "/home/luffy/.local/share/uv/python/cpython-3.11.15-linux-x86_64-gnu/lib/python3.11/threading.py", line 982, in run
    self._target(*self._args, **self._kwargs)
  File "/home/luffy/.hermes/hermes-agent/tui_gateway/server.py", line 855, in _loop
    time.sleep(_REAPER_SCAN_S)

--- thread tui-rpc_0 (id=140234023708352) ---
  File "/home/luffy/.local/share/uv/python/cpython-3.11.15-linux-x86_64-gnu/lib/python3.11/threading.py", line 1002, in _bootstrap
    self._bootstrap_inner()
  File "/home/luffy/.local/share/uv/python/cpython-3.11.15-linux-x86_64-gnu/lib/python3.11/threading.py", line 1045, in _bootstrap_inner
    self.run()
  File "/home/luffy/.local/share/uv/python/cpython-3.11.15-linux-x86_64-gnu/lib/python3.11/threading.py", line 982, in run
    self._target(*self._args, **self._kwargs)
  File "/home/luffy/.local/share/uv/python/cpython-3.11.15-linux-x86_64-gnu/lib/python3.11/concurrent/futures/thread.py", line 81, in _worker
    work_item = work_queue.get(block=True)

--- thread Thread-8 (_notification_poller_loop) (id=140233716496064) ---
  File "/home/luffy/.local/share/uv/python/cpython-3.11.15-linux-x86_64-gnu/lib/python3.11/threading.py", line 1002, in _bootstrap
    self._bootstrap_inner()
  File "/home/luffy/.local/share/uv/python/cpython-3.11.15-linux-x86_64-gnu/lib/python3.11/threading.py", line 1045, in _bootstrap_inner
    self.run()
  File "/home/luffy/.local/share/uv/python/cpython-3.11.15-linux-x86_64-gnu/lib/python3.11/threading.py", line 982, in run
    self._target(*self._args, **self._kwargs)
  File "/home/luffy/.hermes/hermes-agent/tui_gateway/server.py", line 8296, in _notification_poller_loop
    evt = process_registry.completion_queue.get(timeout=0.5)
  File "/home/luffy/.local/share/uv/python/cpython-3.11.15-linux-x86_64-gnu/lib/python3.11/queue.py", line 180, in get
    self.not_empty.wait(remaining)
  File "/home/luffy/.local/share/uv/python/cpython-3.11.15-linux-x86_64-gnu/lib/python3.11/threading.py", line 331, in wait
    gotit = waiter.acquire(True, timeout)

--- thread Thread-13 (_cleanup_thread_worker) (id=140233769219776) ---
  File "/home/luffy/.local/share/uv/python/cpython-3.11.15-linux-x86_64-gnu/lib/python3.11/threading.py", line 1002, in _bootstrap
    self._bootstrap_inner()
  File "/home/luffy/.local/share/uv/python/cpython-3.11.15-linux-x86_64-gnu/lib/python3.11/threading.py", line 1045, in _bootstrap_inner
    self.run()
  File "/home/luffy/.local/share/uv/python/cpython-3.11.15-linux-x86_64-gnu/lib/python3.11/threading.py", line 982, in run
    self._target(*self._args, **self._kwargs)
  File "/home/luffy/.hermes/hermes-agent/tools/terminal_tool.py", line 1597, in _cleanup_thread_worker
    time.sleep(1)

--- thread hermes-lsp-loop (id=140233564149440) ---
  File "/home/luffy/.local/share/uv/python/cpython-3.11.15-linux-x86_64-gnu/lib/python3.11/threading.py", line 1002, in _bootstrap
    self._bootstrap_inner()
  File "/home/luffy/.local/share/uv/python/cpython-3.11.15-linux-x86_64-gnu/lib/python3.11/threading.py", line 1045, in _bootstrap_inner
    self.run()
  File "/home/luffy/.local/share/uv/python/cpython-3.11.15-linux-x86_64-gnu/lib/python3.11/threading.py", line 982, in run
    self._target(*self._args, **self._kwargs)
  File "/home/luffy/.hermes/hermes-agent/agent/lsp/manager.py", line 93, in _run_forever
    loop.run_forever()
  File "/home/luffy/.local/share/uv/python/cpython-3.11.15-linux-x86_64-gnu/lib/python3.11/asyncio/base_events.py", line 608, in run_forever
    self._run_once()
  File "/home/luffy/.local/share/uv/python/cpython-3.11.15-linux-x86_64-gnu/lib/python3.11/asyncio/base_events.py", line 1898, in _run_once
    event_list = self._selector.select(timeout)
  File "/home/luffy/.local/share/uv/python/cpython-3.11.15-linux-x86_64-gnu/lib/python3.11/selectors.py", line 468, in select
    fd_event_list = self._selector.poll(timeout, max_ev)

--- thread Thread-84 (id=140233547368128) ---
  File "/home/luffy/.local/share/uv/python/cpython-3.11.15-linux-x86_64-gnu/lib/python3.11/threading.py", line 1002, in _bootstrap
    self._bootstrap_inner()
  File "/home/luffy/.local/share/uv/python/cpython-3.11.15-linux-x86_64-gnu/lib/python3.11/threading.py", line 1045, in _bootstrap_inner
    self.run()
  File "/home/luffy/.local/share/uv/python/cpython-3.11.15-linux-x86_64-gnu/lib/python3.11/threading.py", line 1399, in run
    self.finished.wait(self.interval)
  File "/home/luffy/.local/share/uv/python/cpython-3.11.15-linux-x86_64-gnu/lib/python3.11/threading.py", line 629, in wait
    signaled = self._cond.wait(timeout)
  File "/home/luffy/.local/share/uv/python/cpython-3.11.15-linux-x86_64-gnu/lib/python3.11/threading.py", line 331, in wait
    gotit = waiter.acquire(True, timeout)

=== SIGHUP received · 2026-07-02 10:23:04 ===
main-thread stack at signal delivery:
  File "<frozen runpy>", line 198, in _run_module_as_main
  File "<frozen runpy>", line 88, in _run_code
  File "/home/luffy/.hermes/hermes-agent/tui_gateway/entry.py", line 381, in <module>
    main()
  File "/home/luffy/.hermes/hermes-agent/tui_gateway/entry.py", line 357, in main
    for raw in sys.stdin:

--- thread MainThread (id=140234050832192) ---
  File "<frozen runpy>", line 198, in _run_module_as_main
  File "<frozen runpy>", line 88, in _run_code
  File "/home/luffy/.hermes/hermes-agent/tui_gateway/entry.py", line 381, in <module>
    main()
  File "/home/luffy/.hermes/hermes-agent/tui_gateway/entry.py", line 357, in main
    for raw in sys.stdin:
  File "/home/luffy/.hermes/hermes-agent/tui_gateway/entry.py", line 113, in _log_signal
    f.write("".join(traceback.format_stack(sys._current_frames().get(tid))))

--- thread Thread-2 (_loop) (id=140234015315648) ---
[tui-parent] 2026-07-02T04:53:04.315Z unhandledRejection: Error: EIO: i/o error, write
[tui-parent] 2026-07-02T04:53:04.712Z [lifecycle] spawned gateway child pid=1065355 killed=false exitCode=null signal=null python=/home/luffy/.hermes/hermes-agent/venv/bin/python3 cwd=/home/luffy/Documents/SpringBoot/usermanagementAPI

=== gateway exit · 2026-07-02 10:23:08 · reason=stdin EOF (TUI closed the command pipe) ===

=== unhandled exception · 2026-07-02 10:23:08 ===
Traceback (most recent call last):
  File "<frozen runpy>", line 198, in _run_module_as_main
  File "<frozen runpy>", line 88, in _run_code
  File "/home/luffy/.hermes/hermes-agent/tui_gateway/entry.py", line 381, in <module>
    main()
  File "/home/luffy/.hermes/hermes-agent/tui_gateway/entry.py", line 377, in main
    _log_exit("stdin EOF (TUI closed the command pipe)")
  File "/home/luffy/.hermes/hermes-agent/tui_gateway/entry.py", line 204, in _log_exit
    print(f"[gateway-exit] {reason}", file=sys.stderr, flush=True)
BrokenPipeError: [Errno 32] Broken pipe
[tui-parent] 2026-07-02T09:57:17.565Z [lifecycle] spawned gateway child pid=3750 killed=false exitCode=null signal=null python=/home/luffy/.hermes/hermes-agent/venv/bin/python3 cwd=/home/luffy
[tui-parent] 2026-07-02T09:58:04.791Z [lifecycle] GatewayClient.kill reason=app.die pid=3750 killed=true exitCode=null signal=null killResult=true

=== SIGTERM received · 2026-07-02 15:28:04 ===
main-thread stack at signal delivery:
  File "<frozen runpy>", line 198, in _run_module_as_main
  File "<frozen runpy>", line 88, in _run_code
  File "/home/luffy/.hermes/hermes-agent/tui_gateway/entry.py", line 381, in <module>
    main()
  File "/home/luffy/.hermes/hermes-agent/tui_gateway/entry.py", line 357, in main
    for raw in sys.stdin:

--- thread MainThread (id=139754693924672) ---
  File "<frozen runpy>", line 198, in _run_module_as_main
  File "<frozen runpy>", line 88, in _run_code
  File "/home/luffy/.hermes/hermes-agent/tui_gateway/entry.py", line 381, in <module>
    main()
  File "/home/luffy/.hermes/hermes-agent/tui_gateway/entry.py", line 357, in main
    for raw in sys.stdin:
  File "/home/luffy/.hermes/hermes-agent/tui_gateway/entry.py", line 113, in _log_signal
    f.write("".join(traceback.format_stack(sys._current_frames().get(tid))))

--- thread Thread-2 (_loop) (id=139754658346688) ---
  File "/home/luffy/.local/share/uv/python/cpython-3.11.15-linux-x86_64-gnu/lib/python3.11/threading.py", line 1002, in _bootstrap
    self._bootstrap_inner()
  File "/home/luffy/.local/share/uv/python/cpython-3.11.15-linux-x86_64-gnu/lib/python3.11/threading.py", line 1045, in _bootstrap_inner
    self.run()
  File "/home/luffy/.local/share/uv/python/cpython-3.11.15-linux-x86_64-gnu/lib/python3.11/threading.py", line 982, in run
    self._target(*self._args, **self._kwargs)
  File "/home/luffy/.hermes/hermes-agent/tui_gateway/server.py", line 855, in _loop
    time.sleep(_REAPER_SCAN_S)

--- thread tui-rpc_0 (id=139754666739392) ---
  File "/home/luffy/.local/share/uv/python/cpython-3.11.15-linux-x86_64-gnu/lib/python3.11/threading.py", line 1002, in _bootstrap
    self._bootstrap_inner()
  File "/home/luffy/.local/share/uv/python/cpython-3.11.15-linux-x86_64-gnu/lib/python3.11/threading.py", line 1045, in _bootstrap_inner
    self.run()
  File "/home/luffy/.local/share/uv/python/cpython-3.11.15-linux-x86_64-gnu/lib/python3.11/threading.py", line 982, in run
    self._target(*self._args, **self._kwargs)
  File "/home/luffy/.local/share/uv/python/cpython-3.11.15-linux-x86_64-gnu/lib/python3.11/concurrent/futures/thread.py", line 81, in _worker
    work_item = work_queue.get(block=True)

--- thread Thread-6 (_drain_stdout) (id=139754630829760) ---
  File "/home/luffy/.local/share/uv/python/cpython-3.11.15-linux-x86_64-gnu/lib/python3.11/threading.py", line 1002, in _bootstrap
    self._bootstrap_inner()
  File "/home/luffy/.local/share/uv/python/cpython-3.11.15-linux-x86_64-gnu/lib/python3.11/threading.py", line 1045, in _bootstrap_inner
    self.run()
  File "/home/luffy/.local/share/uv/python/cpython-3.11.15-linux-x86_64-gnu/lib/python3.11/threading.py", line 982, in run
    self._target(*self._args, **self._kwargs)
  File "/home/luffy/.hermes/hermes-agent/tui_gateway/server.py", line 313, in _drain_stdout
    for line in self.proc.stdout or []:

--- thread Thread-7 (_drain_stderr) (id=139754639222464) ---
  File "/home/luffy/.local/share/uv/python/cpython-3.11.15-linux-x86_64-gnu/lib/python3.11/threading.py", line 1002, in _bootstrap
    self._bootstrap_inner()
  File "/home/luffy/.local/share/uv/python/cpython-3.11.15-linux-x86_64-gnu/lib/python3.11/threading.py", line 1045, in _bootstrap_inner
    self.run()
  File "/home/luffy/.local/share/uv/python/cpython-3.11.15-linux-x86_64-gnu/lib/python3.11/threading.py", line 982, in run
    self._target(*self._args, **self._kwargs)
  File "/home/luffy/.hermes/hermes-agent/tui_gateway/server.py", line 321, in _drain_stderr
    for line in self.proc.stderr or []:

--- thread Thread-8 (_notification_poller_loop) (id=139754225006272) ---
  File "/home/luffy/.local/share/uv/python/cpython-3.11.15-linux-x86_64-gnu/lib/python3.11/threading.py", line 1002, in _bootstrap
    self._bootstrap_inner()
  File "/home/luffy/.local/share/uv/python/cpython-3.11.15-linux-x86_64-gnu/lib/python3.11/threading.py", line 1045, in _bootstrap_inner
    self.run()
  File "/home/luffy/.local/share/uv/python/cpython-3.11.15-linux-x86_64-gnu/lib/python3.11/threading.py", line 982, in run
    self._target(*self._args, **self._kwargs)
  File "/home/luffy/.hermes/hermes-agent/tui_gateway/server.py", line 8296, in _notification_poller_loop
    evt = process_registry.completion_queue.get(timeout=0.5)
  File "/home/luffy/.local/share/uv/python/cpython-3.11.15-linux-x86_64-gnu/lib/python3.11/queue.py", line 180, in get
    self.not_empty.wait(remaining)
  File "/home/luffy/.local/share/uv/python/cpython-3.11.15-linux-x86_64-gnu/lib/python3.11/threading.py", line 331, in wait
    gotit = waiter.acquire(True, timeout)
[tui-parent] 2026-07-02T10:00:51.312Z [lifecycle] spawned gateway child pid=11004 killed=false exitCode=null signal=null python=/home/luffy/.hermes/hermes-agent/venv/bin/python3 cwd=/home/luffy
[tui-parent] 2026-07-02T10:07:45.528Z [lifecycle] GatewayClient.kill reason=app.die pid=11004 killed=true exitCode=null signal=null killResult=true

=== SIGTERM received · 2026-07-02 15:37:45 ===
main-thread stack at signal delivery:
  File "<frozen runpy>", line 198, in _run_module_as_main
  File "<frozen runpy>", line 88, in _run_code
  File "/home/luffy/.hermes/hermes-agent/tui_gateway/entry.py", line 381, in <module>
    main()
  File "/home/luffy/.hermes/hermes-agent/tui_gateway/entry.py", line 357, in main
    for raw in sys.stdin:

--- thread MainThread (id=140534243436352) ---
  File "<frozen runpy>", line 198, in _run_module_as_main
  File "<frozen runpy>", line 88, in _run_code
  File "/home/luffy/.hermes/hermes-agent/tui_gateway/entry.py", line 381, in <module>
    main()
  File "/home/luffy/.hermes/hermes-agent/tui_gateway/entry.py", line 357, in main
    for raw in sys.stdin:
  File "/home/luffy/.hermes/hermes-agent/tui_gateway/entry.py", line 113, in _log_signal
    f.write("".join(traceback.format_stack(sys._current_frames().get(tid))))

--- thread Thread-2 (_loop) (id=140534207944384) ---
  File "/home/luffy/.local/share/uv/python/cpython-3.11.15-linux-x86_64-gnu/lib/python3.11/threading.py", line 1002, in _bootstrap
    self._bootstrap_inner()
  File "/home/luffy/.local/share/uv/python/cpython-3.11.15-linux-x86_64-gnu/lib/python3.11/threading.py", line 1045, in _bootstrap_inner
    self.run()
  File "/home/luffy/.local/share/uv/python/cpython-3.11.15-linux-x86_64-gnu/lib/python3.11/threading.py", line 982, in run
    self._target(*self._args, **self._kwargs)
  File "/home/luffy/.hermes/hermes-agent/tui_gateway/server.py", line 855, in _loop
    time.sleep(_REAPER_SCAN_S)

--- thread tui-rpc_0 (id=140534216337088) ---
  File "/home/luffy/.local/share/uv/python/cpython-3.11.15-linux-x86_64-gnu/lib/python3.11/threading.py", line 1002, in _bootstrap
    self._bootstrap_inner()
  File "/home/luffy/.local/share/uv/python/cpython-3.11.15-linux-x86_64-gnu/lib/python3.11/threading.py", line 1045, in _bootstrap_inner
    self.run()
  File "/home/luffy/.local/share/uv/python/cpython-3.11.15-linux-x86_64-gnu/lib/python3.11/threading.py", line 982, in run
    self._target(*self._args, **self._kwargs)
  File "/home/luffy/.local/share/uv/python/cpython-3.11.15-linux-x86_64-gnu/lib/python3.11/concurrent/futures/thread.py", line 81, in _worker
    work_item = work_queue.get(block=True)

--- thread Thread-6 (_drain_stdout) (id=140534180427456) ---
  File "/home/luffy/.local/share/uv/python/cpython-3.11.15-linux-x86_64-gnu/lib/python3.11/threading.py", line 1002, in _bootstrap
    self._bootstrap_inner()
  File "/home/luffy/.local/share/uv/python/cpython-3.11.15-linux-x86_64-gnu/lib/python3.11/threading.py", line 1045, in _bootstrap_inner
    self.run()
  File "/home/luffy/.local/share/uv/python/cpython-3.11.15-linux-x86_64-gnu/lib/python3.11/threading.py", line 982, in run
    self._target(*self._args, **self._kwargs)
  File "/home/luffy/.hermes/hermes-agent/tui_gateway/server.py", line 313, in _drain_stdout
    for line in self.proc.stdout or []:

--- thread Thread-7 (_drain_stderr) (id=140534188820160) ---
  File "/home/luffy/.local/share/uv/python/cpython-3.11.15-linux-x86_64-gnu/lib/python3.11/threading.py", line 1002, in _bootstrap
    self._bootstrap_inner()
  File "/home/luffy/.local/share/uv/python/cpython-3.11.15-linux-x86_64-gnu/lib/python3.11/threading.py", line 1045, in _bootstrap_inner
    self.run()
  File "/home/luffy/.local/share/uv/python/cpython-3.11.15-linux-x86_64-gnu/lib/python3.11/threading.py", line 982, in run
    self._target(*self._args, **self._kwargs)
  File "/home/luffy/.hermes/hermes-agent/tui_gateway/server.py", line 321, in _drain_stderr
    for line in self.proc.stderr or []:

--- thread Thread-8 (_notification_poller_loop) (id=140533774153408) ---
  File "/home/luffy/.local/share/uv/python/cpython-3.11.15-linux-x86_64-gnu/lib/python3.11/threading.py", line 1002, in _bootstrap
    self._bootstrap_inner()
  File "/home/luffy/.local/share/uv/python/cpython-3.11.15-linux-x86_64-gnu/lib/python3.11/threading.py", line 1045, in _bootstrap_inner
    self.run()
  File "/home/luffy/.local/share/uv/python/cpython-3.11.15-linux-x86_64-gnu/lib/python3.11/threading.py", line 982, in run
    self._target(*self._args, **self._kwargs)
  File "/home/luffy/.hermes/hermes-agent/tui_gateway/server.py", line 8296, in _notification_poller_loop
    evt = process_registry.completion_queue.get(timeout=0.5)
  File "/home/luffy/.local/share/uv/python/cpython-3.11.15-linux-x86_64-gnu/lib/python3.11/queue.py", line 180, in get
    self.not_empty.wait(remaining)
  File "/home/luffy/.local/share/uv/python/cpython-3.11.15-linux-x86_64-gnu/lib/python3.11/threading.py", line 331, in wait
    gotit = waiter.acquire(True, timeout)
[tui-parent] 2026-07-02T10:51:40.618Z [lifecycle] spawned gateway child pid=135818 killed=false exitCode=null signal=null python=/home/luffy/.hermes/hermes-agent/venv/bin/python3 cwd=/home/luffy
[tui-parent] 2026-07-02T10:52:14.205Z graceful-exit received signal=SIGHUP → killing gateway

=== SIGHUP received · 2026-07-02 16:22:14 ===
main-thread stack at signal delivery:
  File "<frozen runpy>", line 198, in _run_module_as_main
  File "<frozen runpy>", line 88, in _run_code
  File "/home/luffy/.hermes/hermes-agent/tui_gateway/entry.py", line 381, in <module>
    main()
  File "/home/luffy/.hermes/hermes-agent/tui_gateway/entry.py", line 357, in main
    for raw in sys.stdin:
  File "/home/luffy/.hermes/hermes-agent/tui_gateway/entry.py", line 113, in _log_signal
    f.write("".join(traceback.format_stack(sys._current_frames().get(tid))))
  File "/home/luffy/.local/share/uv/python/cpython-3.11.15-linux-x86_64-gnu/lib/python3.11/traceback.py", line 214, in format_stack
    return format_list(extract_stack(f, limit=limit))
  File "/home/luffy/.local/share/uv/python/cpython-3.11.15-linux-x86_64-gnu/lib/python3.11/traceback.py", line 228, in extract_stack
    stack = StackSummary.extract(walk_stack(f), limit=limit)
  File "/home/luffy/.local/share/uv/python/cpython-3.11.15-linux-x86_64-gnu/lib/python3.11/traceback.py", line 390, in extract
    return klass._extract_from_extended_frame_gen(
  File "/home/luffy/.local/share/uv/python/cpython-3.11.15-linux-x86_64-gnu/lib/python3.11/traceback.py", line 433, in _extract_from_extended_frame_gen
    f.line
  File "/home/luffy/.local/share/uv/python/cpython-3.11.15-linux-x86_64-gnu/lib/python3.11/traceback.py", line 318, in line
    self._line = linecache.getline(self.filename, self.lineno)
  File "/home/luffy/.local/share/uv/python/cpython-3.11.15-linux-x86_64-gnu/lib/python3.11/linecache.py", line 30, in getline
    lines = getlines(filename, module_globals)
  File "/home/luffy/.local/share/uv/python/cpython-3.11.15-linux-x86_64-gnu/lib/python3.11/linecache.py", line 46, in getlines
    return updatecache(filename, module_globals)
  File "/home/luffy/.local/share/uv/python/cpython-3.11.15-linux-x86_64-gnu/lib/python3.11/linecache.py", line 137, in updatecache
    lines = fp.readlines()
  File "<frozen codecs>", line 319, in decode

--- thread MainThread (id=139880107394880) ---
  File "<frozen runpy>", line 198, in _run_module_as_main
  File "<frozen runpy>", line 88, in _run_code
  File "/home/luffy/.hermes/hermes-agent/tui_gateway/entry.py", line 381, in <module>
    main()
  File "/home/luffy/.hermes/hermes-agent/tui_gateway/entry.py", line 357, in main
    for raw in sys.stdin:
  File "/home/luffy/.hermes/hermes-agent/tui_gateway/entry.py", line 113, in _log_signal
    f.write("".join(traceback.format_stack(sys._current_frames().get(tid))))
  File "/home/luffy/.local/share/uv/python/cpython-3.11.15-linux-x86_64-gnu/lib/python3.11/traceback.py", line 214, in format_stack
    return format_list(extract_stack(f, limit=limit))
  File "/home/luffy/.local/share/uv/python/cpython-3.11.15-linux-x86_64-gnu/lib/python3.11/traceback.py", line 228, in extract_stack
    stack = StackSummary.extract(walk_stack(f), limit=limit)
  File "/home/luffy/.local/share/uv/python/cpython-3.11.15-linux-x86_64-gnu/lib/python3.11/traceback.py", line 390, in extract
    return klass._extract_from_extended_frame_gen(
  File "/home/luffy/.local/share/uv/python/cpython-3.11.15-linux-x86_64-gnu/lib/python3.11/traceback.py", line 433, in _extract_from_extended_frame_gen
    f.line
  File "/home/luffy/.local/share/uv/python/cpython-3.11.15-linux-x86_64-gnu/lib/python3.11/traceback.py", line 318, in line
    self._line = linecache.getline(self.filename, self.lineno)
  File "/home/luffy/.local/share/uv/python/cpython-3.11.15-linux-x86_64-gnu/lib/python3.11/linecache.py", line 30, in getline
    lines = getlines(filename, module_globals)
  File "/home/luffy/.local/share/uv/python/cpython-3.11.15-linux-x86_64-gnu/lib/python3.11/linecache.py", line 46, in getlines
    return updatecache(filename, module_globals)
  File "/home/luffy/.local/share/uv/python/cpython-3.11.15-linux-x86_64-gnu/lib/python3.11/linecache.py", line 137, in updatecache
    lines = fp.readlines()
  File "<frozen codecs>", line 319, in decode
  File "/home/luffy/.hermes/hermes-agent/tui_gateway/entry.py", line 113, in _log_signal
    f.write("".join(traceback.format_stack(sys._current_frames().get(tid))))

--- thread Thread-2 (_loop) (id=139880080279232) ---
  File "/home/luffy/.local/share/uv/python/cpython-3.11.15-linux-x86_64-gnu/lib/python3.11/threading.py", line 1002, in _bootstrap
    self._bootstrap_inner()
  File "/home/luffy/.local/share/uv/python/cpython-3.11.15-linux-x86_64-gnu/lib/python3.11/threading.py", line 1045, in _bootstrap_inner
    self.run()
  File "/home/luffy/.local/share/uv/python/cpython-3.11.15-linux-x86_64-gnu/lib/python3.11/threading.py", line 982, in run
    self._target(*self._args, **self._kwargs)
  File "/home/luffy/.hermes/hermes-agent/tui_gateway/server.py", line 855, in _loop
    time.sleep(_REAPER_SCAN_S)

--- thread tui-rpc_0 (id=139880070837952) ---
  File "/home/luffy/.local/share/uv/python/cpython-3.11.15-linux-x86_64-gnu/lib/python3.11/threading.py", line 1002, in _bootstrap
    self._bootstrap_inner()
  File "/home/luffy/.local/share/uv/python/cpython-3.11.15-linux-x86_64-gnu/lib/python3.11/threading.py", line 1045, in _bootstrap_inner
    self.run()
  File "/home/luffy/.local/share/uv/python/cpython-3.11.15-linux-x86_64-gnu/lib/python3.11/threading.py", line 982, in run
    self._target(*self._args, **self._kwargs)
  File "/home/luffy/.local/share/uv/python/cpython-3.11.15-linux-x86_64-gnu/lib/python3.11/concurrent/futures/thread.py", line 81, in _worker
    work_item = work_queue.get(block=True)

--- thread Thread-6 (_drain_stdout) (id=139879837071040) ---
  File "/home/luffy/.local/share/uv/python/cpython-3.11.15-linux-x86_64-gnu/lib/python3.11/threading.py", line 1002, in _bootstrap
    self._bootstrap_inner()
  File "/home/luffy/.local/share/uv/python/cpython-3.11.15-linux-x86_64-gnu/lib/python3.11/threading.py", line 1045, in _bootstrap_inner
    self.run()
  File "/home/luffy/.local/share/uv/python/cpython-3.11.15-linux-x86_64-gnu/lib/python3.11/threading.py", line 982, in run
    self._target(*self._args, **self._kwargs)
  File "/home/luffy/.hermes/hermes-agent/tui_gateway/server.py", line 313, in _drain_stdout
    for line in self.proc.stdout or []:

--- thread Thread-7 (_drain_stderr) (id=139880052762304) ---
  File "/home/luffy/.local/share/uv/python/cpython-3.11.15-linux-x86_64-gnu/lib/python3.11/threading.py", line 1002, in _bootstrap
    self._bootstrap_inner()
  File "/home/luffy/.local/share/uv/python/cpython-3.11.15-linux-x86_64-gnu/lib/python3.11/threading.py", line 1045, in _bootstrap_inner
    self.run()
  File "/home/luffy/.local/share/uv/python/cpython-3.11.15-linux-x86_64-gnu/lib/python3.11/threading.py", line 982, in run
    self._target(*self._args, **self._kwargs)
  File "/home/luffy/.hermes/hermes-agent/tui_gateway/server.py", line 321, in _drain_stderr
    for line in self.proc.stderr or []:

--- thread Thread-8 (_notification_poller_loop) (id=139879702853312) ---
  File "/home/luffy/.local/share/uv/python/cpython-3.11.15-linux-x86_64-gnu/lib/python3.11/threading.py", line 1002, in _bootstrap
    self._bootstrap_inner()
  File "/home/luffy/.local/share/uv/python/cpython-3.11.15-linux-x86_64-gnu/lib/python3.11/threading.py", line 1045, in _bootstrap_inner
    self.run()
  File "/home/luffy/.local/share/uv/python/cpython-3.11.15-linux-x86_64-gnu/lib/python3.11/threading.py", line 982, in run
    self._target(*self._args, **self._kwargs)
  File "/home/luffy/.hermes/hermes-agent/tui_gateway/server.py", line 8296, in _notification_poller_loop
    evt = process_registry.completion_queue.get(timeout=0.5)
  File "/home/luffy/.local/share/uv/python/cpython-3.11.15-linux-x86_64-gnu/lib/python3.11/queue.py", line 180, in get
    self.not_empty.wait(remaining)
  File "/home/luffy/.local/share/uv/python/cpython-3.11.15-linux-x86_64-gnu/lib/python3.11/threading.py", line 331, in wait
    gotit = waiter.acquire(True, timeout)
[tui-parent] 2026-07-02T10:52:14.240Z uncaughtException: Error: write EIO
[tui-parent] 2026-07-02T10:52:14.249Z [lifecycle] GatewayClient.kill reason=graceful-exit-cleanup pid=135818 killed=true exitCode=null signal=null killResult=true

=== SIGTERM received · 2026-07-02 16:22:14 ===
main-thread stack at signal delivery:
  File "<frozen runpy>", line 198, in _run_module_as_main
  File "<frozen runpy>", line 88, in _run_code
  File "/home/luffy/.hermes/hermes-agent/tui_gateway/entry.py", line 381, in <module>
    main()
  File "/home/luffy/.hermes/hermes-agent/tui_gateway/entry.py", line 357, in main
    for raw in sys.stdin:
  File "/home/luffy/.hermes/hermes-agent/tui_gateway/entry.py", line 113, in _log_signal
    f.write("".join(traceback.format_stack(sys._current_frames().get(tid))))
  File "/home/luffy/.local/share/uv/python/cpython-3.11.15-linux-x86_64-gnu/lib/python3.11/traceback.py", line 214, in format_stack
    return format_list(extract_stack(f, limit=limit))
  File "/home/luffy/.local/share/uv/python/cpython-3.11.15-linux-x86_64-gnu/lib/python3.11/traceback.py", line 228, in extract_stack
    stack = StackSummary.extract(walk_stack(f), limit=limit)
  File "/home/luffy/.local/share/uv/python/cpython-3.11.15-linux-x86_64-gnu/lib/python3.11/traceback.py", line 390, in extract
    return klass._extract_from_extended_frame_gen(
  File "/home/luffy/.local/share/uv/python/cpython-3.11.15-linux-x86_64-gnu/lib/python3.11/traceback.py", line 433, in _extract_from_extended_frame_gen
    f.line
  File "/home/luffy/.local/share/uv/python/cpython-3.11.15-linux-x86_64-gnu/lib/python3.11/traceback.py", line 318, in line
    self._line = linecache.getline(self.filename, self.lineno)
  File "/home/luffy/.local/share/uv/python/cpython-3.11.15-linux-x86_64-gnu/lib/python3.11/linecache.py", line 30, in getline
    lines = getlines(filename, module_globals)
  File "/home/luffy/.local/share/uv/python/cpython-3.11.15-linux-x86_64-gnu/lib/python3.11/linecache.py", line 46, in getlines
    return updatecache(filename, module_globals)
  File "/home/luffy/.local/share/uv/python/cpython-3.11.15-linux-x86_64-gnu/lib/python3.11/linecache.py", line 137, in updatecache
    lines = fp.readlines()
  File "<frozen codecs>", line 319, in decode
  File "/home/luffy/.hermes/hermes-agent/tui_gateway/entry.py", line 141, in _log_signal
    _shutdown_sessions()
  File "/home/luffy/.hermes/hermes-agent/tui_gateway/server.py", line 735, in _shutdown_sessions
    _close_session_by_id(sid, end_reason="tui_shutdown")
  File "/home/luffy/.hermes/hermes-agent/tui_gateway/server.py", line 645, in _close_session_by_id
    _teardown_session(session, end_reason=end_reason)
  File "/home/luffy/.hermes/hermes-agent/tui_gateway/server.py", line 604, in _teardown_session
    _finalize_session(session, end_reason=end_reason)
  File "/home/luffy/.hermes/hermes-agent/tui_gateway/server.py", line 587, in _finalize_session
    worker.close()
  File "/home/luffy/.hermes/hermes-agent/tui_gateway/server.py", line 361, in close
    proc.wait(timeout=1)
  File "/home/luffy/.local/share/uv/python/cpython-3.11.15-linux-x86_64-gnu/lib/python3.11/subprocess.py", line 1264, in wait
    return self._wait(timeout=timeout)
  File "/home/luffy/.local/share/uv/python/cpython-3.11.15-linux-x86_64-gnu/lib/python3.11/subprocess.py", line 2047, in _wait
    time.sleep(delay)

--- thread MainThread (id=139880107394880) ---
  File "<frozen runpy>", line 198, in _run_module_as_main
  File "<frozen runpy>", line 88, in _run_code
  File "/home/luffy/.hermes/hermes-agent/tui_gateway/entry.py", line 381, in <module>
    main()
  File "/home/luffy/.hermes/hermes-agent/tui_gateway/entry.py", line 357, in main
    for raw in sys.stdin:
  File "/home/luffy/.hermes/hermes-agent/tui_gateway/entry.py", line 113, in _log_signal
    f.write("".join(traceback.format_stack(sys._current_frames().get(tid))))
  File "/home/luffy/.local/share/uv/python/cpython-3.11.15-linux-x86_64-gnu/lib/python3.11/traceback.py", line 214, in format_stack
    return format_list(extract_stack(f, limit=limit))
  File "/home/luffy/.local/share/uv/python/cpython-3.11.15-linux-x86_64-gnu/lib/python3.11/traceback.py", line 228, in extract_stack
    stack = StackSummary.extract(walk_stack(f), limit=limit)
  File "/home/luffy/.local/share/uv/python/cpython-3.11.15-linux-x86_64-gnu/lib/python3.11/traceback.py", line 390, in extract
    return klass._extract_from_extended_frame_gen(
  File "/home/luffy/.local/share/uv/python/cpython-3.11.15-linux-x86_64-gnu/lib/python3.11/traceback.py", line 433, in _extract_from_extended_frame_gen
    f.line
  File "/home/luffy/.local/share/uv/python/cpython-3.11.15-linux-x86_64-gnu/lib/python3.11/traceback.py", line 318, in line
    self._line = linecache.getline(self.filename, self.lineno)
  File "/home/luffy/.local/share/uv/python/cpython-3.11.15-linux-x86_64-gnu/lib/python3.11/linecache.py", line 30, in getline
    lines = getlines(filename, module_globals)
  File "/home/luffy/.local/share/uv/python/cpython-3.11.15-linux-x86_64-gnu/lib/python3.11/linecache.py", line 46, in getlines
    return updatecache(filename, module_globals)
  File "/home/luffy/.local/share/uv/python/cpython-3.11.15-linux-x86_64-gnu/lib/python3.11/linecache.py", line 137, in updatecache
    lines = fp.readlines()
  File "<frozen codecs>", line 319, in decode
  File "/home/luffy/.hermes/hermes-agent/tui_gateway/entry.py", line 141, in _log_signal
    _shutdown_sessions()
  File "/home/luffy/.hermes/hermes-agent/tui_gateway/server.py", line 735, in _shutdown_sessions
    _close_session_by_id(sid, end_reason="tui_shutdown")
  File "/home/luffy/.hermes/hermes-agent/tui_gateway/server.py", line 645, in _close_session_by_id
    _teardown_session(session, end_reason=end_reason)
  File "/home/luffy/.hermes/hermes-agent/tui_gateway/server.py", line 604, in _teardown_session
    _finalize_session(session, end_reason=end_reason)
  File "/home/luffy/.hermes/hermes-agent/tui_gateway/server.py", line 587, in _finalize_session
    worker.close()
  File "/home/luffy/.hermes/hermes-agent/tui_gateway/server.py", line 361, in close
    proc.wait(timeout=1)
  File "/home/luffy/.local/share/uv/python/cpython-3.11.15-linux-x86_64-gnu/lib/python3.11/subprocess.py", line 1264, in wait
    return self._wait(timeout=timeout)
  File "/home/luffy/.local/share/uv/python/cpython-3.11.15-linux-x86_64-gnu/lib/python3.11/subprocess.py", line 2047, in _wait
    time.sleep(delay)
  File "/home/luffy/.hermes/hermes-agent/tui_gateway/entry.py", line 113, in _log_signal
    f.write("".join(traceback.format_stack(sys._current_frames().get(tid))))

--- thread Thread-2 (_loop) (id=139880080279232) ---
  File "/home/luffy/.local/share/uv/python/cpython-3.11.15-linux-x86_64-gnu/lib/python3.11/threading.py", line 1002, in _bootstrap
    self._bootstrap_inner()
  File "/home/luffy/.local/share/uv/python/cpython-3.11.15-linux-x86_64-gnu/lib/python3.11/threading.py", line 1045, in _bootstrap_inner
    self.run()
  File "/home/luffy/.local/share/uv/python/cpython-3.11.15-linux-x86_64-gnu/lib/python3.11/threading.py", line 982, in run
    self._target(*self._args, **self._kwargs)
  File "/home/luffy/.hermes/hermes-agent/tui_gateway/server.py", line 855, in _loop
    time.sleep(_REAPER_SCAN_S)

--- thread tui-rpc_0 (id=139880070837952) ---
  File "/home/luffy/.local/share/uv/python/cpython-3.11.15-linux-x86_64-gnu/lib/python3.11/threading.py", line 1002, in _bootstrap
    self._bootstrap_inner()
  File "/home/luffy/.local/share/uv/python/cpython-3.11.15-linux-x86_64-gnu/lib/python3.11/threading.py", line 1045, in _bootstrap_inner
    self.run()
  File "/home/luffy/.local/share/uv/python/cpython-3.11.15-linux-x86_64-gnu/lib/python3.11/threading.py", line 982, in run
    self._target(*self._args, **self._kwargs)
  File "/home/luffy/.local/share/uv/python/cpython-3.11.15-linux-x86_64-gnu/lib/python3.11/concurrent/futures/thread.py", line 81, in _worker
    work_item = work_queue.get(block=True)

--- thread Thread-8 (_notification_poller_loop) (id=139879702853312) ---
  File "/home/luffy/.local/share/uv/python/cpython-3.11.15-linux-x86_64-gnu/lib/python3.11/threading.py", line 1002, in _bootstrap
    self._bootstrap_inner()
  File "/home/luffy/.local/share/uv/python/cpython-3.11.15-linux-x86_64-gnu/lib/python3.11/threading.py", line 1045, in _bootstrap_inner
    self.run()
  File "/home/luffy/.local/share/uv/python/cpython-3.11.15-linux-x86_64-gnu/lib/python3.11/threading.py", line 982, in run
    self._target(*self._args, **self._kwargs)
  File "/home/luffy/.hermes/hermes-agent/tui_gateway/server.py", line 8296, in _notification_poller_loop
    evt = process_registry.completion_queue.get(timeout=0.5)
  File "/home/luffy/.local/share/uv/python/cpython-3.11.15-linux-x86_64-gnu/lib/python3.11/queue.py", line 180, in get
    self.not_empty.wait(remaining)
  File "/home/luffy/.local/share/uv/python/cpython-3.11.15-linux-x86_64-gnu/lib/python3.11/threading.py", line 331, in wait
    gotit = waiter.acquire(True, timeout)

--- thread Thread-14 (id=139879688353472) ---
  File "/home/luffy/.local/share/uv/python/cpython-3.11.15-linux-x86_64-gnu/lib/python3.11/threading.py", line 1002, in _bootstrap
    self._bootstrap_inner()
  File "/home/luffy/.local/share/uv/python/cpython-3.11.15-linux-x86_64-gnu/lib/python3.11/threading.py", line 1045, in _bootstrap_inner
    self.run()
  File "/home/luffy/.local/share/uv/python/cpython-3.11.15-linux-x86_64-gnu/lib/python3.11/threading.py", line 1399, in run
    self.finished.wait(self.interval)
  File "/home/luffy/.local/share/uv/python/cpython-3.11.15-linux-x86_64-gnu/lib/python3.11/threading.py", line 629, in wait
    signaled = self._cond.wait(timeout)
  File "/home/luffy/.local/share/uv/python/cpython-3.11.15-linux-x86_64-gnu/lib/python3.11/threading.py", line 331, in wait
    gotit = waiter.acquire(True, timeout)

=== SIGHUP received · 2026-07-02 16:22:14 ===
main-thread stack at signal delivery:
  File "<frozen runpy>", line 198, in _run_module_as_main
  File "<frozen runpy>", line 88, in _run_code
  File "/home/luffy/.hermes/hermes-agent/tui_gateway/entry.py", line 381, in <module>
    main()
  File "/home/luffy/.hermes/hermes-agent/tui_gateway/entry.py", line 357, in main
    for raw in sys.stdin:

--- thread MainThread (id=139880107394880) ---
  File "<frozen runpy>", line 198, in _run_module_as_main
  File "<frozen runpy>", line 88, in _run_code
  File "/home/luffy/.hermes/hermes-agent/tui_gateway/entry.py", line 381, in <module>
    main()
  File "/home/luffy/.hermes/hermes-agent/tui_gateway/entry.py", line 357, in main
    for raw in sys.stdin:
  File "/home/luffy/.hermes/hermes-agent/tui_gateway/entry.py", line 113, in _log_signal
    f.write("".join(traceback.format_stack(sys._current_frames().get(tid))))

--- thread Thread-2 (_loop) (id=139880080279232) ---
[tui-parent] 2026-07-02T10:52:14.252Z unhandledRejection: Error: EIO: i/o error, write
[tui-parent] 2026-07-02T10:52:14.258Z [lifecycle] spawned gateway child pid=136756 killed=false exitCode=null signal=null python=/home/luffy/.hermes/hermes-agent/venv/bin/python3 cwd=/home/luffy

=== gateway exit · 2026-07-02 16:22:18 · reason=stdin EOF (TUI closed the command pipe) ===

=== unhandled exception · 2026-07-02 16:22:18 ===
Traceback (most recent call last):
  File "<frozen runpy>", line 198, in _run_module_as_main
  File "<frozen runpy>", line 88, in _run_code
  File "/home/luffy/.hermes/hermes-agent/tui_gateway/entry.py", line 381, in <module>
    main()
  File "/home/luffy/.hermes/hermes-agent/tui_gateway/entry.py", line 377, in main
    _log_exit("stdin EOF (TUI closed the command pipe)")
  File "/home/luffy/.hermes/hermes-agent/tui_gateway/entry.py", line 204, in _log_exit
    print(f"[gateway-exit] {reason}", file=sys.stderr, flush=True)
BrokenPipeError: [Errno 32] Broken pipe
[tui-parent] 2026-07-02T16:27:25.453Z [lifecycle] spawned gateway child pid=47265 killed=false exitCode=null signal=null python=/home/luffy/.hermes/hermes-agent/venv/bin/python3 cwd=/home/luffy
[tui-parent] 2026-07-02T16:31:12.919Z graceful-exit received signal=SIGHUP → killing gateway

=== SIGHUP received · 2026-07-02 22:01:12 ===
main-thread stack at signal delivery:
  File "<frozen runpy>", line 198, in _run_module_as_main
  File "<frozen runpy>", line 88, in _run_code
  File "/home/luffy/.hermes/hermes-agent/tui_gateway/entry.py", line 381, in <module>
    main()
  File "/home/luffy/.hermes/hermes-agent/tui_gateway/entry.py", line 357, in main
    for raw in sys.stdin:
  File "/home/luffy/.hermes/hermes-agent/tui_gateway/entry.py", line 113, in _log_signal
    f.write("".join(traceback.format_stack(sys._current_frames().get(tid))))
  File "/home/luffy/.local/share/uv/python/cpython-3.11.15-linux-x86_64-gnu/lib/python3.11/traceback.py", line 214, in format_stack
    return format_list(extract_stack(f, limit=limit))
  File "/home/luffy/.local/share/uv/python/cpython-3.11.15-linux-x86_64-gnu/lib/python3.11/traceback.py", line 228, in extract_stack
    stack = StackSummary.extract(walk_stack(f), limit=limit)
  File "/home/luffy/.local/share/uv/python/cpython-3.11.15-linux-x86_64-gnu/lib/python3.11/traceback.py", line 390, in extract
    return klass._extract_from_extended_frame_gen(
  File "/home/luffy/.local/share/uv/python/cpython-3.11.15-linux-x86_64-gnu/lib/python3.11/traceback.py", line 433, in _extract_from_extended_frame_gen
    f.line
  File "/home/luffy/.local/share/uv/python/cpython-3.11.15-linux-x86_64-gnu/lib/python3.11/traceback.py", line 318, in line
    self._line = linecache.getline(self.filename, self.lineno)
  File "/home/luffy/.local/share/uv/python/cpython-3.11.15-linux-x86_64-gnu/lib/python3.11/linecache.py", line 30, in getline
    lines = getlines(filename, module_globals)
  File "/home/luffy/.local/share/uv/python/cpython-3.11.15-linux-x86_64-gnu/lib/python3.11/linecache.py", line 46, in getlines
    return updatecache(filename, module_globals)
  File "/home/luffy/.local/share/uv/python/cpython-3.11.15-linux-x86_64-gnu/lib/python3.11/linecache.py", line 137, in updatecache
    lines = fp.readlines()
  File "<frozen codecs>", line 319, in decode

--- thread MainThread (id=140597525792576) ---
  File "<frozen runpy>", line 198, in _run_module_as_main
  File "<frozen runpy>", line 88, in _run_code
  File "/home/luffy/.hermes/hermes-agent/tui_gateway/entry.py", line 381, in <module>
    main()
  File "/home/luffy/.hermes/hermes-agent/tui_gateway/entry.py", line 357, in main
    for raw in sys.stdin:
  File "/home/luffy/.hermes/hermes-agent/tui_gateway/entry.py", line 113, in _log_signal
    f.write("".join(traceback.format_stack(sys._current_frames().get(tid))))
  File "/home/luffy/.local/share/uv/python/cpython-3.11.15-linux-x86_64-gnu/lib/python3.11/traceback.py", line 214, in format_stack
    return format_list(extract_stack(f, limit=limit))
  File "/home/luffy/.local/share/uv/python/cpython-3.11.15-linux-x86_64-gnu/lib/python3.11/traceback.py", line 228, in extract_stack
    stack = StackSummary.extract(walk_stack(f), limit=limit)
  File "/home/luffy/.local/share/uv/python/cpython-3.11.15-linux-x86_64-gnu/lib/python3.11/traceback.py", line 390, in extract
    return klass._extract_from_extended_frame_gen(
  File "/home/luffy/.local/share/uv/python/cpython-3.11.15-linux-x86_64-gnu/lib/python3.11/traceback.py", line 433, in _extract_from_extended_frame_gen
    f.line
  File "/home/luffy/.local/share/uv/python/cpython-3.11.15-linux-x86_64-gnu/lib/python3.11/traceback.py", line 318, in line
    self._line = linecache.getline(self.filename, self.lineno)
  File "/home/luffy/.local/share/uv/python/cpython-3.11.15-linux-x86_64-gnu/lib/python3.11/linecache.py", line 30, in getline
    lines = getlines(filename, module_globals)
  File "/home/luffy/.local/share/uv/python/cpython-3.11.15-linux-x86_64-gnu/lib/python3.11/linecache.py", line 46, in getlines
    return updatecache(filename, module_globals)
  File "/home/luffy/.local/share/uv/python/cpython-3.11.15-linux-x86_64-gnu/lib/python3.11/linecache.py", line 137, in updatecache
    lines = fp.readlines()
  File "<frozen codecs>", line 319, in decode
  File "/home/luffy/.hermes/hermes-agent/tui_gateway/entry.py", line 113, in _log_signal
    f.write("".join(traceback.format_stack(sys._current_frames().get(tid))))

--- thread Thread-2 (_loop) (id=140597498775232) ---
  File "/home/luffy/.local/share/uv/python/cpython-3.11.15-linux-x86_64-gnu/lib/python3.11/threading.py", line 1002, in _bootstrap
    self._bootstrap_inner()
  File "/home/luffy/.local/share/uv/python/cpython-3.11.15-linux-x86_64-gnu/lib/python3.11/threading.py", line 1045, in _bootstrap_inner
    self.run()
  File "/home/luffy/.local/share/uv/python/cpython-3.11.15-linux-x86_64-gnu/lib/python3.11/threading.py", line 982, in run
    self._target(*self._args, **self._kwargs)
  File "/home/luffy/.hermes/hermes-agent/tui_gateway/server.py", line 855, in _loop
    time.sleep(_REAPER_SCAN_S)

--- thread tui-rpc_0 (id=140597489333952) ---
  File "/home/luffy/.local/share/uv/python/cpython-3.11.15-linux-x86_64-gnu/lib/python3.11/threading.py", line 1002, in _bootstrap
    self._bootstrap_inner()
  File "/home/luffy/.local/share/uv/python/cpython-3.11.15-linux-x86_64-gnu/lib/python3.11/threading.py", line 1045, in _bootstrap_inner
    self.run()
  File "/home/luffy/.local/share/uv/python/cpython-3.11.15-linux-x86_64-gnu/lib/python3.11/threading.py", line 982, in run
    self._target(*self._args, **self._kwargs)
  File "/home/luffy/.local/share/uv/python/cpython-3.11.15-linux-x86_64-gnu/lib/python3.11/concurrent/futures/thread.py", line 81, in _worker
    work_item = work_queue.get(block=True)

--- thread Thread-8 (_notification_poller_loop) (id=140597055715008) ---
  File "/home/luffy/.local/share/uv/python/cpython-3.11.15-linux-x86_64-gnu/lib/python3.11/threading.py", line 1002, in _bootstrap
    self._bootstrap_inner()
  File "/home/luffy/.local/share/uv/python/cpython-3.11.15-linux-x86_64-gnu/lib/python3.11/threading.py", line 1045, in _bootstrap_inner
    self.run()
  File "/home/luffy/.local/share/uv/python/cpython-3.11.15-linux-x86_64-gnu/lib/python3.11/threading.py", line 982, in run
    self._target(*self._args, **self._kwargs)
  File "/home/luffy/.hermes/hermes-agent/tui_gateway/server.py", line 8296, in _notification_poller_loop
    evt = process_registry.completion_queue.get(timeout=0.5)
  File "/home/luffy/.local/share/uv/python/cpython-3.11.15-linux-x86_64-gnu/lib/python3.11/queue.py", line 180, in get
    self.not_empty.wait(remaining)
  File "/home/luffy/.local/share/uv/python/cpython-3.11.15-linux-x86_64-gnu/lib/python3.11/threading.py", line 331, in wait
    gotit = waiter.acquire(True, timeout)

--- thread Thread-14 (_drain_stdout) (id=140597471258304) ---
  File "/home/luffy/.local/share/uv/python/cpython-3.11.15-linux-x86_64-gnu/lib/python3.11/threading.py", line 1002, in _bootstrap
    self._bootstrap_inner()
  File "/home/luffy/.local/share/uv/python/cpython-3.11.15-linux-x86_64-gnu/lib/python3.11/threading.py", line 1045, in _bootstrap_inner
    self.run()
  File "/home/luffy/.local/share/uv/python/cpython-3.11.15-linux-x86_64-gnu/lib/python3.11/threading.py", line 982, in run
    self._target(*self._args, **self._kwargs)
  File "/home/luffy/.hermes/hermes-agent/tui_gateway/server.py", line 313, in _drain_stdout
    for line in self.proc.stdout or []:

--- thread Thread-15 (_drain_stderr) (id=140597462865600) ---
  File "/home/luffy/.local/share/uv/python/cpython-3.11.15-linux-x86_64-gnu/lib/python3.11/threading.py", line 1002, in _bootstrap
    self._bootstrap_inner()
  File "/home/luffy/.local/share/uv/python/cpython-3.11.15-linux-x86_64-gnu/lib/python3.11/threading.py", line 1045, in _bootstrap_inner
    self.run()
  File "/home/luffy/.local/share/uv/python/cpython-3.11.15-linux-x86_64-gnu/lib/python3.11/threading.py", line 982, in run
    self._target(*self._args, **self._kwargs)
  File "/home/luffy/.hermes/hermes-agent/tui_gateway/server.py", line 321, in _drain_stderr
    for line in self.proc.stderr or []:

--- thread tui-rpc_1 (id=140597039384256) ---
  File "/home/luffy/.local/share/uv/python/cpython-3.11.15-linux-x86_64-gnu/lib/python3.11/threading.py", line 1002, in _bootstrap
    self._bootstrap_inner()
  File "/home/luffy/.local/share/uv/python/cpython-3.11.15-linux-x86_64-gnu/lib/python3.11/threading.py", line 1045, in _bootstrap_inner
    self.run()
  File "/home/luffy/.local/share/uv/python/cpython-3.11.15-linux-x86_64-gnu/lib/python3.11/threading.py", line 982, in run
    self._target(*self._args, **self._kwargs)
  File "/home/luffy/.local/share/uv/python/cpython-3.11.15-linux-x86_64-gnu/lib/python3.11/concurrent/futures/thread.py", line 81, in _worker
    work_item = work_queue.get(block=True)
[tui-parent] 2026-07-02T16:31:12.963Z uncaughtException: Error: write EIO

--- thread Thread-19 (_cleanup_thread_worker) (id=140597453424320) ---
  File "/home/luffy/.local/share/uv/python/cpython-3.11.15-linux-x86_64-gnu/lib/python3.11/threading.py", line 1002, in _bootstrap
    self._bootstrap_inner()
  File "/home/luffy/.local/share/uv/python/cpython-3.11.15-linux-x86_64-gnu/lib/python3.11/threading.py", line 1045, in _bootstrap_inner
    self.run()
  File "/home/luffy/.local/share/uv/python/cpython-3.11.15-linux-x86_64-gnu/lib/python3.11/threading.py", line 982, in run
    self._target(*self._args, **self._kwargs)
  File "/home/luffy/.hermes/hermes-agent/tools/terminal_tool.py", line 1597, in _cleanup_thread_worker
    time.sleep(1)

--- thread hermes-lsp-loop (id=140596945610432) ---
  File "/home/luffy/.local/share/uv/python/cpython-3.11.15-linux-x86_64-gnu/lib/python3.11/threading.py", line 1002, in _bootstrap
    self._bootstrap_inner()
  File "/home/luffy/.local/share/uv/python/cpython-3.11.15-linux-x86_64-gnu/lib/python3.11/threading.py", line 1045, in _bootstrap_inner
    self.run()
  File "/home/luffy/.local/share/uv/python/cpython-3.11.15-linux-x86_64-gnu/lib/python3.11/threading.py", line 982, in run
    self._target(*self._args, **self._kwargs)
  File "/home/luffy/.hermes/hermes-agent/agent/lsp/manager.py", line 93, in _run_forever
    loop.run_forever()
  File "/home/luffy/.local/share/uv/python/cpython-3.11.15-linux-x86_64-gnu/lib/python3.11/asyncio/base_events.py", line 608, in run_forever
    self._run_once()
  File "/home/luffy/.local/share/uv/python/cpython-3.11.15-linux-x86_64-gnu/lib/python3.11/asyncio/base_events.py", line 1898, in _run_once
    event_list = self._selector.select(timeout)
  File "/home/luffy/.local/share/uv/python/cpython-3.11.15-linux-x86_64-gnu/lib/python3.11/selectors.py", line 468, in select
    fd_event_list = self._selector.poll(timeout, max_ev)
[tui-parent] 2026-07-02T16:31:12.975Z [lifecycle] GatewayClient.kill reason=graceful-exit-cleanup pid=47265 killed=true exitCode=null signal=null killResult=true
[tui-parent] 2026-07-02T16:31:12.984Z unhandledRejection: Error: EIO: i/o error, write

=== SIGTERM received · 2026-07-02 22:01:12 ===
main-thread stack at signal delivery:
  File "<frozen runpy>", line 198, in _run_module_as_main
  File "<frozen runpy>", line 88, in _run_code
  File "/home/luffy/.hermes/hermes-agent/tui_gateway/entry.py", line 381, in <module>
    main()
  File "/home/luffy/.hermes/hermes-agent/tui_gateway/entry.py", line 357, in main
    for raw in sys.stdin:
  File "/home/luffy/.hermes/hermes-agent/tui_gateway/entry.py", line 113, in _log_signal
    f.write("".join(traceback.format_stack(sys._current_frames().get(tid))))
  File "/home/luffy/.local/share/uv/python/cpython-3.11.15-linux-x86_64-gnu/lib/python3.11/traceback.py", line 214, in format_stack
    return format_list(extract_stack(f, limit=limit))
  File "/home/luffy/.local/share/uv/python/cpython-3.11.15-linux-x86_64-gnu/lib/python3.11/traceback.py", line 228, in extract_stack
    stack = StackSummary.extract(walk_stack(f), limit=limit)
  File "/home/luffy/.local/share/uv/python/cpython-3.11.15-linux-x86_64-gnu/lib/python3.11/traceback.py", line 390, in extract
    return klass._extract_from_extended_frame_gen(
  File "/home/luffy/.local/share/uv/python/cpython-3.11.15-linux-x86_64-gnu/lib/python3.11/traceback.py", line 433, in _extract_from_extended_frame_gen
    f.line
  File "/home/luffy/.local/share/uv/python/cpython-3.11.15-linux-x86_64-gnu/lib/python3.11/traceback.py", line 318, in line
    self._line = linecache.getline(self.filename, self.lineno)
  File "/home/luffy/.local/share/uv/python/cpython-3.11.15-linux-x86_64-gnu/lib/python3.11/linecache.py", line 30, in getline
    lines = getlines(filename, module_globals)
  File "/home/luffy/.local/share/uv/python/cpython-3.11.15-linux-x86_64-gnu/lib/python3.11/linecache.py", line 46, in getlines
    return updatecache(filename, module_globals)
  File "/home/luffy/.local/share/uv/python/cpython-3.11.15-linux-x86_64-gnu/lib/python3.11/linecache.py", line 137, in updatecache
    lines = fp.readlines()
  File "<frozen codecs>", line 319, in decode
  File "/home/luffy/.hermes/hermes-agent/tui_gateway/entry.py", line 141, in _log_signal
    _shutdown_sessions()
  File "/home/luffy/.hermes/hermes-agent/tui_gateway/server.py", line 735, in _shutdown_sessions
    _close_session_by_id(sid, end_reason="tui_shutdown")
  File "/home/luffy/.hermes/hermes-agent/tui_gateway/server.py", line 645, in _close_session_by_id
    _teardown_session(session, end_reason=end_reason)
  File "/home/luffy/.hermes/hermes-agent/tui_gateway/server.py", line 604, in _teardown_session
    _finalize_session(session, end_reason=end_reason)
  File "/home/luffy/.hermes/hermes-agent/tui_gateway/server.py", line 572, in _finalize_session
    db.end_session(session_id, end_reason)
  File "/home/luffy/.hermes/hermes-agent/hermes_state.py", line 1754, in end_session
    self._execute_write(_do)
  File "/home/luffy/.hermes/hermes-agent/hermes_state.py", line 1151, in _execute_write
    self._conn.commit()

--- thread MainThread (id=140597525792576) ---
  File "<frozen runpy>", line 198, in _run_module_as_main
  File "<frozen runpy>", line 88, in _run_code
  File "/home/luffy/.hermes/hermes-agent/tui_gateway/entry.py", line 381, in <module>
    main()
  File "/home/luffy/.hermes/hermes-agent/tui_gateway/entry.py", line 357, in main
    for raw in sys.stdin:
  File "/home/luffy/.hermes/hermes-agent/tui_gateway/entry.py", line 113, in _log_signal
    f.write("".join(traceback.format_stack(sys._current_frames().get(tid))))
  File "/home/luffy/.local/share/uv/python/cpython-3.11.15-linux-x86_64-gnu/lib/python3.11/traceback.py", line 214, in format_stack
    return format_list(extract_stack(f, limit=limit))
  File "/home/luffy/.local/share/uv/python/cpython-3.11.15-linux-x86_64-gnu/lib/python3.11/traceback.py", line 228, in extract_stack
    stack = StackSummary.extract(walk_stack(f), limit=limit)
  File "/home/luffy/.local/share/uv/python/cpython-3.11.15-linux-x86_64-gnu/lib/python3.11/traceback.py", line 390, in extract
    return klass._extract_from_extended_frame_gen(
  File "/home/luffy/.local/share/uv/python/cpython-3.11.15-linux-x86_64-gnu/lib/python3.11/traceback.py", line 433, in _extract_from_extended_frame_gen
    f.line
  File "/home/luffy/.local/share/uv/python/cpython-3.11.15-linux-x86_64-gnu/lib/python3.11/traceback.py", line 318, in line
    self._line = linecache.getline(self.filename, self.lineno)
  File "/home/luffy/.local/share/uv/python/cpython-3.11.15-linux-x86_64-gnu/lib/python3.11/linecache.py", line 30, in getline
    lines = getlines(filename, module_globals)
  File "/home/luffy/.local/share/uv/python/cpython-3.11.15-linux-x86_64-gnu/lib/python3.11/linecache.py", line 46, in getlines
    return updatecache(filename, module_globals)
  File "/home/luffy/.local/share/uv/python/cpython-3.11.15-linux-x86_64-gnu/lib/python3.11/linecache.py", line 137, in updatecache
    lines = fp.readlines()
  File "<frozen codecs>", line 319, in decode
  File "/home/luffy/.hermes/hermes-agent/tui_gateway/entry.py", line 141, in _log_signal
    _shutdown_sessions()
  File "/home/luffy/.hermes/hermes-agent/tui_gateway/server.py", line 735, in _shutdown_sessions
    _close_session_by_id(sid, end_reason="tui_shutdown")
  File "/home/luffy/.hermes/hermes-agent/tui_gateway/server.py", line 645, in _close_session_by_id
    _teardown_session(session, end_reason=end_reason)
  File "/home/luffy/.hermes/hermes-agent/tui_gateway/server.py", line 604, in _teardown_session
    _finalize_session(session, end_reason=end_reason)
  File "/home/luffy/.hermes/hermes-agent/tui_gateway/server.py", line 572, in _finalize_session
    db.end_session(session_id, end_reason)
  File "/home/luffy/.hermes/hermes-agent/hermes_state.py", line 1754, in end_session
    self._execute_write(_do)
  File "/home/luffy/.hermes/hermes-agent/hermes_state.py", line 1151, in _execute_write
    self._conn.commit()
  File "/home/luffy/.hermes/hermes-agent/tui_gateway/entry.py", line 113, in _log_signal
    f.write("".join(traceback.format_stack(sys._current_frames().get(tid))))

--- thread Thread-2 (_loop) (id=140597498775232) ---
  File "/home/luffy/.local/share/uv/python/cpython-3.11.15-linux-x86_64-gnu/lib/python3.11/threading.py", line 1002, in _bootstrap
    self._bootstrap_inner()
  File "/home/luffy/.local/share/uv/python/cpython-3.11.15-linux-x86_64-gnu/lib/python3.11/threading.py", line 1045, in _bootstrap_inner
    self.run()
  File "/home/luffy/.local/share/uv/python/cpython-3.11.15-linux-x86_64-gnu/lib/python3.11/threading.py", line 982, in run
    self._target(*self._args, **self._kwargs)
  File "/home/luffy/.hermes/hermes-agent/tui_gateway/server.py", line 855, in _loop
    time.sleep(_REAPER_SCAN_S)

--- thread tui-rpc_0 (id=140597489333952) ---
  File "/home/luffy/.local/share/uv/python/cpython-3.11.15-linux-x86_64-gnu/lib/python3.11/threading.py", line 1002, in _bootstrap
    self._bootstrap_inner()
  File "/home/luffy/.local/share/uv/python/cpython-3.11.15-linux-x86_64-gnu/lib/python3.11/threading.py", line 1045, in _bootstrap_inner
    self.run()
  File "/home/luffy/.local/share/uv/python/cpython-3.11.15-linux-x86_64-gnu/lib/python3.11/threading.py", line 982, in run
    self._target(*self._args, **self._kwargs)
  File "/home/luffy/.local/share/uv/python/cpython-3.11.15-linux-x86_64-gnu/lib/python3.11/concurrent/futures/thread.py", line 81, in _worker
    work_item = work_queue.get(block=True)

--- thread Thread-8 (_notification_poller_loop) (id=140597055715008) ---
  File "/home/luffy/.local/share/uv/python/cpython-3.11.15-linux-x86_64-gnu/lib/python3.11/threading.py", line 1002, in _bootstrap
    self._bootstrap_inner()
  File "/home/luffy/.local/share/uv/python/cpython-3.11.15-linux-x86_64-gnu/lib/python3.11/threading.py", line 1045, in _bootstrap_inner
    self.run()
  File "/home/luffy/.local/share/uv/python/cpython-3.11.15-linux-x86_64-gnu/lib/python3.11/threading.py", line 982, in run
    self._target(*self._args, **self._kwargs)
  File "/home/luffy/.hermes/hermes-agent/tui_gateway/server.py", line 8296, in _notification_poller_loop
    evt = process_registry.completion_queue.get(timeout=0.5)
  File "/home/luffy/.local/share/uv/python/cpython-3.11.15-linux-x86_64-gnu/lib/python3.11/queue.py", line 180, in get
    self.not_empty.wait(remaining)
  File "/home/luffy/.local/share/uv/python/cpython-3.11.15-linux-x86_64-gnu/lib/python3.11/threading.py", line 331, in wait
    gotit = waiter.acquire(True, timeout)

--- thread Thread-14 (_drain_stdout) (id=140597471258304) ---
  File "/home/luffy/.local/share/uv/python/cpython-3.11.15-linux-x86_64-gnu/lib/python3.11/threading.py", line 1002, in _bootstrap
    self._bootstrap_inner()
  File "/home/luffy/.local/share/uv/python/cpython-3.11.15-linux-x86_64-gnu/lib/python3.11/threading.py", line 1045, in _bootstrap_inner
    self.run()
  File "/home/luffy/.local/share/uv/python/cpython-3.11.15-linux-x86_64-gnu/lib/python3.11/threading.py", line 982, in run
    self._target(*self._args, **self._kwargs)
  File "/home/luffy/.hermes/hermes-agent/tui_gateway/server.py", line 313, in _drain_stdout
    for line in self.proc.stdout or []:

--- thread Thread-15 (_drain_stderr) (id=140597462865600) ---
  File "/home/luffy/.local/share/uv/python/cpython-3.11.15-linux-x86_64-gnu/lib/python3.11/threading.py", line 1002, in _bootstrap
    self._bootstrap_inner()
  File "/home/luffy/.local/share/uv/python/cpython-3.11.15-linux-x86_64-gnu/lib/python3.11/threading.py", line 1045, in _bootstrap_inner
    self.run()
  File "/home/luffy/.local/share/uv/python/cpython-3.11.15-linux-x86_64-gnu/lib/python3.11/threading.py", line 982, in run
    self._target(*self._args, **self._kwargs)
  File "/home/luffy/.hermes/hermes-agent/tui_gateway/server.py", line 321, in _drain_stderr
    for line in self.proc.stderr or []:

--- thread tui-rpc_1 (id=140597039384256) ---
  File "/home/luffy/.local/share/uv/python/cpython-3.11.15-linux-x86_64-gnu/lib/python3.11/threading.py", line 1002, in _bootstrap
    self._bootstrap_inner()
  File "/home/luffy/.local/share/uv/python/cpython-3.11.15-linux-x86_64-gnu/lib/python3.11/threading.py", line 1045, in _bootstrap_inner
    self.run()
  File "/home/luffy/.local/share/uv/python/cpython-3.11.15-linux-x86_64-gnu/lib/python3.11/threading.py", line 982, in run
    self._target(*self._args, **self._kwargs)
  File "/home/luffy/.local/share/uv/python/cpython-3.11.15-linux-x86_64-gnu/lib/python3.11/concurrent/futures/thread.py", line 81, in _worker
    work_item = work_queue.get(block=True)

--- thread Thread-19 (_cleanup_thread_worker) (id=140597453424320) ---
  File "/home/luffy/.local/share/uv/python/cpython-3.11.15-linux-x86_64-gnu/lib/python3.11/threading.py", line 1002, in _bootstrap
    self._bootstrap_inner()
  File "/home/luffy/.local/share/uv/python/cpython-3.11.15-linux-x86_64-gnu/lib/python3.11/threading.py", line 1045, in _bootstrap_inner
    self.run()
  File "/home/luffy/.local/share/uv/python/cpython-3.11.15-linux-x86_64-gnu/lib/python3.11/threading.py", line 982, in run
    self._target(*self._args, **self._kwargs)
  File "/home/luffy/.hermes/hermes-agent/tools/terminal_tool.py", line 1597, in _cleanup_thread_worker
    time.sleep(1)

--- thread hermes-lsp-loop (id=140596945610432) ---
  File "/home/luffy/.local/share/uv/python/cpython-3.11.15-linux-x86_64-gnu/lib/python3.11/threading.py", line 1002, in _bootstrap
    self._bootstrap_inner()
  File "/home/luffy/.local/share/uv/python/cpython-3.11.15-linux-x86_64-gnu/lib/python3.11/threading.py", line 1045, in _bootstrap_inner
    self.run()
  File "/home/luffy/.local/share/uv/python/cpython-3.11.15-linux-x86_64-gnu/lib/python3.11/threading.py", line 982, in run
    self._target(*self._args, **self._kwargs)
  File "/home/luffy/.hermes/hermes-agent/agent/lsp/manager.py", line 93, in _run_forever
    loop.run_forever()
  File "/home/luffy/.local/share/uv/python/cpython-3.11.15-linux-x86_64-gnu/lib/python3.11/asyncio/base_events.py", line 608, in run_forever
    self._run_once()
  File "/home/luffy/.local/share/uv/python/cpython-3.11.15-linux-x86_64-gnu/lib/python3.11/asyncio/base_events.py", line 1898, in _run_once
    event_list = self._selector.select(timeout)
  File "/home/luffy/.local/share/uv/python/cpython-3.11.15-linux-x86_64-gnu/lib/python3.11/selectors.py", line 468, in select
    fd_event_list = self._selector.poll(timeout, max_ev)

--- thread Thread-49 (id=140596928825024) ---
  File "/home/luffy/.local/share/uv/python/cpython-3.11.15-linux-x86_64-gnu/lib/python3.11/threading.py", line 1002, in _bootstrap
    self._bootstrap_inner()
  File "/home/luffy/.local/share/uv/python/cpython-3.11.15-linux-x86_64-gnu/lib/python3.11/threading.py", line 1045, in _bootstrap_inner
    self.run()
  File "/home/luffy/.local/share/uv/python/cpython-3.11.15-linux-x86_64-gnu/lib/python3.11/threading.py", line 1399, in run
    self.finished.wait(self.interval)
  File "/home/luffy/.local/share/uv/python/cpython-3.11.15-linux-x86_64-gnu/lib/python3.11/threading.py", line 629, in wait
    signaled = self._cond.wait(timeout)
  File "/home/luffy/.local/share/uv/python/cpython-3.11.15-linux-x86_64-gnu/lib/python3.11/threading.py", line 331, in wait
    gotit = waiter.acquire(True, timeout)

=== SIGHUP received · 2026-07-02 22:01:12 ===
main-thread stack at signal delivery:
  File "<frozen runpy>", line 198, in _run_module_as_main
  File "<frozen runpy>", line 88, in _run_code
  File "/home/luffy/.hermes/hermes-agent/tui_gateway/entry.py", line 381, in <module>
    main()
  File "/home/luffy/.hermes/hermes-agent/tui_gateway/entry.py", line 357, in main
    for raw in sys.stdin:

--- thread MainThread (id=140597525792576) ---
  File "<frozen runpy>", line 198, in _run_module_as_main
  File "<frozen runpy>", line 88, in _run_code
  File "/home/luffy/.hermes/hermes-agent/tui_gateway/entry.py", line 381, in <module>
    main()
  File "/home/luffy/.hermes/hermes-agent/tui_gateway/entry.py", line 357, in main
    for raw in sys.stdin:
  File "/home/luffy/.hermes/hermes-agent/tui_gateway/entry.py", line 113, in _log_signal
    f.write("".join(traceback.format_stack(sys._current_frames().get(tid))))

--- thread Thread-2 (_loop) (id=140597498775232) ---
[tui-parent] 2026-07-02T16:31:13.737Z [lifecycle] child exit pid=47265 killed=true exitCode=0 signal=null code=0 signal=null
[tui-parent] 2026-07-02T16:31:13.737Z [lifecycle] transport exit code=0 reason=none
[tui-parent] 2026-07-02T16:31:13.754Z [lifecycle] spawned gateway child pid=56767 killed=false exitCode=null signal=null python=/home/luffy/.hermes/hermes-agent/venv/bin/python3 cwd=/home/luffy

=== gateway exit · 2026-07-02 22:01:16 · reason=stdin EOF (TUI closed the command pipe) ===

=== unhandled exception · 2026-07-02 22:01:16 ===
Traceback (most recent call last):
  File "<frozen runpy>", line 198, in _run_module_as_main
  File "<frozen runpy>", line 88, in _run_code
  File "/home/luffy/.hermes/hermes-agent/tui_gateway/entry.py", line 381, in <module>
    main()
  File "/home/luffy/.hermes/hermes-agent/tui_gateway/entry.py", line 377, in main
    _log_exit("stdin EOF (TUI closed the command pipe)")
  File "/home/luffy/.hermes/hermes-agent/tui_gateway/entry.py", line 204, in _log_exit
    print(f"[gateway-exit] {reason}", file=sys.stderr, flush=True)
BrokenPipeError: [Errno 32] Broken pipe
[tui-parent] 2026-07-02T17:20:09.401Z [lifecycle] spawned gateway child pid=163659 killed=false exitCode=null signal=null python=/home/luffy/.hermes/hermes-agent/venv/bin/python3 cwd=/home/luffy/Documents/SpringBoot/usermanagementAPI

=== SIGHUP received · 2026-07-02 22:51:51 ===
main-thread stack at signal delivery:
  File "<frozen runpy>", line 198, in _run_module_as_main
  File "<frozen runpy>", line 88, in _run_code
  File "/home/luffy/.hermes/hermes-agent/tui_gateway/entry.py", line 381, in <module>
    main()
  File "/home/luffy/.hermes/hermes-agent/tui_gateway/entry.py", line 357, in main
    for raw in sys.stdin:
  File "/home/luffy/.hermes/hermes-agent/tui_gateway/entry.py", line 113, in _log_signal
    f.write("".join(traceback.format_stack(sys._current_frames().get(tid))))
  File "/home/luffy/.local/share/uv/python/cpython-3.11.15-linux-x86_64-gnu/lib/python3.11/traceback.py", line 214, in format_stack
    return format_list(extract_stack(f, limit=limit))
  File "/home/luffy/.local/share/uv/python/cpython-3.11.15-linux-x86_64-gnu/lib/python3.11/traceback.py", line 228, in extract_stack
    stack = StackSummary.extract(walk_stack(f), limit=limit)
  File "/home/luffy/.local/share/uv/python/cpython-3.11.15-linux-x86_64-gnu/lib/python3.11/traceback.py", line 390, in extract
    return klass._extract_from_extended_frame_gen(
  File "/home/luffy/.local/share/uv/python/cpython-3.11.15-linux-x86_64-gnu/lib/python3.11/traceback.py", line 433, in _extract_from_extended_frame_gen
    f.line
  File "/home/luffy/.local/share/uv/python/cpython-3.11.15-linux-x86_64-gnu/lib/python3.11/traceback.py", line 318, in line
    self._line = linecache.getline(self.filename, self.lineno)
  File "/home/luffy/.local/share/uv/python/cpython-3.11.15-linux-x86_64-gnu/lib/python3.11/linecache.py", line 30, in getline
    lines = getlines(filename, module_globals)
  File "/home/luffy/.local/share/uv/python/cpython-3.11.15-linux-x86_64-gnu/lib/python3.11/linecache.py", line 46, in getlines
    return updatecache(filename, module_globals)
  File "/home/luffy/.local/share/uv/python/cpython-3.11.15-linux-x86_64-gnu/lib/python3.11/linecache.py", line 137, in updatecache
    lines = fp.readlines()
  File "<frozen codecs>", line 319, in decode

--- thread MainThread (id=140503227615040) ---
  File "<frozen runpy>", line 198, in _run_module_as_main
  File "<frozen runpy>", line 88, in _run_code
  File "/home/luffy/.hermes/hermes-agent/tui_gateway/entry.py", line 381, in <module>
    main()
  File "/home/luffy/.hermes/hermes-agent/tui_gateway/entry.py", line 357, in main
    for raw in sys.stdin:
  File "/home/luffy/.hermes/hermes-agent/tui_gateway/entry.py", line 113, in _log_signal
    f.write("".join(traceback.format_stack(sys._current_frames().get(tid))))
  File "/home/luffy/.local/share/uv/python/cpython-3.11.15-linux-x86_64-gnu/lib/python3.11/traceback.py", line 214, in format_stack
    return format_list(extract_stack(f, limit=limit))
  File "/home/luffy/.local/share/uv/python/cpython-3.11.15-linux-x86_64-gnu/lib/python3.11/traceback.py", line 228, in extract_stack
    stack = StackSummary.extract(walk_stack(f), limit=limit)
  File "/home/luffy/.local/share/uv/python/cpython-3.11.15-linux-x86_64-gnu/lib/python3.11/traceback.py", line 390, in extract
    return klass._extract_from_extended_frame_gen(
  File "/home/luffy/.local/share/uv/python/cpython-3.11.15-linux-x86_64-gnu/lib/python3.11/traceback.py", line 433, in _extract_from_extended_frame_gen
    f.line
  File "/home/luffy/.local/share/uv/python/cpython-3.11.15-linux-x86_64-gnu/lib/python3.11/traceback.py", line 318, in line
    self._line = linecache.getline(self.filename, self.lineno)
  File "/home/luffy/.local/share/uv/python/cpython-3.11.15-linux-x86_64-gnu/lib/python3.11/linecache.py", line 30, in getline
    lines = getlines(filename, module_globals)
  File "/home/luffy/.local/share/uv/python/cpython-3.11.15-linux-x86_64-gnu/lib/python3.11/linecache.py", line 46, in getlines
    return updatecache(filename, module_globals)
  File "/home/luffy/.local/share/uv/python/cpython-3.11.15-linux-x86_64-gnu/lib/python3.11/linecache.py", line 137, in updatecache
    lines = fp.readlines()
  File "<frozen codecs>", line 319, in decode
  File "/home/luffy/.hermes/hermes-agent/tui_gateway/entry.py", line 113, in _log_signal
    f.write("".join(traceback.format_stack(sys._current_frames().get(tid))))

--- thread Thread-2 (_loop) (id=140503192114880) ---
  File "/home/luffy/.local/share/uv/python/cpython-3.11.15-linux-x86_64-gnu/lib/python3.11/threading.py", line 1002, in _bootstrap
    self._bootstrap_inner()
  File "/home/luffy/.local/share/uv/python/cpython-3.11.15-linux-x86_64-gnu/lib/python3.11/threading.py", line 1045, in _bootstrap_inner
    self.run()
  File "/home/luffy/.local/share/uv/python/cpython-3.11.15-linux-x86_64-gnu/lib/python3.11/threading.py", line 982, in run
    self._target(*self._args, **self._kwargs)
  File "/home/luffy/.hermes/hermes-agent/tui_gateway/server.py", line 855, in _loop
    time.sleep(_REAPER_SCAN_S)

--- thread tui-rpc_0 (id=140503200507584) ---
  File "/home/luffy/.local/share/uv/python/cpython-3.11.15-linux-x86_64-gnu/lib/python3.11/threading.py", line 1002, in _bootstrap
    self._bootstrap_inner()
  File "/home/luffy/.local/share/uv/python/cpython-3.11.15-linux-x86_64-gnu/lib/python3.11/threading.py", line 1045, in _bootstrap_inner
    self.run()
  File "/home/luffy/.local/share/uv/python/cpython-3.11.15-linux-x86_64-gnu/lib/python3.11/threading.py", line 982, in run
    self._target(*self._args, **self._kwargs)
  File "/home/luffy/.local/share/uv/python/cpython-3.11.15-linux-x86_64-gnu/lib/python3.11/concurrent/futures/thread.py", line 81, in _worker
    work_item = work_queue.get(block=True)

--- thread Thread-6 (_drain_stdout) (id=140503164597952) ---
  File "/home/luffy/.local/share/uv/python/cpython-3.11.15-linux-x86_64-gnu/lib/python3.11/threading.py", line 1002, in _bootstrap
    self._bootstrap_inner()
  File "/home/luffy/.local/share/uv/python/cpython-3.11.15-linux-x86_64-gnu/lib/python3.11/threading.py", line 1045, in _bootstrap_inner
    self.run()
  File "/home/luffy/.local/share/uv/python/cpython-3.11.15-linux-x86_64-gnu/lib/python3.11/threading.py", line 982, in run
    self._target(*self._args, **self._kwargs)
  File "/home/luffy/.hermes/hermes-agent/tui_gateway/server.py", line 313, in _drain_stdout
    for line in self.proc.stdout or []:

--- thread Thread-7 (_drain_stderr) (id=140503172990656) ---
  File "/home/luffy/.local/share/uv/python/cpython-3.11.15-linux-x86_64-gnu/lib/python3.11/threading.py", line 1002, in _bootstrap
    self._bootstrap_inner()
  File "/home/luffy/.local/share/uv/python/cpython-3.11.15-linux-x86_64-gnu/lib/python3.11/threading.py", line 1045, in _bootstrap_inner
    self.run()
  File "/home/luffy/.local/share/uv/python/cpython-3.11.15-linux-x86_64-gnu/lib/python3.11/threading.py", line 982, in run
    self._target(*self._args, **self._kwargs)
  File "/home/luffy/.hermes/hermes-agent/tui_gateway/server.py", line 321, in _drain_stderr
    for line in self.proc.stderr or []:

--- thread Thread-8 (_notification_poller_loop) (id=140502757820096) ---
  File "/home/luffy/.local/share/uv/python/cpython-3.11.15-linux-x86_64-gnu/lib/python3.11/threading.py", line 1002, in _bootstrap
    self._bootstrap_inner()
  File "/home/luffy/.local/share/uv/python/cpython-3.11.15-linux-x86_64-gnu/lib/python3.11/threading.py", line 1045, in _bootstrap_inner
    self.run()
  File "/home/luffy/.local/share/uv/python/cpython-3.11.15-linux-x86_64-gnu/lib/python3.11/threading.py", line 982, in run
    self._target(*self._args, **self._kwargs)
  File "/home/luffy/.hermes/hermes-agent/tui_gateway/server.py", line 8296, in _notification_poller_loop
    evt = process_registry.completion_queue.get(timeout=0.5)
  File "/home/luffy/.local/share/uv/python/cpython-3.11.15-linux-x86_64-gnu/lib/python3.11/queue.py", line 180, in get
    self.not_empty.wait(remaining)
  File "/home/luffy/.local/share/uv/python/cpython-3.11.15-linux-x86_64-gnu/lib/python3.11/threading.py", line 331, in wait
    gotit = waiter.acquire(True, timeout)

--- thread Thread-13 (_cleanup_thread_worker) (id=140502649448128) ---
  File "/home/luffy/.local/share/uv/python/cpython-3.11.15-linux-x86_64-gnu/lib/python3.11/threading.py", line 1002, in _bootstrap
    self._bootstrap_inner()
  File "/home/luffy/.local/share/uv/python/cpython-3.11.15-linux-x86_64-gnu/lib/python3.11/threading.py", line 1045, in _bootstrap_inner
    self.run()
  File "/home/luffy/.local/share/uv/python/cpython-3.11.15-linux-x86_64-gnu/lib/python3.11/threading.py", line 982, in run
    self._target(*self._args, **self._kwargs)
  File "/home/luffy/.hermes/hermes-agent/tools/terminal_tool.py", line 1597, in _cleanup_thread_worker
    time.sleep(1)
[tui-parent] 2026-07-02T17:21:51.300Z uncaughtException: Error: write EIO
[tui-parent] 2026-07-02T17:21:51.314Z graceful-exit received signal=SIGHUP → killing gateway
[tui-parent] 2026-07-02T17:21:51.317Z uncaughtException: Error: write EIO
[tui-parent] 2026-07-02T17:21:51.319Z [lifecycle] GatewayClient.kill reason=graceful-exit-cleanup pid=163659 killed=true exitCode=null signal=null killResult=true

=== SIGTERM received · 2026-07-02 22:51:51 ===
main-thread stack at signal delivery:
  File "<frozen runpy>", line 198, in _run_module_as_main
  File "<frozen runpy>", line 88, in _run_code
  File "/home/luffy/.hermes/hermes-agent/tui_gateway/entry.py", line 381, in <module>
    main()
  File "/home/luffy/.hermes/hermes-agent/tui_gateway/entry.py", line 357, in main
    for raw in sys.stdin:
  File "/home/luffy/.hermes/hermes-agent/tui_gateway/entry.py", line 113, in _log_signal
    f.write("".join(traceback.format_stack(sys._current_frames().get(tid))))
  File "/home/luffy/.local/share/uv/python/cpython-3.11.15-linux-x86_64-gnu/lib/python3.11/traceback.py", line 214, in format_stack
    return format_list(extract_stack(f, limit=limit))
  File "/home/luffy/.local/share/uv/python/cpython-3.11.15-linux-x86_64-gnu/lib/python3.11/traceback.py", line 228, in extract_stack
    stack = StackSummary.extract(walk_stack(f), limit=limit)
  File "/home/luffy/.local/share/uv/python/cpython-3.11.15-linux-x86_64-gnu/lib/python3.11/traceback.py", line 390, in extract
    return klass._extract_from_extended_frame_gen(
  File "/home/luffy/.local/share/uv/python/cpython-3.11.15-linux-x86_64-gnu/lib/python3.11/traceback.py", line 433, in _extract_from_extended_frame_gen
    f.line
  File "/home/luffy/.local/share/uv/python/cpython-3.11.15-linux-x86_64-gnu/lib/python3.11/traceback.py", line 318, in line
    self._line = linecache.getline(self.filename, self.lineno)
  File "/home/luffy/.local/share/uv/python/cpython-3.11.15-linux-x86_64-gnu/lib/python3.11/linecache.py", line 30, in getline
    lines = getlines(filename, module_globals)
  File "/home/luffy/.local/share/uv/python/cpython-3.11.15-linux-x86_64-gnu/lib/python3.11/linecache.py", line 46, in getlines
    return updatecache(filename, module_globals)
  File "/home/luffy/.local/share/uv/python/cpython-3.11.15-linux-x86_64-gnu/lib/python3.11/linecache.py", line 137, in updatecache
    lines = fp.readlines()
  File "<frozen codecs>", line 319, in decode
  File "/home/luffy/.hermes/hermes-agent/tui_gateway/entry.py", line 141, in _log_signal
    _shutdown_sessions()
  File "/home/luffy/.hermes/hermes-agent/tui_gateway/server.py", line 735, in _shutdown_sessions
    _close_session_by_id(sid, end_reason="tui_shutdown")
  File "/home/luffy/.hermes/hermes-agent/tui_gateway/server.py", line 645, in _close_session_by_id
    _teardown_session(session, end_reason=end_reason)
  File "/home/luffy/.hermes/hermes-agent/tui_gateway/server.py", line 604, in _teardown_session
    _finalize_session(session, end_reason=end_reason)
  File "/home/luffy/.hermes/hermes-agent/tui_gateway/server.py", line 587, in _finalize_session
    worker.close()
  File "/home/luffy/.hermes/hermes-agent/tui_gateway/server.py", line 361, in close
    proc.wait(timeout=1)
  File "/home/luffy/.local/share/uv/python/cpython-3.11.15-linux-x86_64-gnu/lib/python3.11/subprocess.py", line 1264, in wait
    return self._wait(timeout=timeout)
  File "/home/luffy/.local/share/uv/python/cpython-3.11.15-linux-x86_64-gnu/lib/python3.11/subprocess.py", line 2047, in _wait
    time.sleep(delay)

--- thread MainThread (id=140503227615040) ---
  File "<frozen runpy>", line 198, in _run_module_as_main
  File "<frozen runpy>", line 88, in _run_code
  File "/home/luffy/.hermes/hermes-agent/tui_gateway/entry.py", line 381, in <module>
    main()
  File "/home/luffy/.hermes/hermes-agent/tui_gateway/entry.py", line 357, in main
    for raw in sys.stdin:
  File "/home/luffy/.hermes/hermes-agent/tui_gateway/entry.py", line 113, in _log_signal
    f.write("".join(traceback.format_stack(sys._current_frames().get(tid))))
  File "/home/luffy/.local/share/uv/python/cpython-3.11.15-linux-x86_64-gnu/lib/python3.11/traceback.py", line 214, in format_stack
    return format_list(extract_stack(f, limit=limit))
  File "/home/luffy/.local/share/uv/python/cpython-3.11.15-linux-x86_64-gnu/lib/python3.11/traceback.py", line 228, in extract_stack
    stack = StackSummary.extract(walk_stack(f), limit=limit)
  File "/home/luffy/.local/share/uv/python/cpython-3.11.15-linux-x86_64-gnu/lib/python3.11/traceback.py", line 390, in extract
    return klass._extract_from_extended_frame_gen(
  File "/home/luffy/.local/share/uv/python/cpython-3.11.15-linux-x86_64-gnu/lib/python3.11/traceback.py", line 433, in _extract_from_extended_frame_gen
    f.line
  File "/home/luffy/.local/share/uv/python/cpython-3.11.15-linux-x86_64-gnu/lib/python3.11/traceback.py", line 318, in line
    self._line = linecache.getline(self.filename, self.lineno)
  File "/home/luffy/.local/share/uv/python/cpython-3.11.15-linux-x86_64-gnu/lib/python3.11/linecache.py", line 30, in getline
    lines = getlines(filename, module_globals)
  File "/home/luffy/.local/share/uv/python/cpython-3.11.15-linux-x86_64-gnu/lib/python3.11/linecache.py", line 46, in getlines
    return updatecache(filename, module_globals)
  File "/home/luffy/.local/share/uv/python/cpython-3.11.15-linux-x86_64-gnu/lib/python3.11/linecache.py", line 137, in updatecache
    lines = fp.readlines()
  File "<frozen codecs>", line 319, in decode
  File "/home/luffy/.hermes/hermes-agent/tui_gateway/entry.py", line 141, in _log_signal
    _shutdown_sessions()
  File "/home/luffy/.hermes/hermes-agent/tui_gateway/server.py", line 735, in _shutdown_sessions
    _close_session_by_id(sid, end_reason="tui_shutdown")
  File "/home/luffy/.hermes/hermes-agent/tui_gateway/server.py", line 645, in _close_session_by_id
    _teardown_session(session, end_reason=end_reason)
  File "/home/luffy/.hermes/hermes-agent/tui_gateway/server.py", line 604, in _teardown_session
    _finalize_session(session, end_reason=end_reason)
  File "/home/luffy/.hermes/hermes-agent/tui_gateway/server.py", line 587, in _finalize_session
    worker.close()
  File "/home/luffy/.hermes/hermes-agent/tui_gateway/server.py", line 361, in close
    proc.wait(timeout=1)
  File "/home/luffy/.local/share/uv/python/cpython-3.11.15-linux-x86_64-gnu/lib/python3.11/subprocess.py", line 1264, in wait
    return self._wait(timeout=timeout)
  File "/home/luffy/.local/share/uv/python/cpython-3.11.15-linux-x86_64-gnu/lib/python3.11/subprocess.py", line 2047, in _wait
    time.sleep(delay)
  File "/home/luffy/.hermes/hermes-agent/tui_gateway/entry.py", line 113, in _log_signal
    f.write("".join(traceback.format_stack(sys._current_frames().get(tid))))

--- thread Thread-2 (_loop) (id=140503192114880) ---
  File "/home/luffy/.local/share/uv/python/cpython-3.11.15-linux-x86_64-gnu/lib/python3.11/threading.py", line 1002, in _bootstrap
    self._bootstrap_inner()
  File "/home/luffy/.local/share/uv/python/cpython-3.11.15-linux-x86_64-gnu/lib/python3.11/threading.py", line 1045, in _bootstrap_inner
    self.run()
  File "/home/luffy/.local/share/uv/python/cpython-3.11.15-linux-x86_64-gnu/lib/python3.11/threading.py", line 982, in run
    self._target(*self._args, **self._kwargs)
  File "/home/luffy/.hermes/hermes-agent/tui_gateway/server.py", line 855, in _loop
    time.sleep(_REAPER_SCAN_S)

--- thread tui-rpc_0 (id=140503200507584) ---
  File "/home/luffy/.local/share/uv/python/cpython-3.11.15-linux-x86_64-gnu/lib/python3.11/threading.py", line 1002, in _bootstrap
    self._bootstrap_inner()
  File "/home/luffy/.local/share/uv/python/cpython-3.11.15-linux-x86_64-gnu/lib/python3.11/threading.py", line 1045, in _bootstrap_inner
    self.run()
  File "/home/luffy/.local/share/uv/python/cpython-3.11.15-linux-x86_64-gnu/lib/python3.11/threading.py", line 982, in run
    self._target(*self._args, **self._kwargs)
  File "/home/luffy/.local/share/uv/python/cpython-3.11.15-linux-x86_64-gnu/lib/python3.11/concurrent/futures/thread.py", line 81, in _worker
    work_item = work_queue.get(block=True)

--- thread Thread-8 (_notification_poller_loop) (id=140502757820096) ---
  File "/home/luffy/.local/share/uv/python/cpython-3.11.15-linux-x86_64-gnu/lib/python3.11/threading.py", line 1002, in _bootstrap
    self._bootstrap_inner()
  File "/home/luffy/.local/share/uv/python/cpython-3.11.15-linux-x86_64-gnu/lib/python3.11/threading.py", line 1045, in _bootstrap_inner
    self.run()
  File "/home/luffy/.local/share/uv/python/cpython-3.11.15-linux-x86_64-gnu/lib/python3.11/threading.py", line 982, in run
    self._target(*self._args, **self._kwargs)
  File "/home/luffy/.hermes/hermes-agent/tui_gateway/server.py", line 8296, in _notification_poller_loop
    evt = process_registry.completion_queue.get(timeout=0.5)
  File "/home/luffy/.local/share/uv/python/cpython-3.11.15-linux-x86_64-gnu/lib/python3.11/queue.py", line 180, in get
    self.not_empty.wait(remaining)
  File "/home/luffy/.local/share/uv/python/cpython-3.11.15-linux-x86_64-gnu/lib/python3.11/threading.py", line 331, in wait
    gotit = waiter.acquire(True, timeout)

--- thread Thread-13 (_cleanup_thread_worker) (id=140502649448128) ---
  File "/home/luffy/.local/share/uv/python/cpython-3.11.15-linux-x86_64-gnu/lib/python3.11/threading.py", line 1002, in _bootstrap
    self._bootstrap_inner()
  File "/home/luffy/.local/share/uv/python/cpython-3.11.15-linux-x86_64-gnu/lib/python3.11/threading.py", line 1045, in _bootstrap_inner
    self.run()
  File "/home/luffy/.local/share/uv/python/cpython-3.11.15-linux-x86_64-gnu/lib/python3.11/threading.py", line 982, in run
    self._target(*self._args, **self._kwargs)
  File "/home/luffy/.hermes/hermes-agent/tools/terminal_tool.py", line 1597, in _cleanup_thread_worker
    time.sleep(1)

--- thread Thread-43 (id=140502641055424) ---
  File "/home/luffy/.local/share/uv/python/cpython-3.11.15-linux-x86_64-gnu/lib/python3.11/threading.py", line 1002, in _bootstrap
    self._bootstrap_inner()
  File "/home/luffy/.local/share/uv/python/cpython-3.11.15-linux-x86_64-gnu/lib/python3.11/threading.py", line 1045, in _bootstrap_inner
    self.run()
  File "/home/luffy/.local/share/uv/python/cpython-3.11.15-linux-x86_64-gnu/lib/python3.11/threading.py", line 1399, in run
    self.finished.wait(self.interval)
  File "/home/luffy/.local/share/uv/python/cpython-3.11.15-linux-x86_64-gnu/lib/python3.11/threading.py", line 629, in wait
    signaled = self._cond.wait(timeout)
  File "/home/luffy/.local/share/uv/python/cpython-3.11.15-linux-x86_64-gnu/lib/python3.11/threading.py", line 331, in wait
    gotit = waiter.acquire(True, timeout)

=== SIGHUP received · 2026-07-02 22:51:51 ===
main-thread stack at signal delivery:
  File "<frozen runpy>", line 198, in _run_module_as_main
  File "<frozen runpy>", line 88, in _run_code
  File "/home/luffy/.hermes/hermes-agent/tui_gateway/entry.py", line 381, in <module>
    main()
  File "/home/luffy/.hermes/hermes-agent/tui_gateway/entry.py", line 357, in main
    for raw in sys.stdin:

--- thread MainThread (id=140503227615040) ---
  File "<frozen runpy>", line 198, in _run_module_as_main
  File "<frozen runpy>", line 88, in _run_code
  File "/home/luffy/.hermes/hermes-agent/tui_gateway/entry.py", line 381, in <module>
    main()
  File "/home/luffy/.hermes/hermes-agent/tui_gateway/entry.py", line 357, in main
    for raw in sys.stdin:
  File "/home/luffy/.hermes/hermes-agent/tui_gateway/entry.py", line 113, in _log_signal
    f.write("".join(traceback.format_stack(sys._current_frames().get(tid))))

--- thread Thread-2 (_loop) (id=140503192114880) ---
[tui-parent] 2026-07-02T17:21:51.339Z unhandledRejection: Error: EIO: i/o error, write
[tui-parent] 2026-07-02T17:21:52.019Z [lifecycle] child exit pid=163659 killed=true exitCode=0 signal=null code=0 signal=null
[tui-parent] 2026-07-02T17:21:52.020Z [lifecycle] transport exit code=0 reason=none
[tui-parent] 2026-07-02T17:21:52.036Z [lifecycle] spawned gateway child pid=167707 killed=false exitCode=null signal=null python=/home/luffy/.hermes/hermes-agent/venv/bin/python3 cwd=/home/luffy/Documents/SpringBoot/usermanagementAPI

=== gateway exit · 2026-07-02 22:51:55 · reason=stdin EOF (TUI closed the command pipe) ===

=== unhandled exception · 2026-07-02 22:51:55 ===
Traceback (most recent call last):
  File "<frozen runpy>", line 198, in _run_module_as_main
  File "<frozen runpy>", line 88, in _run_code
  File "/home/luffy/.hermes/hermes-agent/tui_gateway/entry.py", line 381, in <module>
    main()
  File "/home/luffy/.hermes/hermes-agent/tui_gateway/entry.py", line 377, in main
    _log_exit("stdin EOF (TUI closed the command pipe)")
  File "/home/luffy/.hermes/hermes-agent/tui_gateway/entry.py", line 204, in _log_exit
    print(f"[gateway-exit] {reason}", file=sys.stderr, flush=True)
BrokenPipeError: [Errno 32] Broken pipe
[tui-parent] 2026-07-02T17:33:30.306Z [lifecycle] spawned gateway child pid=188718 killed=false exitCode=null signal=null python=/home/luffy/.hermes/hermes-agent/venv/bin/python3 cwd=/home/luffy
[tui-parent] 2026-07-02T17:43:11.273Z graceful-exit received signal=SIGHUP → killing gateway

=== SIGHUP received · 2026-07-02 23:13:11 ===
main-thread stack at signal delivery:
  File "<frozen runpy>", line 198, in _run_module_as_main
  File "<frozen runpy>", line 88, in _run_code
  File "/home/luffy/.hermes/hermes-agent/tui_gateway/entry.py", line 381, in <module>
    main()
  File "/home/luffy/.hermes/hermes-agent/tui_gateway/entry.py", line 357, in main
    for raw in sys.stdin:
  File "/home/luffy/.hermes/hermes-agent/tui_gateway/entry.py", line 113, in _log_signal
    f.write("".join(traceback.format_stack(sys._current_frames().get(tid))))
  File "/home/luffy/.local/share/uv/python/cpython-3.11.15-linux-x86_64-gnu/lib/python3.11/traceback.py", line 214, in format_stack
    return format_list(extract_stack(f, limit=limit))
  File "/home/luffy/.local/share/uv/python/cpython-3.11.15-linux-x86_64-gnu/lib/python3.11/traceback.py", line 228, in extract_stack
    stack = StackSummary.extract(walk_stack(f), limit=limit)
  File "/home/luffy/.local/share/uv/python/cpython-3.11.15-linux-x86_64-gnu/lib/python3.11/traceback.py", line 390, in extract
    return klass._extract_from_extended_frame_gen(
  File "/home/luffy/.local/share/uv/python/cpython-3.11.15-linux-x86_64-gnu/lib/python3.11/traceback.py", line 433, in _extract_from_extended_frame_gen
    f.line
  File "/home/luffy/.local/share/uv/python/cpython-3.11.15-linux-x86_64-gnu/lib/python3.11/traceback.py", line 318, in line
    self._line = linecache.getline(self.filename, self.lineno)
  File "/home/luffy/.local/share/uv/python/cpython-3.11.15-linux-x86_64-gnu/lib/python3.11/linecache.py", line 30, in getline
    lines = getlines(filename, module_globals)
  File "/home/luffy/.local/share/uv/python/cpython-3.11.15-linux-x86_64-gnu/lib/python3.11/linecache.py", line 46, in getlines
    return updatecache(filename, module_globals)
  File "/home/luffy/.local/share/uv/python/cpython-3.11.15-linux-x86_64-gnu/lib/python3.11/linecache.py", line 137, in updatecache
    lines = fp.readlines()
  File "<frozen codecs>", line 319, in decode

--- thread MainThread (id=140672274810688) ---
  File "<frozen runpy>", line 198, in _run_module_as_main
  File "<frozen runpy>", line 88, in _run_code
  File "/home/luffy/.hermes/hermes-agent/tui_gateway/entry.py", line 381, in <module>
    main()
  File "/home/luffy/.hermes/hermes-agent/tui_gateway/entry.py", line 357, in main
    for raw in sys.stdin:
  File "/home/luffy/.hermes/hermes-agent/tui_gateway/entry.py", line 113, in _log_signal
    f.write("".join(traceback.format_stack(sys._current_frames().get(tid))))
  File "/home/luffy/.local/share/uv/python/cpython-3.11.15-linux-x86_64-gnu/lib/python3.11/traceback.py", line 214, in format_stack
    return format_list(extract_stack(f, limit=limit))
  File "/home/luffy/.local/share/uv/python/cpython-3.11.15-linux-x86_64-gnu/lib/python3.11/traceback.py", line 228, in extract_stack
    stack = StackSummary.extract(walk_stack(f), limit=limit)
  File "/home/luffy/.local/share/uv/python/cpython-3.11.15-linux-x86_64-gnu/lib/python3.11/traceback.py", line 390, in extract
    return klass._extract_from_extended_frame_gen(
  File "/home/luffy/.local/share/uv/python/cpython-3.11.15-linux-x86_64-gnu/lib/python3.11/traceback.py", line 433, in _extract_from_extended_frame_gen
    f.line
  File "/home/luffy/.local/share/uv/python/cpython-3.11.15-linux-x86_64-gnu/lib/python3.11/traceback.py", line 318, in line
    self._line = linecache.getline(self.filename, self.lineno)
  File "/home/luffy/.local/share/uv/python/cpython-3.11.15-linux-x86_64-gnu/lib/python3.11/linecache.py", line 30, in getline
    lines = getlines(filename, module_globals)
  File "/home/luffy/.local/share/uv/python/cpython-3.11.15-linux-x86_64-gnu/lib/python3.11/linecache.py", line 46, in getlines
    return updatecache(filename, module_globals)
  File "/home/luffy/.local/share/uv/python/cpython-3.11.15-linux-x86_64-gnu/lib/python3.11/linecache.py", line 137, in updatecache
    lines = fp.readlines()
  File "<frozen codecs>", line 319, in decode
  File "/home/luffy/.hermes/hermes-agent/tui_gateway/entry.py", line 113, in _log_signal
    f.write("".join(traceback.format_stack(sys._current_frames().get(tid))))

--- thread Thread-2 (_loop) (id=140672239158976) ---
  File "/home/luffy/.local/share/uv/python/cpython-3.11.15-linux-x86_64-gnu/lib/python3.11/threading.py", line 1002, in _bootstrap
    self._bootstrap_inner()
  File "/home/luffy/.local/share/uv/python/cpython-3.11.15-linux-x86_64-gnu/lib/python3.11/threading.py", line 1045, in _bootstrap_inner
    self.run()
  File "/home/luffy/.local/share/uv/python/cpython-3.11.15-linux-x86_64-gnu/lib/python3.11/threading.py", line 982, in run
    self._target(*self._args, **self._kwargs)
  File "/home/luffy/.hermes/hermes-agent/tui_gateway/server.py", line 855, in _loop
    time.sleep(_REAPER_SCAN_S)

--- thread tui-rpc_0 (id=140672247551680) ---
  File "/home/luffy/.local/share/uv/python/cpython-3.11.15-linux-x86_64-gnu/lib/python3.11/threading.py", line 1002, in _bootstrap
    self._bootstrap_inner()
  File "/home/luffy/.local/share/uv/python/cpython-3.11.15-linux-x86_64-gnu/lib/python3.11/threading.py", line 1045, in _bootstrap_inner
    self.run()
  File "/home/luffy/.local/share/uv/python/cpython-3.11.15-linux-x86_64-gnu/lib/python3.11/threading.py", line 982, in run
    self._target(*self._args, **self._kwargs)
  File "/home/luffy/.local/share/uv/python/cpython-3.11.15-linux-x86_64-gnu/lib/python3.11/concurrent/futures/thread.py", line 81, in _worker
    work_item = work_queue.get(block=True)

--- thread Thread-6 (_drain_stdout) (id=140672211642048) ---
  File "/home/luffy/.local/share/uv/python/cpython-3.11.15-linux-x86_64-gnu/lib/python3.11/threading.py", line 1002, in _bootstrap
    self._bootstrap_inner()
  File "/home/luffy/.local/share/uv/python/cpython-3.11.15-linux-x86_64-gnu/lib/python3.11/threading.py", line 1045, in _bootstrap_inner
    self.run()
  File "/home/luffy/.local/share/uv/python/cpython-3.11.15-linux-x86_64-gnu/lib/python3.11/threading.py", line 982, in run
    self._target(*self._args, **self._kwargs)
  File "/home/luffy/.hermes/hermes-agent/tui_gateway/server.py", line 313, in _drain_stdout
    for line in self.proc.stdout or []:

--- thread Thread-7 (_drain_stderr) (id=140672220034752) ---
  File "/home/luffy/.local/share/uv/python/cpython-3.11.15-linux-x86_64-gnu/lib/python3.11/threading.py", line 1002, in _bootstrap
    self._bootstrap_inner()
  File "/home/luffy/.local/share/uv/python/cpython-3.11.15-linux-x86_64-gnu/lib/python3.11/threading.py", line 1045, in _bootstrap_inner
    self.run()
  File "/home/luffy/.local/share/uv/python/cpython-3.11.15-linux-x86_64-gnu/lib/python3.11/threading.py", line 982, in run
    self._target(*self._args, **self._kwargs)
  File "/home/luffy/.hermes/hermes-agent/tui_gateway/server.py", line 321, in _drain_stderr
    for line in self.proc.stderr or []:

--- thread Thread-8 (_notification_poller_loop) (id=140671806305984) ---
  File "/home/luffy/.local/share/uv/python/cpython-3.11.15-linux-x86_64-gnu/lib/python3.11/threading.py", line 1002, in _bootstrap
    self._bootstrap_inner()
  File "/home/luffy/.local/share/uv/python/cpython-3.11.15-linux-x86_64-gnu/lib/python3.11/threading.py", line 1045, in _bootstrap_inner
    self.run()
  File "/home/luffy/.local/share/uv/python/cpython-3.11.15-linux-x86_64-gnu/lib/python3.11/threading.py", line 982, in run
    self._target(*self._args, **self._kwargs)
  File "/home/luffy/.hermes/hermes-agent/tui_gateway/server.py", line 8296, in _notification_poller_loop
    evt = process_registry.completion_queue.get(timeout=0.5)
  File "/home/luffy/.local/share/uv/python/cpython-3.11.15-linux-x86_64-gnu/lib/python3.11/queue.py", line 180, in get
    self.not_empty.wait(remaining)
  File "/home/luffy/.local/share/uv/python/cpython-3.11.15-linux-x86_64-gnu/lib/python3.11/threading.py", line 331, in wait
    gotit = waiter.acquire(True, timeout)

--- thread Thread-12 (_cleanup_thread_worker) (id=140672202200768) ---
  File "/home/luffy/.local/share/uv/python/cpython-3.11.15-linux-x86_64-gnu/lib/python3.11/threading.py", line 1002, in _bootstrap
    self._bootstrap_inner()
  File "/home/luffy/.local/share/uv/python/cpython-3.11.15-linux-x86_64-gnu/lib/python3.11/threading.py", line 1045, in _bootstrap_inner
    self.run()
  File "/home/luffy/.local/share/uv/python/cpython-3.11.15-linux-x86_64-gnu/lib/python3.11/threading.py", line 982, in run
    self._target(*self._args, **self._kwargs)
  File "/home/luffy/.hermes/hermes-agent/tools/terminal_tool.py", line 1597, in _cleanup_thread_worker
    time.sleep(1)

--- thread hermes-lsp-loop (id=140671706982080) ---
  File "/home/luffy/.local/share/uv/python/cpython-3.11.15-linux-x86_64-gnu/lib/python3.11/threading.py", line 1002, in _bootstrap
    self._bootstrap_inner()
  File "/home/luffy/.local/share/uv/python/cpython-3.11.15-linux-x86_64-gnu/lib/python3.11/threading.py", line 1045, in _bootstrap_inner
    self.run()
  File "/home/luffy/.local/share/uv/python/cpython-3.11.15-linux-x86_64-gnu/lib/python3.11/threading.py", line 982, in run
    self._target(*self._args, **self._kwargs)
  File "/home/luffy/.hermes/hermes-agent/agent/lsp/manager.py", line 93, in _run_forever
    loop.run_forever()
  File "/home/luffy/.local/share/uv/python/cpython-3.11.15-linux-x86_64-gnu/lib/python3.11/asyncio/base_events.py", line 608, in run_forever
    self._run_once()
  File "/home/luffy/.local/share/uv/python/cpython-3.11.15-linux-x86_64-gnu/lib/python3.11/asyncio/base_events.py", line 1898, in _run_once
    event_list = self._selector.select(timeout)
  File "/home/luffy/.local/share/uv/python/cpython-3.11.15-linux-x86_64-gnu/lib/python3.11/selectors.py", line 468, in select
    fd_event_list = self._selector.poll(timeout, max_ev)
[tui-parent] 2026-07-02T17:43:11.319Z uncaughtException: Error: write EIO
[tui-parent] 2026-07-02T17:43:11.331Z [lifecycle] GatewayClient.kill reason=graceful-exit-cleanup pid=188718 killed=true exitCode=null signal=null killResult=true

=== SIGTERM received · 2026-07-02 23:13:11 ===
main-thread stack at signal delivery:
  File "<frozen runpy>", line 198, in _run_module_as_main
  File "<frozen runpy>", line 88, in _run_code
  File "/home/luffy/.hermes/hermes-agent/tui_gateway/entry.py", line 381, in <module>
    main()
  File "/home/luffy/.hermes/hermes-agent/tui_gateway/entry.py", line 357, in main
    for raw in sys.stdin:
  File "/home/luffy/.hermes/hermes-agent/tui_gateway/entry.py", line 113, in _log_signal
    f.write("".join(traceback.format_stack(sys._current_frames().get(tid))))
  File "/home/luffy/.local/share/uv/python/cpython-3.11.15-linux-x86_64-gnu/lib/python3.11/traceback.py", line 214, in format_stack
    return format_list(extract_stack(f, limit=limit))
  File "/home/luffy/.local/share/uv/python/cpython-3.11.15-linux-x86_64-gnu/lib/python3.11/traceback.py", line 228, in extract_stack
    stack = StackSummary.extract(walk_stack(f), limit=limit)
  File "/home/luffy/.local/share/uv/python/cpython-3.11.15-linux-x86_64-gnu/lib/python3.11/traceback.py", line 390, in extract
    return klass._extract_from_extended_frame_gen(
  File "/home/luffy/.local/share/uv/python/cpython-3.11.15-linux-x86_64-gnu/lib/python3.11/traceback.py", line 433, in _extract_from_extended_frame_gen
    f.line
  File "/home/luffy/.local/share/uv/python/cpython-3.11.15-linux-x86_64-gnu/lib/python3.11/traceback.py", line 318, in line
    self._line = linecache.getline(self.filename, self.lineno)
  File "/home/luffy/.local/share/uv/python/cpython-3.11.15-linux-x86_64-gnu/lib/python3.11/linecache.py", line 30, in getline
    lines = getlines(filename, module_globals)
  File "/home/luffy/.local/share/uv/python/cpython-3.11.15-linux-x86_64-gnu/lib/python3.11/linecache.py", line 46, in getlines
    return updatecache(filename, module_globals)
  File "/home/luffy/.local/share/uv/python/cpython-3.11.15-linux-x86_64-gnu/lib/python3.11/linecache.py", line 137, in updatecache
    lines = fp.readlines()
  File "<frozen codecs>", line 319, in decode
  File "/home/luffy/.hermes/hermes-agent/tui_gateway/entry.py", line 141, in _log_signal
    _shutdown_sessions()
  File "/home/luffy/.hermes/hermes-agent/tui_gateway/server.py", line 735, in _shutdown_sessions
    _close_session_by_id(sid, end_reason="tui_shutdown")
  File "/home/luffy/.hermes/hermes-agent/tui_gateway/server.py", line 645, in _close_session_by_id
    _teardown_session(session, end_reason=end_reason)
  File "/home/luffy/.hermes/hermes-agent/tui_gateway/server.py", line 604, in _teardown_session
    _finalize_session(session, end_reason=end_reason)
  File "/home/luffy/.hermes/hermes-agent/tui_gateway/server.py", line 587, in _finalize_session
    worker.close()
  File "/home/luffy/.hermes/hermes-agent/tui_gateway/server.py", line 361, in close
    proc.wait(timeout=1)
  File "/home/luffy/.local/share/uv/python/cpython-3.11.15-linux-x86_64-gnu/lib/python3.11/subprocess.py", line 1264, in wait
    return self._wait(timeout=timeout)
  File "/home/luffy/.local/share/uv/python/cpython-3.11.15-linux-x86_64-gnu/lib/python3.11/subprocess.py", line 2047, in _wait
    time.sleep(delay)

--- thread MainThread (id=140672274810688) ---
  File "<frozen runpy>", line 198, in _run_module_as_main
  File "<frozen runpy>", line 88, in _run_code
  File "/home/luffy/.hermes/hermes-agent/tui_gateway/entry.py", line 381, in <module>
    main()
  File "/home/luffy/.hermes/hermes-agent/tui_gateway/entry.py", line 357, in main
    for raw in sys.stdin:
  File "/home/luffy/.hermes/hermes-agent/tui_gateway/entry.py", line 113, in _log_signal
    f.write("".join(traceback.format_stack(sys._current_frames().get(tid))))
  File "/home/luffy/.local/share/uv/python/cpython-3.11.15-linux-x86_64-gnu/lib/python3.11/traceback.py", line 214, in format_stack
    return format_list(extract_stack(f, limit=limit))
  File "/home/luffy/.local/share/uv/python/cpython-3.11.15-linux-x86_64-gnu/lib/python3.11/traceback.py", line 228, in extract_stack
    stack = StackSummary.extract(walk_stack(f), limit=limit)
  File "/home/luffy/.local/share/uv/python/cpython-3.11.15-linux-x86_64-gnu/lib/python3.11/traceback.py", line 390, in extract
    return klass._extract_from_extended_frame_gen(
  File "/home/luffy/.local/share/uv/python/cpython-3.11.15-linux-x86_64-gnu/lib/python3.11/traceback.py", line 433, in _extract_from_extended_frame_gen
    f.line
  File "/home/luffy/.local/share/uv/python/cpython-3.11.15-linux-x86_64-gnu/lib/python3.11/traceback.py", line 318, in line
    self._line = linecache.getline(self.filename, self.lineno)
  File "/home/luffy/.local/share/uv/python/cpython-3.11.15-linux-x86_64-gnu/lib/python3.11/linecache.py", line 30, in getline
    lines = getlines(filename, module_globals)
  File "/home/luffy/.local/share/uv/python/cpython-3.11.15-linux-x86_64-gnu/lib/python3.11/linecache.py", line 46, in getlines
    return updatecache(filename, module_globals)
  File "/home/luffy/.local/share/uv/python/cpython-3.11.15-linux-x86_64-gnu/lib/python3.11/linecache.py", line 137, in updatecache
    lines = fp.readlines()
  File "<frozen codecs>", line 319, in decode
  File "/home/luffy/.hermes/hermes-agent/tui_gateway/entry.py", line 141, in _log_signal
    _shutdown_sessions()
  File "/home/luffy/.hermes/hermes-agent/tui_gateway/server.py", line 735, in _shutdown_sessions
    _close_session_by_id(sid, end_reason="tui_shutdown")
  File "/home/luffy/.hermes/hermes-agent/tui_gateway/server.py", line 645, in _close_session_by_id
    _teardown_session(session, end_reason=end_reason)
  File "/home/luffy/.hermes/hermes-agent/tui_gateway/server.py", line 604, in _teardown_session
    _finalize_session(session, end_reason=end_reason)
  File "/home/luffy/.hermes/hermes-agent/tui_gateway/server.py", line 587, in _finalize_session
    worker.close()
  File "/home/luffy/.hermes/hermes-agent/tui_gateway/server.py", line 361, in close
    proc.wait(timeout=1)
  File "/home/luffy/.local/share/uv/python/cpython-3.11.15-linux-x86_64-gnu/lib/python3.11/subprocess.py", line 1264, in wait
    return self._wait(timeout=timeout)
  File "/home/luffy/.local/share/uv/python/cpython-3.11.15-linux-x86_64-gnu/lib/python3.11/subprocess.py", line 2047, in _wait
    time.sleep(delay)
  File "/home/luffy/.hermes/hermes-agent/tui_gateway/entry.py", line 113, in _log_signal
    f.write("".join(traceback.format_stack(sys._current_frames().get(tid))))

--- thread Thread-2 (_loop) (id=140672239158976) ---
  File "/home/luffy/.local/share/uv/python/cpython-3.11.15-linux-x86_64-gnu/lib/python3.11/threading.py", line 1002, in _bootstrap
    self._bootstrap_inner()
  File "/home/luffy/.local/share/uv/python/cpython-3.11.15-linux-x86_64-gnu/lib/python3.11/threading.py", line 1045, in _bootstrap_inner
    self.run()
  File "/home/luffy/.local/share/uv/python/cpython-3.11.15-linux-x86_64-gnu/lib/python3.11/threading.py", line 982, in run
    self._target(*self._args, **self._kwargs)
  File "/home/luffy/.hermes/hermes-agent/tui_gateway/server.py", line 855, in _loop
    time.sleep(_REAPER_SCAN_S)

--- thread tui-rpc_0 (id=140672247551680) ---
  File "/home/luffy/.local/share/uv/python/cpython-3.11.15-linux-x86_64-gnu/lib/python3.11/threading.py", line 1002, in _bootstrap
    self._bootstrap_inner()
  File "/home/luffy/.local/share/uv/python/cpython-3.11.15-linux-x86_64-gnu/lib/python3.11/threading.py", line 1045, in _bootstrap_inner
    self.run()
  File "/home/luffy/.local/share/uv/python/cpython-3.11.15-linux-x86_64-gnu/lib/python3.11/threading.py", line 982, in run
    self._target(*self._args, **self._kwargs)
  File "/home/luffy/.local/share/uv/python/cpython-3.11.15-linux-x86_64-gnu/lib/python3.11/concurrent/futures/thread.py", line 81, in _worker
    work_item = work_queue.get(block=True)

--- thread Thread-8 (_notification_poller_loop) (id=140671806305984) ---
  File "/home/luffy/.local/share/uv/python/cpython-3.11.15-linux-x86_64-gnu/lib/python3.11/threading.py", line 1002, in _bootstrap
    self._bootstrap_inner()
  File "/home/luffy/.local/share/uv/python/cpython-3.11.15-linux-x86_64-gnu/lib/python3.11/threading.py", line 1045, in _bootstrap_inner
    self.run()
  File "/home/luffy/.local/share/uv/python/cpython-3.11.15-linux-x86_64-gnu/lib/python3.11/threading.py", line 982, in run
    self._target(*self._args, **self._kwargs)
  File "/home/luffy/.hermes/hermes-agent/tui_gateway/server.py", line 8296, in _notification_poller_loop
    evt = process_registry.completion_queue.get(timeout=0.5)
  File "/home/luffy/.local/share/uv/python/cpython-3.11.15-linux-x86_64-gnu/lib/python3.11/queue.py", line 180, in get
    self.not_empty.wait(remaining)
  File "/home/luffy/.local/share/uv/python/cpython-3.11.15-linux-x86_64-gnu/lib/python3.11/threading.py", line 331, in wait
    gotit = waiter.acquire(True, timeout)

--- thread Thread-12 (_cleanup_thread_worker) (id=140672202200768) ---
  File "/home/luffy/.local/share/uv/python/cpython-3.11.15-linux-x86_64-gnu/lib/python3.11/threading.py", line 1002, in _bootstrap
    self._bootstrap_inner()
  File "/home/luffy/.local/share/uv/python/cpython-3.11.15-linux-x86_64-gnu/lib/python3.11/threading.py", line 1045, in _bootstrap_inner
    self.run()
  File "/home/luffy/.local/share/uv/python/cpython-3.11.15-linux-x86_64-gnu/lib/python3.11/threading.py", line 982, in run
    self._target(*self._args, **self._kwargs)
  File "/home/luffy/.hermes/hermes-agent/tools/terminal_tool.py", line 1597, in _cleanup_thread_worker
    time.sleep(1)

--- thread hermes-lsp-loop (id=140671706982080) ---
  File "/home/luffy/.local/share/uv/python/cpython-3.11.15-linux-x86_64-gnu/lib/python3.11/threading.py", line 1002, in _bootstrap
    self._bootstrap_inner()
  File "/home/luffy/.local/share/uv/python/cpython-3.11.15-linux-x86_64-gnu/lib/python3.11/threading.py", line 1045, in _bootstrap_inner
    self.run()
  File "/home/luffy/.local/share/uv/python/cpython-3.11.15-linux-x86_64-gnu/lib/python3.11/threading.py", line 982, in run
    self._target(*self._args, **self._kwargs)
  File "/home/luffy/.hermes/hermes-agent/agent/lsp/manager.py", line 93, in _run_forever
    loop.run_forever()
  File "/home/luffy/.local/share/uv/python/cpython-3.11.15-linux-x86_64-gnu/lib/python3.11/asyncio/base_events.py", line 608, in run_forever
    self._run_once()
  File "/home/luffy/.local/share/uv/python/cpython-3.11.15-linux-x86_64-gnu/lib/python3.11/asyncio/base_events.py", line 1898, in _run_once
    event_list = self._selector.select(timeout)
  File "/home/luffy/.local/share/uv/python/cpython-3.11.15-linux-x86_64-gnu/lib/python3.11/selectors.py", line 468, in select
    fd_event_list = self._selector.poll(timeout, max_ev)

--- thread Thread-72 (id=140671697540800) ---
  File "/home/luffy/.local/share/uv/python/cpython-3.11.15-linux-x86_64-gnu/lib/python3.11/threading.py", line 1002, in _bootstrap
    self._bootstrap_inner()
  File "/home/luffy/.local/share/uv/python/cpython-3.11.15-linux-x86_64-gnu/lib/python3.11/threading.py", line 1045, in _bootstrap_inner
    self.run()
  File "/home/luffy/.local/share/uv/python/cpython-3.11.15-linux-x86_64-gnu/lib/python3.11/threading.py", line 1399, in run
    self.finished.wait(self.interval)
  File "/home/luffy/.local/share/uv/python/cpython-3.11.15-linux-x86_64-gnu/lib/python3.11/threading.py", line 629, in wait
    signaled = self._cond.wait(timeout)
  File "/home/luffy/.local/share/uv/python/cpython-3.11.15-linux-x86_64-gnu/lib/python3.11/threading.py", line 331, in wait
    gotit = waiter.acquire(True, timeout)

=== SIGHUP received · 2026-07-02 23:13:11 ===
main-thread stack at signal delivery:
  File "<frozen runpy>", line 198, in _run_module_as_main
  File "<frozen runpy>", line 88, in _run_code
  File "/home/luffy/.hermes/hermes-agent/tui_gateway/entry.py", line 381, in <module>
    main()
  File "/home/luffy/.hermes/hermes-agent/tui_gateway/entry.py", line 357, in main
    for raw in sys.stdin:

--- thread MainThread (id=140672274810688) ---
  File "<frozen runpy>", line 198, in _run_module_as_main
  File "<frozen runpy>", line 88, in _run_code
  File "/home/luffy/.hermes/hermes-agent/tui_gateway/entry.py", line 381, in <module>
    main()
  File "/home/luffy/.hermes/hermes-agent/tui_gateway/entry.py", line 357, in main
    for raw in sys.stdin:
  File "/home/luffy/.hermes/hermes-agent/tui_gateway/entry.py", line 113, in _log_signal
    f.write("".join(traceback.format_stack(sys._current_frames().get(tid))))

--- thread Thread-2 (_loop) (id=140672239158976) ---
[tui-parent] 2026-07-02T17:43:11.341Z unhandledRejection: Error: EIO: i/o error, write
[tui-parent] 2026-07-02T17:43:11.675Z [lifecycle] spawned gateway child pid=211983 killed=false exitCode=null signal=null python=/home/luffy/.hermes/hermes-agent/venv/bin/python3 cwd=/home/luffy

=== gateway exit · 2026-07-02 23:13:15 · reason=stdin EOF (TUI closed the command pipe) ===

=== unhandled exception · 2026-07-02 23:13:15 ===
Traceback (most recent call last):
  File "<frozen runpy>", line 198, in _run_module_as_main
  File "<frozen runpy>", line 88, in _run_code
  File "/home/luffy/.hermes/hermes-agent/tui_gateway/entry.py", line 381, in <module>
    main()
  File "/home/luffy/.hermes/hermes-agent/tui_gateway/entry.py", line 377, in main
    _log_exit("stdin EOF (TUI closed the command pipe)")
  File "/home/luffy/.hermes/hermes-agent/tui_gateway/entry.py", line 204, in _log_exit
    print(f"[gateway-exit] {reason}", file=sys.stderr, flush=True)
BrokenPipeError: [Errno 32] Broken pipe
[tui-parent] 2026-07-02T18:00:58.401Z [lifecycle] spawned gateway child pid=247225 killed=false exitCode=null signal=null python=/home/luffy/.hermes/hermes-agent/venv/bin/python3 cwd=/home/luffy/Documents/SpringBoot/usermanagementAPI
[tui-parent] 2026-07-02T18:12:50.289Z [lifecycle] GatewayClient.kill reason=app.die pid=247225 killed=true exitCode=null signal=null killResult=true

=== SIGTERM received · 2026-07-02 23:42:50 ===
main-thread stack at signal delivery:
  File "<frozen runpy>", line 198, in _run_module_as_main
  File "<frozen runpy>", line 88, in _run_code
  File "/home/luffy/.hermes/hermes-agent/tui_gateway/entry.py", line 381, in <module>
    main()
  File "/home/luffy/.hermes/hermes-agent/tui_gateway/entry.py", line 357, in main
    for raw in sys.stdin:

--- thread MainThread (id=139714292336448) ---
  File "<frozen runpy>", line 198, in _run_module_as_main
  File "<frozen runpy>", line 88, in _run_code
  File "/home/luffy/.hermes/hermes-agent/tui_gateway/entry.py", line 381, in <module>
    main()
  File "/home/luffy/.hermes/hermes-agent/tui_gateway/entry.py", line 357, in main
    for raw in sys.stdin:
  File "/home/luffy/.hermes/hermes-agent/tui_gateway/entry.py", line 113, in _log_signal
    f.write("".join(traceback.format_stack(sys._current_frames().get(tid))))

--- thread Thread-2 (_loop) (id=139714256713408) ---
  File "/home/luffy/.local/share/uv/python/cpython-3.11.15-linux-x86_64-gnu/lib/python3.11/threading.py", line 1002, in _bootstrap
    self._bootstrap_inner()
  File "/home/luffy/.local/share/uv/python/cpython-3.11.15-linux-x86_64-gnu/lib/python3.11/threading.py", line 1045, in _bootstrap_inner
    self.run()
  File "/home/luffy/.local/share/uv/python/cpython-3.11.15-linux-x86_64-gnu/lib/python3.11/threading.py", line 982, in run
    self._target(*self._args, **self._kwargs)
  File "/home/luffy/.hermes/hermes-agent/tui_gateway/server.py", line 855, in _loop
    time.sleep(_REAPER_SCAN_S)

--- thread tui-rpc_0 (id=139714247272128) ---
  File "/home/luffy/.local/share/uv/python/cpython-3.11.15-linux-x86_64-gnu/lib/python3.11/threading.py", line 1002, in _bootstrap
    self._bootstrap_inner()
  File "/home/luffy/.local/share/uv/python/cpython-3.11.15-linux-x86_64-gnu/lib/python3.11/threading.py", line 1045, in _bootstrap_inner
    self.run()
  File "/home/luffy/.local/share/uv/python/cpython-3.11.15-linux-x86_64-gnu/lib/python3.11/threading.py", line 982, in run
    self._target(*self._args, **self._kwargs)
  File "/home/luffy/.local/share/uv/python/cpython-3.11.15-linux-x86_64-gnu/lib/python3.11/concurrent/futures/thread.py", line 81, in _worker
    work_item = work_queue.get(block=True)

--- thread Thread-6 (_drain_stdout) (id=139714229196480) ---
  File "/home/luffy/.local/share/uv/python/cpython-3.11.15-linux-x86_64-gnu/lib/python3.11/threading.py", line 1002, in _bootstrap
    self._bootstrap_inner()
  File "/home/luffy/.local/share/uv/python/cpython-3.11.15-linux-x86_64-gnu/lib/python3.11/threading.py", line 1045, in _bootstrap_inner
    self.run()
  File "/home/luffy/.local/share/uv/python/cpython-3.11.15-linux-x86_64-gnu/lib/python3.11/threading.py", line 982, in run
    self._target(*self._args, **self._kwargs)
  File "/home/luffy/.hermes/hermes-agent/tui_gateway/server.py", line 313, in _drain_stdout
    for line in self.proc.stdout or []:

--- thread Thread-7 (_drain_stderr) (id=139714265106112) ---
  File "/home/luffy/.local/share/uv/python/cpython-3.11.15-linux-x86_64-gnu/lib/python3.11/threading.py", line 1002, in _bootstrap
    self._bootstrap_inner()
  File "/home/luffy/.local/share/uv/python/cpython-3.11.15-linux-x86_64-gnu/lib/python3.11/threading.py", line 1045, in _bootstrap_inner
    self.run()
  File "/home/luffy/.local/share/uv/python/cpython-3.11.15-linux-x86_64-gnu/lib/python3.11/threading.py", line 982, in run
    self._target(*self._args, **self._kwargs)
  File "/home/luffy/.hermes/hermes-agent/tui_gateway/server.py", line 321, in _drain_stderr
    for line in self.proc.stderr or []:

--- thread Thread-8 (_notification_poller_loop) (id=139713823917760) ---
  File "/home/luffy/.local/share/uv/python/cpython-3.11.15-linux-x86_64-gnu/lib/python3.11/threading.py", line 1002, in _bootstrap
    self._bootstrap_inner()
  File "/home/luffy/.local/share/uv/python/cpython-3.11.15-linux-x86_64-gnu/lib/python3.11/threading.py", line 1045, in _bootstrap_inner
    self.run()
  File "/home/luffy/.local/share/uv/python/cpython-3.11.15-linux-x86_64-gnu/lib/python3.11/threading.py", line 982, in run
    self._target(*self._args, **self._kwargs)
  File "/home/luffy/.hermes/hermes-agent/tui_gateway/server.py", line 8296, in _notification_poller_loop
    evt = process_registry.completion_queue.get(timeout=0.5)
  File "/home/luffy/.local/share/uv/python/cpython-3.11.15-linux-x86_64-gnu/lib/python3.11/queue.py", line 180, in get
    self.not_empty.wait(remaining)
  File "/home/luffy/.local/share/uv/python/cpython-3.11.15-linux-x86_64-gnu/lib/python3.11/threading.py", line 331, in wait
    gotit = waiter.acquire(True, timeout)

--- thread Thread-13 (_cleanup_thread_worker) (id=139713697978048) ---
  File "/home/luffy/.local/share/uv/python/cpython-3.11.15-linux-x86_64-gnu/lib/python3.11/threading.py", line 1002, in _bootstrap
    self._bootstrap_inner()
  File "/home/luffy/.local/share/uv/python/cpython-3.11.15-linux-x86_64-gnu/lib/python3.11/threading.py", line 1045, in _bootstrap_inner
    self.run()
  File "/home/luffy/.local/share/uv/python/cpython-3.11.15-linux-x86_64-gnu/lib/python3.11/threading.py", line 982, in run
    self._target(*self._args, **self._kwargs)
  File "/home/luffy/.hermes/hermes-agent/tools/terminal_tool.py", line 1597, in _cleanup_thread_worker
    time.sleep(1)

--- thread hermes-lsp-loop (id=139714220803776) ---
  File "/home/luffy/.local/share/uv/python/cpython-3.11.15-linux-x86_64-gnu/lib/python3.11/threading.py", line 1002, in _bootstrap
    self._bootstrap_inner()
  File "/home/luffy/.local/share/uv/python/cpython-3.11.15-linux-x86_64-gnu/lib/python3.11/threading.py", line 1045, in _bootstrap_inner
    self.run()
  File "/home/luffy/.local/share/uv/python/cpython-3.11.15-linux-x86_64-gnu/lib/python3.11/threading.py", line 982, in run
    self._target(*self._args, **self._kwargs)
  File "/home/luffy/.hermes/hermes-agent/agent/lsp/manager.py", line 93, in _run_forever
    loop.run_forever()
  File "/home/luffy/.local/share/uv/python/cpython-3.11.15-linux-x86_64-gnu/lib/python3.11/asyncio/base_events.py", line 608, in run_forever
    self._run_once()
  File "/home/luffy/.local/share/uv/python/cpython-3.11.15-linux-x86_64-gnu/lib/python3.11/asyncio/base_events.py", line 1898, in _run_once
    event_list = self._selector.select(timeout)
  File "/home/luffy/.local/share/uv/python/cpython-3.11.15-linux-x86_64-gnu/lib/python3.11/selectors.py", line 468, in select
    fd_event_list = self._selector.poll(timeout, max_ev)
[tui-parent] 2026-07-03T12:46:46.561Z [lifecycle] spawned gateway child pid=45521 killed=false exitCode=null signal=null python=/home/luffy/.hermes/hermes-agent/venv/bin/python3 cwd=/home/luffy
[tui-parent] 2026-07-03T12:50:52.227Z graceful-exit received signal=SIGHUP → killing gateway

=== SIGHUP received · 2026-07-03 18:20:52 ===
main-thread stack at signal delivery:
  File "<frozen runpy>", line 198, in _run_module_as_main
  File "<frozen runpy>", line 88, in _run_code
  File "/home/luffy/.hermes/hermes-agent/tui_gateway/entry.py", line 381, in <module>
    main()
  File "/home/luffy/.hermes/hermes-agent/tui_gateway/entry.py", line 357, in main
    for raw in sys.stdin:
  File "/home/luffy/.hermes/hermes-agent/tui_gateway/entry.py", line 113, in _log_signal
    f.write("".join(traceback.format_stack(sys._current_frames().get(tid))))
  File "/home/luffy/.local/share/uv/python/cpython-3.11.15-linux-x86_64-gnu/lib/python3.11/traceback.py", line 214, in format_stack
    return format_list(extract_stack(f, limit=limit))
  File "/home/luffy/.local/share/uv/python/cpython-3.11.15-linux-x86_64-gnu/lib/python3.11/traceback.py", line 228, in extract_stack
    stack = StackSummary.extract(walk_stack(f), limit=limit)
  File "/home/luffy/.local/share/uv/python/cpython-3.11.15-linux-x86_64-gnu/lib/python3.11/traceback.py", line 390, in extract
    return klass._extract_from_extended_frame_gen(
  File "/home/luffy/.local/share/uv/python/cpython-3.11.15-linux-x86_64-gnu/lib/python3.11/traceback.py", line 433, in _extract_from_extended_frame_gen
    f.line
  File "/home/luffy/.local/share/uv/python/cpython-3.11.15-linux-x86_64-gnu/lib/python3.11/traceback.py", line 318, in line
    self._line = linecache.getline(self.filename, self.lineno)
  File "/home/luffy/.local/share/uv/python/cpython-3.11.15-linux-x86_64-gnu/lib/python3.11/linecache.py", line 30, in getline
    lines = getlines(filename, module_globals)
  File "/home/luffy/.local/share/uv/python/cpython-3.11.15-linux-x86_64-gnu/lib/python3.11/linecache.py", line 46, in getlines
    return updatecache(filename, module_globals)
  File "/home/luffy/.local/share/uv/python/cpython-3.11.15-linux-x86_64-gnu/lib/python3.11/linecache.py", line 137, in updatecache
    lines = fp.readlines()
  File "<frozen codecs>", line 319, in decode

--- thread MainThread (id=139668950898496) ---
  File "<frozen runpy>", line 198, in _run_module_as_main
  File "<frozen runpy>", line 88, in _run_code
  File "/home/luffy/.hermes/hermes-agent/tui_gateway/entry.py", line 381, in <module>
    main()
  File "/home/luffy/.hermes/hermes-agent/tui_gateway/entry.py", line 357, in main
    for raw in sys.stdin:
  File "/home/luffy/.hermes/hermes-agent/tui_gateway/entry.py", line 113, in _log_signal
    f.write("".join(traceback.format_stack(sys._current_frames().get(tid))))
  File "/home/luffy/.local/share/uv/python/cpython-3.11.15-linux-x86_64-gnu/lib/python3.11/traceback.py", line 214, in format_stack
    return format_list(extract_stack(f, limit=limit))
  File "/home/luffy/.local/share/uv/python/cpython-3.11.15-linux-x86_64-gnu/lib/python3.11/traceback.py", line 228, in extract_stack
    stack = StackSummary.extract(walk_stack(f), limit=limit)
  File "/home/luffy/.local/share/uv/python/cpython-3.11.15-linux-x86_64-gnu/lib/python3.11/traceback.py", line 390, in extract
    return klass._extract_from_extended_frame_gen(
  File "/home/luffy/.local/share/uv/python/cpython-3.11.15-linux-x86_64-gnu/lib/python3.11/traceback.py", line 433, in _extract_from_extended_frame_gen
    f.line
  File "/home/luffy/.local/share/uv/python/cpython-3.11.15-linux-x86_64-gnu/lib/python3.11/traceback.py", line 318, in line
    self._line = linecache.getline(self.filename, self.lineno)
  File "/home/luffy/.local/share/uv/python/cpython-3.11.15-linux-x86_64-gnu/lib/python3.11/linecache.py", line 30, in getline
    lines = getlines(filename, module_globals)
  File "/home/luffy/.local/share/uv/python/cpython-3.11.15-linux-x86_64-gnu/lib/python3.11/linecache.py", line 46, in getlines
    return updatecache(filename, module_globals)
  File "/home/luffy/.local/share/uv/python/cpython-3.11.15-linux-x86_64-gnu/lib/python3.11/linecache.py", line 137, in updatecache
    lines = fp.readlines()
  File "<frozen codecs>", line 319, in decode
  File "/home/luffy/.hermes/hermes-agent/tui_gateway/entry.py", line 113, in _log_signal
    f.write("".join(traceback.format_stack(sys._current_frames().get(tid))))

--- thread Thread-2 (_loop) (id=139668923909824) ---
  File "/home/luffy/.local/share/uv/python/cpython-3.11.15-linux-x86_64-gnu/lib/python3.11/threading.py", line 1002, in _bootstrap
    self._bootstrap_inner()
  File "/home/luffy/.local/share/uv/python/cpython-3.11.15-linux-x86_64-gnu/lib/python3.11/threading.py", line 1045, in _bootstrap_inner
    self.run()
  File "/home/luffy/.local/share/uv/python/cpython-3.11.15-linux-x86_64-gnu/lib/python3.11/threading.py", line 982, in run
    self._target(*self._args, **self._kwargs)
  File "/home/luffy/.hermes/hermes-agent/tui_gateway/server.py", line 855, in _loop
    time.sleep(_REAPER_SCAN_S)

--- thread tui-rpc_0 (id=139668914468544) ---
  File "/home/luffy/.local/share/uv/python/cpython-3.11.15-linux-x86_64-gnu/lib/python3.11/threading.py", line 1002, in _bootstrap
    self._bootstrap_inner()
  File "/home/luffy/.local/share/uv/python/cpython-3.11.15-linux-x86_64-gnu/lib/python3.11/threading.py", line 1045, in _bootstrap_inner
    self.run()
  File "/home/luffy/.local/share/uv/python/cpython-3.11.15-linux-x86_64-gnu/lib/python3.11/threading.py", line 982, in run
    self._target(*self._args, **self._kwargs)
  File "/home/luffy/.local/share/uv/python/cpython-3.11.15-linux-x86_64-gnu/lib/python3.11/concurrent/futures/thread.py", line 81, in _worker
    work_item = work_queue.get(block=True)

--- thread Thread-8 (_notification_poller_loop) (id=139668549551808) ---
  File "/home/luffy/.local/share/uv/python/cpython-3.11.15-linux-x86_64-gnu/lib/python3.11/threading.py", line 1002, in _bootstrap
    self._bootstrap_inner()
  File "/home/luffy/.local/share/uv/python/cpython-3.11.15-linux-x86_64-gnu/lib/python3.11/threading.py", line 1045, in _bootstrap_inner
    self.run()
  File "/home/luffy/.local/share/uv/python/cpython-3.11.15-linux-x86_64-gnu/lib/python3.11/threading.py", line 982, in run
    self._target(*self._args, **self._kwargs)
  File "/home/luffy/.hermes/hermes-agent/tui_gateway/server.py", line 8296, in _notification_poller_loop
    evt = process_registry.completion_queue.get(timeout=0.5)
  File "/home/luffy/.local/share/uv/python/cpython-3.11.15-linux-x86_64-gnu/lib/python3.11/queue.py", line 180, in get
    self.not_empty.wait(remaining)
  File "/home/luffy/.local/share/uv/python/cpython-3.11.15-linux-x86_64-gnu/lib/python3.11/threading.py", line 331, in wait
    gotit = waiter.acquire(True, timeout)

--- thread Thread-9 (_drain_stdout) (id=139668888000192) ---
  File "/home/luffy/.local/share/uv/python/cpython-3.11.15-linux-x86_64-gnu/lib/python3.11/threading.py", line 1002, in _bootstrap
    self._bootstrap_inner()
  File "/home/luffy/.local/share/uv/python/cpython-3.11.15-linux-x86_64-gnu/lib/python3.11/threading.py", line 1045, in _bootstrap_inner
    self.run()
  File "/home/luffy/.local/share/uv/python/cpython-3.11.15-linux-x86_64-gnu/lib/python3.11/threading.py", line 982, in run
    self._target(*self._args, **self._kwargs)
  File "/home/luffy/.hermes/hermes-agent/tui_gateway/server.py", line 313, in _drain_stdout
    for line in self.proc.stdout or []:

--- thread Thread-10 (_drain_stderr) (id=139668896392896) ---
  File "/home/luffy/.local/share/uv/python/cpython-3.11.15-linux-x86_64-gnu/lib/python3.11/threading.py", line 1002, in _bootstrap
    self._bootstrap_inner()
  File "/home/luffy/.local/share/uv/python/cpython-3.11.15-linux-x86_64-gnu/lib/python3.11/threading.py", line 1045, in _bootstrap_inner
    self.run()
  File "/home/luffy/.local/share/uv/python/cpython-3.11.15-linux-x86_64-gnu/lib/python3.11/threading.py", line 982, in run
    self._target(*self._args, **self._kwargs)
  File "/home/luffy/.hermes/hermes-agent/tui_gateway/server.py", line 321, in _drain_stderr
    for line in self.proc.stderr or []:

--- thread Thread-18 (_cleanup_thread_worker) (id=139668878558912) ---
  File "/home/luffy/.local/share/uv/python/cpython-3.11.15-linux-x86_64-gnu/lib/python3.11/threading.py", line 1002, in _bootstrap
    self._bootstrap_inner()
  File "/home/luffy/.local/share/uv/python/cpython-3.11.15-linux-x86_64-gnu/lib/python3.11/threading.py", line 1045, in _bootstrap_inner
    self.run()
  File "/home/luffy/.local/share/uv/python/cpython-3.11.15-linux-x86_64-gnu/lib/python3.11/threading.py", line 982, in run
    self._target(*self._args, **self._kwargs)
  File "/home/luffy/.hermes/hermes-agent/tools/terminal_tool.py", line 1597, in _cleanup_thread_worker
    time.sleep(1)

--- thread hermes-lsp-loop (id=139668368647872) ---
  File "/home/luffy/.local/share/uv/python/cpython-3.11.15-linux-x86_64-gnu/lib/python3.11/threading.py", line 1002, in _bootstrap
    self._bootstrap_inner()
  File "/home/luffy/.local/share/uv/python/cpython-3.11.15-linux-x86_64-gnu/lib/python3.11/threading.py", line 1045, in _bootstrap_inner
    self.run()
  File "/home/luffy/.local/share/uv/python/cpython-3.11.15-linux-x86_64-gnu/lib/python3.11/threading.py", line 982, in run
    self._target(*self._args, **self._kwargs)
  File "/home/luffy/.hermes/hermes-agent/agent/lsp/manager.py", line 93, in _run_forever
    loop.run_forever()
  File "/home/luffy/.local/share/uv/python/cpython-3.11.15-linux-x86_64-gnu/lib/python3.11/asyncio/base_events.py", line 608, in run_forever
    self._run_once()
  File "/home/luffy/.local/share/uv/python/cpython-3.11.15-linux-x86_64-gnu/lib/python3.11/asyncio/base_events.py", line 1898, in _run_once
    event_list = self._selector.select(timeout)
  File "/home/luffy/.local/share/uv/python/cpython-3.11.15-linux-x86_64-gnu/lib/python3.11/selectors.py", line 468, in select
    fd_event_list = self._selector.poll(timeout, max_ev)
[tui-parent] 2026-07-03T12:50:52.261Z uncaughtException: Error: write EIO
[tui-parent] 2026-07-03T12:50:52.266Z [lifecycle] GatewayClient.kill reason=graceful-exit-cleanup pid=45521 killed=true exitCode=null signal=null killResult=true

=== SIGTERM received · 2026-07-03 18:20:52 ===
main-thread stack at signal delivery:
  File "<frozen runpy>", line 198, in _run_module_as_main
  File "<frozen runpy>", line 88, in _run_code
  File "/home/luffy/.hermes/hermes-agent/tui_gateway/entry.py", line 381, in <module>
    main()
  File "/home/luffy/.hermes/hermes-agent/tui_gateway/entry.py", line 357, in main
    for raw in sys.stdin:
  File "/home/luffy/.hermes/hermes-agent/tui_gateway/entry.py", line 113, in _log_signal
    f.write("".join(traceback.format_stack(sys._current_frames().get(tid))))
  File "/home/luffy/.local/share/uv/python/cpython-3.11.15-linux-x86_64-gnu/lib/python3.11/traceback.py", line 214, in format_stack
    return format_list(extract_stack(f, limit=limit))
  File "/home/luffy/.local/share/uv/python/cpython-3.11.15-linux-x86_64-gnu/lib/python3.11/traceback.py", line 228, in extract_stack
    stack = StackSummary.extract(walk_stack(f), limit=limit)
  File "/home/luffy/.local/share/uv/python/cpython-3.11.15-linux-x86_64-gnu/lib/python3.11/traceback.py", line 390, in extract
    return klass._extract_from_extended_frame_gen(
  File "/home/luffy/.local/share/uv/python/cpython-3.11.15-linux-x86_64-gnu/lib/python3.11/traceback.py", line 433, in _extract_from_extended_frame_gen
    f.line
  File "/home/luffy/.local/share/uv/python/cpython-3.11.15-linux-x86_64-gnu/lib/python3.11/traceback.py", line 318, in line
    self._line = linecache.getline(self.filename, self.lineno)
  File "/home/luffy/.local/share/uv/python/cpython-3.11.15-linux-x86_64-gnu/lib/python3.11/linecache.py", line 30, in getline
    lines = getlines(filename, module_globals)
  File "/home/luffy/.local/share/uv/python/cpython-3.11.15-linux-x86_64-gnu/lib/python3.11/linecache.py", line 46, in getlines
    return updatecache(filename, module_globals)
  File "/home/luffy/.local/share/uv/python/cpython-3.11.15-linux-x86_64-gnu/lib/python3.11/linecache.py", line 137, in updatecache
    lines = fp.readlines()
  File "<frozen codecs>", line 319, in decode
  File "/home/luffy/.hermes/hermes-agent/tui_gateway/entry.py", line 141, in _log_signal
    _shutdown_sessions()
  File "/home/luffy/.hermes/hermes-agent/tui_gateway/server.py", line 735, in _shutdown_sessions
    _close_session_by_id(sid, end_reason="tui_shutdown")
  File "/home/luffy/.hermes/hermes-agent/tui_gateway/server.py", line 645, in _close_session_by_id
    _teardown_session(session, end_reason=end_reason)
  File "/home/luffy/.hermes/hermes-agent/tui_gateway/server.py", line 604, in _teardown_session
    _finalize_session(session, end_reason=end_reason)
  File "/home/luffy/.hermes/hermes-agent/tui_gateway/server.py", line 587, in _finalize_session
    worker.close()
  File "/home/luffy/.hermes/hermes-agent/tui_gateway/server.py", line 361, in close
    proc.wait(timeout=1)
  File "/home/luffy/.local/share/uv/python/cpython-3.11.15-linux-x86_64-gnu/lib/python3.11/subprocess.py", line 1264, in wait
    return self._wait(timeout=timeout)
  File "/home/luffy/.local/share/uv/python/cpython-3.11.15-linux-x86_64-gnu/lib/python3.11/subprocess.py", line 2047, in _wait
    time.sleep(delay)

--- thread MainThread (id=139668950898496) ---
  File "<frozen runpy>", line 198, in _run_module_as_main
  File "<frozen runpy>", line 88, in _run_code
  File "/home/luffy/.hermes/hermes-agent/tui_gateway/entry.py", line 381, in <module>
    main()
  File "/home/luffy/.hermes/hermes-agent/tui_gateway/entry.py", line 357, in main
    for raw in sys.stdin:
  File "/home/luffy/.hermes/hermes-agent/tui_gateway/entry.py", line 113, in _log_signal
    f.write("".join(traceback.format_stack(sys._current_frames().get(tid))))
  File "/home/luffy/.local/share/uv/python/cpython-3.11.15-linux-x86_64-gnu/lib/python3.11/traceback.py", line 214, in format_stack
    return format_list(extract_stack(f, limit=limit))
  File "/home/luffy/.local/share/uv/python/cpython-3.11.15-linux-x86_64-gnu/lib/python3.11/traceback.py", line 228, in extract_stack
    stack = StackSummary.extract(walk_stack(f), limit=limit)
  File "/home/luffy/.local/share/uv/python/cpython-3.11.15-linux-x86_64-gnu/lib/python3.11/traceback.py", line 390, in extract
    return klass._extract_from_extended_frame_gen(
  File "/home/luffy/.local/share/uv/python/cpython-3.11.15-linux-x86_64-gnu/lib/python3.11/traceback.py", line 433, in _extract_from_extended_frame_gen
    f.line
  File "/home/luffy/.local/share/uv/python/cpython-3.11.15-linux-x86_64-gnu/lib/python3.11/traceback.py", line 318, in line
    self._line = linecache.getline(self.filename, self.lineno)
  File "/home/luffy/.local/share/uv/python/cpython-3.11.15-linux-x86_64-gnu/lib/python3.11/linecache.py", line 30, in getline
    lines = getlines(filename, module_globals)
  File "/home/luffy/.local/share/uv/python/cpython-3.11.15-linux-x86_64-gnu/lib/python3.11/linecache.py", line 46, in getlines
    return updatecache(filename, module_globals)
  File "/home/luffy/.local/share/uv/python/cpython-3.11.15-linux-x86_64-gnu/lib/python3.11/linecache.py", line 137, in updatecache
    lines = fp.readlines()
  File "<frozen codecs>", line 319, in decode
  File "/home/luffy/.hermes/hermes-agent/tui_gateway/entry.py", line 141, in _log_signal
    _shutdown_sessions()
  File "/home/luffy/.hermes/hermes-agent/tui_gateway/server.py", line 735, in _shutdown_sessions
    _close_session_by_id(sid, end_reason="tui_shutdown")
  File "/home/luffy/.hermes/hermes-agent/tui_gateway/server.py", line 645, in _close_session_by_id
    _teardown_session(session, end_reason=end_reason)
  File "/home/luffy/.hermes/hermes-agent/tui_gateway/server.py", line 604, in _teardown_session
    _finalize_session(session, end_reason=end_reason)
  File "/home/luffy/.hermes/hermes-agent/tui_gateway/server.py", line 587, in _finalize_session
    worker.close()
  File "/home/luffy/.hermes/hermes-agent/tui_gateway/server.py", line 361, in close
    proc.wait(timeout=1)
  File "/home/luffy/.local/share/uv/python/cpython-3.11.15-linux-x86_64-gnu/lib/python3.11/subprocess.py", line 1264, in wait
    return self._wait(timeout=timeout)
  File "/home/luffy/.local/share/uv/python/cpython-3.11.15-linux-x86_64-gnu/lib/python3.11/subprocess.py", line 2047, in _wait
    time.sleep(delay)
  File "/home/luffy/.hermes/hermes-agent/tui_gateway/entry.py", line 113, in _log_signal
    f.write("".join(traceback.format_stack(sys._current_frames().get(tid))))

--- thread Thread-2 (_loop) (id=139668923909824) ---
  File "/home/luffy/.local/share/uv/python/cpython-3.11.15-linux-x86_64-gnu/lib/python3.11/threading.py", line 1002, in _bootstrap
    self._bootstrap_inner()
  File "/home/luffy/.local/share/uv/python/cpython-3.11.15-linux-x86_64-gnu/lib/python3.11/threading.py", line 1045, in _bootstrap_inner
    self.run()
  File "/home/luffy/.local/share/uv/python/cpython-3.11.15-linux-x86_64-gnu/lib/python3.11/threading.py", line 982, in run
    self._target(*self._args, **self._kwargs)
  File "/home/luffy/.hermes/hermes-agent/tui_gateway/server.py", line 855, in _loop
    time.sleep(_REAPER_SCAN_S)

--- thread tui-rpc_0 (id=139668914468544) ---
  File "/home/luffy/.local/share/uv/python/cpython-3.11.15-linux-x86_64-gnu/lib/python3.11/threading.py", line 1002, in _bootstrap
    self._bootstrap_inner()
  File "/home/luffy/.local/share/uv/python/cpython-3.11.15-linux-x86_64-gnu/lib/python3.11/threading.py", line 1045, in _bootstrap_inner
    self.run()
  File "/home/luffy/.local/share/uv/python/cpython-3.11.15-linux-x86_64-gnu/lib/python3.11/threading.py", line 982, in run
    self._target(*self._args, **self._kwargs)
  File "/home/luffy/.local/share/uv/python/cpython-3.11.15-linux-x86_64-gnu/lib/python3.11/concurrent/futures/thread.py", line 81, in _worker
    work_item = work_queue.get(block=True)

--- thread Thread-8 (_notification_poller_loop) (id=139668549551808) ---
  File "/home/luffy/.local/share/uv/python/cpython-3.11.15-linux-x86_64-gnu/lib/python3.11/threading.py", line 1002, in _bootstrap
    self._bootstrap_inner()
  File "/home/luffy/.local/share/uv/python/cpython-3.11.15-linux-x86_64-gnu/lib/python3.11/threading.py", line 1045, in _bootstrap_inner
    self.run()
  File "/home/luffy/.local/share/uv/python/cpython-3.11.15-linux-x86_64-gnu/lib/python3.11/threading.py", line 982, in run
    self._target(*self._args, **self._kwargs)
  File "/home/luffy/.hermes/hermes-agent/tui_gateway/server.py", line 8296, in _notification_poller_loop
    evt = process_registry.completion_queue.get(timeout=0.5)
  File "/home/luffy/.local/share/uv/python/cpython-3.11.15-linux-x86_64-gnu/lib/python3.11/queue.py", line 180, in get
    self.not_empty.wait(remaining)
  File "/home/luffy/.local/share/uv/python/cpython-3.11.15-linux-x86_64-gnu/lib/python3.11/threading.py", line 331, in wait
    gotit = waiter.acquire(True, timeout)

--- thread Thread-9 (_drain_stdout) (id=139668888000192) ---
  File "/home/luffy/.local/share/uv/python/cpython-3.11.15-linux-x86_64-gnu/lib/python3.11/threading.py", line 1002, in _bootstrap
    self._bootstrap_inner()
  File "/home/luffy/.local/share/uv/python/cpython-3.11.15-linux-x86_64-gnu/lib/python3.11/threading.py", line 1045, in _bootstrap_inner
    self.run()
  File "/home/luffy/.local/share/uv/python/cpython-3.11.15-linux-x86_64-gnu/lib/python3.11/threading.py", line 982, in run
    self._target(*self._args, **self._kwargs)
  File "/home/luffy/.hermes/hermes-agent/tui_gateway/server.py", line 313, in _drain_stdout
    for line in self.proc.stdout or []:

--- thread Thread-10 (_drain_stderr) (id=139668896392896) ---
  File "/home/luffy/.local/share/uv/python/cpython-3.11.15-linux-x86_64-gnu/lib/python3.11/threading.py", line 1002, in _bootstrap
    self._bootstrap_inner()
  File "/home/luffy/.local/share/uv/python/cpython-3.11.15-linux-x86_64-gnu/lib/python3.11/threading.py", line 1045, in _bootstrap_inner
    self.run()
  File "/home/luffy/.local/share/uv/python/cpython-3.11.15-linux-x86_64-gnu/lib/python3.11/threading.py", line 982, in run
    self._target(*self._args, **self._kwargs)
  File "/home/luffy/.hermes/hermes-agent/tui_gateway/server.py", line 321, in _drain_stderr
    for line in self.proc.stderr or []:

--- thread Thread-18 (_cleanup_thread_worker) (id=139668878558912) ---
  File "/home/luffy/.local/share/uv/python/cpython-3.11.15-linux-x86_64-gnu/lib/python3.11/threading.py", line 1002, in _bootstrap
    self._bootstrap_inner()
  File "/home/luffy/.local/share/uv/python/cpython-3.11.15-linux-x86_64-gnu/lib/python3.11/threading.py", line 1045, in _bootstrap_inner
    self.run()
  File "/home/luffy/.local/share/uv/python/cpython-3.11.15-linux-x86_64-gnu/lib/python3.11/threading.py", line 982, in run
    self._target(*self._args, **self._kwargs)
  File "/home/luffy/.hermes/hermes-agent/tools/terminal_tool.py", line 1597, in _cleanup_thread_worker
    time.sleep(1)

--- thread hermes-lsp-loop (id=139668368647872) ---
  File "/home/luffy/.local/share/uv/python/cpython-3.11.15-linux-x86_64-gnu/lib/python3.11/threading.py", line 1002, in _bootstrap
    self._bootstrap_inner()
  File "/home/luffy/.local/share/uv/python/cpython-3.11.15-linux-x86_64-gnu/lib/python3.11/threading.py", line 1045, in _bootstrap_inner
    self.run()
  File "/home/luffy/.local/share/uv/python/cpython-3.11.15-linux-x86_64-gnu/lib/python3.11/threading.py", line 982, in run
    self._target(*self._args, **self._kwargs)
  File "/home/luffy/.hermes/hermes-agent/agent/lsp/manager.py", line 93, in _run_forever
    loop.run_forever()
  File "/home/luffy/.local/share/uv/python/cpython-3.11.15-linux-x86_64-gnu/lib/python3.11/asyncio/base_events.py", line 608, in run_forever
    self._run_once()
  File "/home/luffy/.local/share/uv/python/cpython-3.11.15-linux-x86_64-gnu/lib/python3.11/asyncio/base_events.py", line 1898, in _run_once
    event_list = self._selector.select(timeout)
  File "/home/luffy/.local/share/uv/python/cpython-3.11.15-linux-x86_64-gnu/lib/python3.11/selectors.py", line 468, in select
    fd_event_list = self._selector.poll(timeout, max_ev)

--- thread Thread-62 (id=139668351862464) ---
  File "/home/luffy/.local/share/uv/python/cpython-3.11.15-linux-x86_64-gnu/lib/python3.11/threading.py", line 1002, in _bootstrap
    self._bootstrap_inner()
  File "/home/luffy/.local/share/uv/python/cpython-3.11.15-linux-x86_64-gnu/lib/python3.11/threading.py", line 1045, in _bootstrap_inner
    self.run()
  File "/home/luffy/.local/share/uv/python/cpython-3.11.15-linux-x86_64-gnu/lib/python3.11/threading.py", line 1399, in run
    self.finished.wait(self.interval)
  File "/home/luffy/.local/share/uv/python/cpython-3.11.15-linux-x86_64-gnu/lib/python3.11/threading.py", line 629, in wait
    signaled = self._cond.wait(timeout)
  File "/home/luffy/.local/share/uv/python/cpython-3.11.15-linux-x86_64-gnu/lib/python3.11/threading.py", line 331, in wait
    gotit = waiter.acquire(True, timeout)

=== SIGHUP received · 2026-07-03 18:20:52 ===
main-thread stack at signal delivery:
  File "<frozen runpy>", line 198, in _run_module_as_main
  File "<frozen runpy>", line 88, in _run_code
  File "/home/luffy/.hermes/hermes-agent/tui_gateway/entry.py", line 381, in <module>
    main()
  File "/home/luffy/.hermes/hermes-agent/tui_gateway/entry.py", line 357, in main
    for raw in sys.stdin:

--- thread MainThread (id=139668950898496) ---
  File "<frozen runpy>", line 198, in _run_module_as_main
  File "<frozen runpy>", line 88, in _run_code
  File "/home/luffy/.hermes/hermes-agent/tui_gateway/entry.py", line 381, in <module>
    main()
  File "/home/luffy/.hermes/hermes-agent/tui_gateway/entry.py", line 357, in main
    for raw in sys.stdin:
  File "/home/luffy/.hermes/hermes-agent/tui_gateway/entry.py", line 113, in _log_signal
    f.write("".join(traceback.format_stack(sys._current_frames().get(tid))))

--- thread Thread-2 (_loop) (id=139668923909824) ---
[tui-parent] 2026-07-03T12:50:52.271Z unhandledRejection: Error: EIO: i/o error, write
[tui-parent] 2026-07-03T12:50:52.883Z [lifecycle] child exit pid=45521 killed=true exitCode=0 signal=null code=0 signal=null
[tui-parent] 2026-07-03T12:50:52.883Z [lifecycle] transport exit code=0 reason=none
[tui-parent] 2026-07-03T12:50:52.887Z [lifecycle] spawned gateway child pid=55747 killed=false exitCode=null signal=null python=/home/luffy/.hermes/hermes-agent/venv/bin/python3 cwd=/home/luffy

=== gateway exit · 2026-07-03 18:20:56 · reason=stdin EOF (TUI closed the command pipe) ===

=== unhandled exception · 2026-07-03 18:20:56 ===
Traceback (most recent call last):
  File "<frozen runpy>", line 198, in _run_module_as_main
  File "<frozen runpy>", line 88, in _run_code
  File "/home/luffy/.hermes/hermes-agent/tui_gateway/entry.py", line 381, in <module>
    main()
  File "/home/luffy/.hermes/hermes-agent/tui_gateway/entry.py", line 377, in main
    _log_exit("stdin EOF (TUI closed the command pipe)")
  File "/home/luffy/.hermes/hermes-agent/tui_gateway/entry.py", line 204, in _log_exit
    print(f"[gateway-exit] {reason}", file=sys.stderr, flush=True)
BrokenPipeError: [Errno 32] Broken pipe
[tui-parent] 2026-07-03T12:53:57.779Z [lifecycle] spawned gateway child pid=61353 killed=false exitCode=null signal=null python=/home/luffy/.hermes/hermes-agent/venv/bin/python3 cwd=/home/luffy
[tui-parent] 2026-07-03T14:08:28.825Z uncaughtException: Error: write EIO
[tui-parent] 2026-07-03T14:08:28.835Z graceful-exit received signal=SIGHUP → killing gateway
[tui-parent] 2026-07-03T14:08:28.840Z uncaughtException: Error: write EIO
[tui-parent] 2026-07-03T14:08:28.842Z [lifecycle] GatewayClient.kill reason=graceful-exit-cleanup pid=61353 killed=true exitCode=null signal=null killResult=true

=== SIGTERM received · 2026-07-03 19:38:28 ===
main-thread stack at signal delivery:
  File "<frozen runpy>", line 198, in _run_module_as_main
  File "<frozen runpy>", line 88, in _run_code
  File "/home/luffy/.hermes/hermes-agent/tui_gateway/entry.py", line 381, in <module>
    main()
  File "/home/luffy/.hermes/hermes-agent/tui_gateway/entry.py", line 357, in main
    for raw in sys.stdin:
  File "/home/luffy/.hermes/hermes-agent/tui_gateway/entry.py", line 113, in _log_signal
    f.write("".join(traceback.format_stack(sys._current_frames().get(tid))))
  File "/home/luffy/.local/share/uv/python/cpython-3.11.15-linux-x86_64-gnu/lib/python3.11/traceback.py", line 214, in format_stack
    return format_list(extract_stack(f, limit=limit))
  File "/home/luffy/.local/share/uv/python/cpython-3.11.15-linux-x86_64-gnu/lib/python3.11/traceback.py", line 228, in extract_stack
    stack = StackSummary.extract(walk_stack(f), limit=limit)
  File "/home/luffy/.local/share/uv/python/cpython-3.11.15-linux-x86_64-gnu/lib/python3.11/traceback.py", line 390, in extract
    return klass._extract_from_extended_frame_gen(
  File "/home/luffy/.local/share/uv/python/cpython-3.11.15-linux-x86_64-gnu/lib/python3.11/traceback.py", line 433, in _extract_from_extended_frame_gen
    f.line
  File "/home/luffy/.local/share/uv/python/cpython-3.11.15-linux-x86_64-gnu/lib/python3.11/traceback.py", line 318, in line
    self._line = linecache.getline(self.filename, self.lineno)
  File "/home/luffy/.local/share/uv/python/cpython-3.11.15-linux-x86_64-gnu/lib/python3.11/linecache.py", line 30, in getline
    lines = getlines(filename, module_globals)
  File "/home/luffy/.local/share/uv/python/cpython-3.11.15-linux-x86_64-gnu/lib/python3.11/linecache.py", line 46, in getlines
    return updatecache(filename, module_globals)
  File "/home/luffy/.local/share/uv/python/cpython-3.11.15-linux-x86_64-gnu/lib/python3.11/linecache.py", line 137, in updatecache
    lines = fp.readlines()
  File "<frozen codecs>", line 319, in decode
  File "/home/luffy/.hermes/hermes-agent/tui_gateway/entry.py", line 113, in _log_signal
    f.write("".join(traceback.format_stack(sys._current_frames().get(tid))))
  File "/home/luffy/.local/share/uv/python/cpython-3.11.15-linux-x86_64-gnu/lib/python3.11/traceback.py", line 214, in format_stack
    return format_list(extract_stack(f, limit=limit))
  File "/home/luffy/.local/share/uv/python/cpython-3.11.15-linux-x86_64-gnu/lib/python3.11/traceback.py", line 228, in extract_stack
    stack = StackSummary.extract(walk_stack(f), limit=limit)
  File "/home/luffy/.local/share/uv/python/cpython-3.11.15-linux-x86_64-gnu/lib/python3.11/traceback.py", line 390, in extract
    return klass._extract_from_extended_frame_gen(
  File "/home/luffy/.local/share/uv/python/cpython-3.11.15-linux-x86_64-gnu/lib/python3.11/traceback.py", line 433, in _extract_from_extended_frame_gen
    f.line
  File "/home/luffy/.local/share/uv/python/cpython-3.11.15-linux-x86_64-gnu/lib/python3.11/traceback.py", line 318, in line
    self._line = linecache.getline(self.filename, self.lineno)
  File "/home/luffy/.local/share/uv/python/cpython-3.11.15-linux-x86_64-gnu/lib/python3.11/linecache.py", line 30, in getline
    lines = getlines(filename, module_globals)
  File "/home/luffy/.local/share/uv/python/cpython-3.11.15-linux-x86_64-gnu/lib/python3.11/linecache.py", line 46, in getlines
    return updatecache(filename, module_globals)
  File "/home/luffy/.local/share/uv/python/cpython-3.11.15-linux-x86_64-gnu/lib/python3.11/linecache.py", line 137, in updatecache
    lines = fp.readlines()
  File "<frozen codecs>", line 319, in decode

--- thread MainThread (id=139975509686080) ---
  File "<frozen runpy>", line 198, in _run_module_as_main
  File "<frozen runpy>", line 88, in _run_code
  File "/home/luffy/.hermes/hermes-agent/tui_gateway/entry.py", line 381, in <module>
    main()
  File "/home/luffy/.hermes/hermes-agent/tui_gateway/entry.py", line 357, in main
    for raw in sys.stdin:
  File "/home/luffy/.hermes/hermes-agent/tui_gateway/entry.py", line 113, in _log_signal
    f.write("".join(traceback.format_stack(sys._current_frames().get(tid))))
  File "/home/luffy/.local/share/uv/python/cpython-3.11.15-linux-x86_64-gnu/lib/python3.11/traceback.py", line 214, in format_stack
    return format_list(extract_stack(f, limit=limit))
  File "/home/luffy/.local/share/uv/python/cpython-3.11.15-linux-x86_64-gnu/lib/python3.11/traceback.py", line 228, in extract_stack
    stack = StackSummary.extract(walk_stack(f), limit=limit)
  File "/home/luffy/.local/share/uv/python/cpython-3.11.15-linux-x86_64-gnu/lib/python3.11/traceback.py", line 390, in extract
    return klass._extract_from_extended_frame_gen(
  File "/home/luffy/.local/share/uv/python/cpython-3.11.15-linux-x86_64-gnu/lib/python3.11/traceback.py", line 433, in _extract_from_extended_frame_gen
    f.line
  File "/home/luffy/.local/share/uv/python/cpython-3.11.15-linux-x86_64-gnu/lib/python3.11/traceback.py", line 318, in line
    self._line = linecache.getline(self.filename, self.lineno)
  File "/home/luffy/.local/share/uv/python/cpython-3.11.15-linux-x86_64-gnu/lib/python3.11/linecache.py", line 30, in getline
    lines = getlines(filename, module_globals)
  File "/home/luffy/.local/share/uv/python/cpython-3.11.15-linux-x86_64-gnu/lib/python3.11/linecache.py", line 46, in getlines
    return updatecache(filename, module_globals)
  File "/home/luffy/.local/share/uv/python/cpython-3.11.15-linux-x86_64-gnu/lib/python3.11/linecache.py", line 137, in updatecache
    lines = fp.readlines()
  File "<frozen codecs>", line 319, in decode
  File "/home/luffy/.hermes/hermes-agent/tui_gateway/entry.py", line 113, in _log_signal
    f.write("".join(traceback.format_stack(sys._current_frames().get(tid))))
  File "/home/luffy/.local/share/uv/python/cpython-3.11.15-linux-x86_64-gnu/lib/python3.11/traceback.py", line 214, in format_stack
    return format_list(extract_stack(f, limit=limit))
  File "/home/luffy/.local/share/uv/python/cpython-3.11.15-linux-x86_64-gnu/lib/python3.11/traceback.py", line 228, in extract_stack
    stack = StackSummary.extract(walk_stack(f), limit=limit)
  File "/home/luffy/.local/share/uv/python/cpython-3.11.15-linux-x86_64-gnu/lib/python3.11/traceback.py", line 390, in extract
    return klass._extract_from_extended_frame_gen(
  File "/home/luffy/.local/share/uv/python/cpython-3.11.15-linux-x86_64-gnu/lib/python3.11/traceback.py", line 433, in _extract_from_extended_frame_gen
    f.line
  File "/home/luffy/.local/share/uv/python/cpython-3.11.15-linux-x86_64-gnu/lib/python3.11/traceback.py", line 318, in line
    self._line = linecache.getline(self.filename, self.lineno)
  File "/home/luffy/.local/share/uv/python/cpython-3.11.15-linux-x86_64-gnu/lib/python3.11/linecache.py", line 30, in getline
    lines = getlines(filename, module_globals)
  File "/home/luffy/.local/share/uv/python/cpython-3.11.15-linux-x86_64-gnu/lib/python3.11/linecache.py", line 46, in getlines
    return updatecache(filename, module_globals)
  File "/home/luffy/.local/share/uv/python/cpython-3.11.15-linux-x86_64-gnu/lib/python3.11/linecache.py", line 137, in updatecache
    lines = fp.readlines()
  File "<frozen codecs>", line 319, in decode
  File "/home/luffy/.hermes/hermes-agent/tui_gateway/entry.py", line 113, in _log_signal
    f.write("".join(traceback.format_stack(sys._current_frames().get(tid))))

--- thread Thread-2 (_loop) (id=139975482431168) ---
  File "/home/luffy/.local/share/uv/python/cpython-3.11.15-linux-x86_64-gnu/lib/python3.11/threading.py", line 1002, in _bootstrap
    self._bootstrap_inner()
  File "/home/luffy/.local/share/uv/python/cpython-3.11.15-linux-x86_64-gnu/lib/python3.11/threading.py", line 1045, in _bootstrap_inner
    self.run()
  File "/home/luffy/.local/share/uv/python/cpython-3.11.15-linux-x86_64-gnu/lib/python3.11/threading.py", line 982, in run
    self._target(*self._args, **self._kwargs)
  File "/home/luffy/.hermes/hermes-agent/tui_gateway/server.py", line 855, in _loop
    time.sleep(_REAPER_SCAN_S)

--- thread tui-rpc_0 (id=139975464601280) ---
  File "/home/luffy/.local/share/uv/python/cpython-3.11.15-linux-x86_64-gnu/lib/python3.11/threading.py", line 1002, in _bootstrap
    self._bootstrap_inner()
  File "/home/luffy/.local/share/uv/python/cpython-3.11.15-linux-x86_64-gnu/lib/python3.11/threading.py", line 1045, in _bootstrap_inner
    self.run()
  File "/home/luffy/.local/share/uv/python/cpython-3.11.15-linux-x86_64-gnu/lib/python3.11/threading.py", line 982, in run
    self._target(*self._args, **self._kwargs)
  File "/home/luffy/.local/share/uv/python/cpython-3.11.15-linux-x86_64-gnu/lib/python3.11/concurrent/futures/thread.py", line 81, in _worker
    work_item = work_queue.get(block=True)

--- thread Thread-8 (_notification_poller_loop) (id=139975148844736) ---
  File "/home/luffy/.local/share/uv/python/cpython-3.11.15-linux-x86_64-gnu/lib/python3.11/threading.py", line 1002, in _bootstrap
    self._bootstrap_inner()
  File "/home/luffy/.local/share/uv/python/cpython-3.11.15-linux-x86_64-gnu/lib/python3.11/threading.py", line 1045, in _bootstrap_inner
    self.run()
  File "/home/luffy/.local/share/uv/python/cpython-3.11.15-linux-x86_64-gnu/lib/python3.11/threading.py", line 982, in run
    self._target(*self._args, **self._kwargs)
  File "/home/luffy/.hermes/hermes-agent/tui_gateway/server.py", line 8296, in _notification_poller_loop
    evt = process_registry.completion_queue.get(timeout=0.5)
  File "/home/luffy/.local/share/uv/python/cpython-3.11.15-linux-x86_64-gnu/lib/python3.11/queue.py", line 180, in get
    self.not_empty.wait(remaining)
  File "/home/luffy/.local/share/uv/python/cpython-3.11.15-linux-x86_64-gnu/lib/python3.11/threading.py", line 331, in wait
    gotit = waiter.acquire(True, timeout)

--- thread Thread-16 (_cleanup_thread_worker) (id=139975198766784) ---
  File "/home/luffy/.local/share/uv/python/cpython-3.11.15-linux-x86_64-gnu/lib/python3.11/threading.py", line 1002, in _bootstrap
    self._bootstrap_inner()
  File "/home/luffy/.local/share/uv/python/cpython-3.11.15-linux-x86_64-gnu/lib/python3.11/threading.py", line 1045, in _bootstrap_inner
    self.run()
  File "/home/luffy/.local/share/uv/python/cpython-3.11.15-linux-x86_64-gnu/lib/python3.11/threading.py", line 982, in run
    self._target(*self._args, **self._kwargs)
  File "/home/luffy/.hermes/hermes-agent/tools/terminal_tool.py", line 1597, in _cleanup_thread_worker
    time.sleep(1)

--- thread hermes-lsp-loop (id=139974961186496) ---
  File "/home/luffy/.local/share/uv/python/cpython-3.11.15-linux-x86_64-gnu/lib/python3.11/threading.py", line 1002, in _bootstrap
    self._bootstrap_inner()
  File "/home/luffy/.local/share/uv/python/cpython-3.11.15-linux-x86_64-gnu/lib/python3.11/threading.py", line 1045, in _bootstrap_inner
    self.run()
  File "/home/luffy/.local/share/uv/python/cpython-3.11.15-linux-x86_64-gnu/lib/python3.11/threading.py", line 982, in run
    self._target(*self._args, **self._kwargs)
  File "/home/luffy/.hermes/hermes-agent/agent/lsp/manager.py", line 93, in _run_forever
    loop.run_forever()
  File "/home/luffy/.local/share/uv/python/cpython-3.11.15-linux-x86_64-gnu/lib/python3.11/asyncio/base_events.py", line 608, in run_forever
    self._run_once()
  File "/home/luffy/.local/share/uv/python/cpython-3.11.15-linux-x86_64-gnu/lib/python3.11/asyncio/base_events.py", line 1898, in _run_once
    event_list = self._selector.select(timeout)
  File "/home/luffy/.local/share/uv/python/cpython-3.11.15-linux-x86_64-gnu/lib/python3.11/selectors.py", line 468, in select
    fd_event_list = self._selector.poll(timeout, max_ev)

--- thread tui-rpc_1 (id=139974796113600) ---
  File "/home/luffy/.local/share/uv/python/cpython-3.11.15-linux-x86_64-gnu/lib/python3.11/threading.py", line 1002, in _bootstrap
    self._bootstrap_inner()
  File "/home/luffy/.local/share/uv/python/cpython-3.11.15-linux-x86_64-gnu/lib/python3.11/threading.py", line 1045, in _bootstrap_inner
    self.run()
  File "/home/luffy/.local/share/uv/python/cpython-3.11.15-linux-x86_64-gnu/lib/python3.11/threading.py", line 982, in run
    self._target(*self._args, **self._kwargs)
  File "/home/luffy/.local/share/uv/python/cpython-3.11.15-linux-x86_64-gnu/lib/python3.11/concurrent/futures/thread.py", line 81, in _worker
    work_item = work_queue.get(block=True)

--- thread Thread-59 (_drain_stdout) (id=139975438137024) ---
  File "/home/luffy/.local/share/uv/python/cpython-3.11.15-linux-x86_64-gnu/lib/python3.11/threading.py", line 1002, in _bootstrap
    self._bootstrap_inner()
  File "/home/luffy/.local/share/uv/python/cpython-3.11.15-linux-x86_64-gnu/lib/python3.11/threading.py", line 1045, in _bootstrap_inner
    self.run()
  File "/home/luffy/.local/share/uv/python/cpython-3.11.15-linux-x86_64-gnu/lib/python3.11/threading.py", line 982, in run
    self._target(*self._args, **self._kwargs)
  File "/home/luffy/.hermes/hermes-agent/tui_gateway/server.py", line 313, in _drain_stdout
    for line in self.proc.stdout or []:

--- thread Thread-60 (_drain_stderr) (id=139975421355712) ---
  File "/home/luffy/.local/share/uv/python/cpython-3.11.15-linux-x86_64-gnu/lib/python3.11/threading.py", line 1002, in _bootstrap
    self._bootstrap_inner()
  File "/home/luffy/.local/share/uv/python/cpython-3.11.15-linux-x86_64-gnu/lib/python3.11/threading.py", line 1045, in _bootstrap_inner
    self.run()
  File "/home/luffy/.local/share/uv/python/cpython-3.11.15-linux-x86_64-gnu/lib/python3.11/threading.py", line 982, in run
    self._target(*self._args, **self._kwargs)
  File "/home/luffy/.hermes/hermes-agent/tui_gateway/server.py", line 321, in _drain_stderr
    for line in self.proc.stderr or []:
[tui-parent] 2026-07-03T14:08:28.857Z unhandledRejection: Error: EIO: i/o error, write

=== SIGHUP received · 2026-07-03 19:38:28 ===
main-thread stack at signal delivery:
  File "<frozen runpy>", line 198, in _run_module_as_main
  File "<frozen runpy>", line 88, in _run_code
  File "/home/luffy/.hermes/hermes-agent/tui_gateway/entry.py", line 381, in <module>
    main()
  File "/home/luffy/.hermes/hermes-agent/tui_gateway/entry.py", line 357, in main
    for raw in sys.stdin:
  File "/home/luffy/.hermes/hermes-agent/tui_gateway/entry.py", line 113, in _log_signal
    f.write("".join(traceback.format_stack(sys._current_frames().get(tid))))
  File "/home/luffy/.local/share/uv/python/cpython-3.11.15-linux-x86_64-gnu/lib/python3.11/traceback.py", line 214, in format_stack
    return format_list(extract_stack(f, limit=limit))
  File "/home/luffy/.local/share/uv/python/cpython-3.11.15-linux-x86_64-gnu/lib/python3.11/traceback.py", line 228, in extract_stack
    stack = StackSummary.extract(walk_stack(f), limit=limit)
  File "/home/luffy/.local/share/uv/python/cpython-3.11.15-linux-x86_64-gnu/lib/python3.11/traceback.py", line 390, in extract
    return klass._extract_from_extended_frame_gen(
  File "/home/luffy/.local/share/uv/python/cpython-3.11.15-linux-x86_64-gnu/lib/python3.11/traceback.py", line 433, in _extract_from_extended_frame_gen
    f.line
  File "/home/luffy/.local/share/uv/python/cpython-3.11.15-linux-x86_64-gnu/lib/python3.11/traceback.py", line 318, in line
    self._line = linecache.getline(self.filename, self.lineno)
  File "/home/luffy/.local/share/uv/python/cpython-3.11.15-linux-x86_64-gnu/lib/python3.11/linecache.py", line 30, in getline
    lines = getlines(filename, module_globals)
  File "/home/luffy/.local/share/uv/python/cpython-3.11.15-linux-x86_64-gnu/lib/python3.11/linecache.py", line 46, in getlines
    return updatecache(filename, module_globals)
  File "/home/luffy/.local/share/uv/python/cpython-3.11.15-linux-x86_64-gnu/lib/python3.11/linecache.py", line 137, in updatecache
    lines = fp.readlines()
  File "<frozen codecs>", line 319, in decode

--- thread MainThread (id=139975509686080) ---
  File "<frozen runpy>", line 198, in _run_module_as_main
  File "<frozen runpy>", line 88, in _run_code
  File "/home/luffy/.hermes/hermes-agent/tui_gateway/entry.py", line 381, in <module>
    main()
  File "/home/luffy/.hermes/hermes-agent/tui_gateway/entry.py", line 357, in main
    for raw in sys.stdin:
  File "/home/luffy/.hermes/hermes-agent/tui_gateway/entry.py", line 113, in _log_signal
    f.write("".join(traceback.format_stack(sys._current_frames().get(tid))))
  File "/home/luffy/.local/share/uv/python/cpython-3.11.15-linux-x86_64-gnu/lib/python3.11/traceback.py", line 214, in format_stack
    return format_list(extract_stack(f, limit=limit))
  File "/home/luffy/.local/share/uv/python/cpython-3.11.15-linux-x86_64-gnu/lib/python3.11/traceback.py", line 228, in extract_stack
    stack = StackSummary.extract(walk_stack(f), limit=limit)
  File "/home/luffy/.local/share/uv/python/cpython-3.11.15-linux-x86_64-gnu/lib/python3.11/traceback.py", line 390, in extract
    return klass._extract_from_extended_frame_gen(
  File "/home/luffy/.local/share/uv/python/cpython-3.11.15-linux-x86_64-gnu/lib/python3.11/traceback.py", line 433, in _extract_from_extended_frame_gen
    f.line
  File "/home/luffy/.local/share/uv/python/cpython-3.11.15-linux-x86_64-gnu/lib/python3.11/traceback.py", line 318, in line
    self._line = linecache.getline(self.filename, self.lineno)
  File "/home/luffy/.local/share/uv/python/cpython-3.11.15-linux-x86_64-gnu/lib/python3.11/linecache.py", line 30, in getline
    lines = getlines(filename, module_globals)
  File "/home/luffy/.local/share/uv/python/cpython-3.11.15-linux-x86_64-gnu/lib/python3.11/linecache.py", line 46, in getlines
    return updatecache(filename, module_globals)
  File "/home/luffy/.local/share/uv/python/cpython-3.11.15-linux-x86_64-gnu/lib/python3.11/linecache.py", line 137, in updatecache
    lines = fp.readlines()
  File "<frozen codecs>", line 319, in decode
  File "/home/luffy/.hermes/hermes-agent/tui_gateway/entry.py", line 113, in _log_signal
    f.write("".join(traceback.format_stack(sys._current_frames().get(tid))))

--- thread Thread-2 (_loop) (id=139975482431168) ---
  File "/home/luffy/.local/share/uv/python/cpython-3.11.15-linux-x86_64-gnu/lib/python3.11/threading.py", line 1002, in _bootstrap
    self._bootstrap_inner()
  File "/home/luffy/.local/share/uv/python/cpython-3.11.15-linux-x86_64-gnu/lib/python3.11/threading.py", line 1045, in _bootstrap_inner
    self.run()
  File "/home/luffy/.local/share/uv/python/cpython-3.11.15-linux-x86_64-gnu/lib/python3.11/threading.py", line 982, in run
    self._target(*self._args, **self._kwargs)
  File "/home/luffy/.hermes/hermes-agent/tui_gateway/server.py", line 855, in _loop
    time.sleep(_REAPER_SCAN_S)

--- thread tui-rpc_0 (id=139975464601280) ---
  File "/home/luffy/.local/share/uv/python/cpython-3.11.15-linux-x86_64-gnu/lib/python3.11/threading.py", line 1002, in _bootstrap
    self._bootstrap_inner()
  File "/home/luffy/.local/share/uv/python/cpython-3.11.15-linux-x86_64-gnu/lib/python3.11/threading.py", line 1045, in _bootstrap_inner
    self.run()
  File "/home/luffy/.local/share/uv/python/cpython-3.11.15-linux-x86_64-gnu/lib/python3.11/threading.py", line 982, in run
    self._target(*self._args, **self._kwargs)
  File "/home/luffy/.local/share/uv/python/cpython-3.11.15-linux-x86_64-gnu/lib/python3.11/concurrent/futures/thread.py", line 81, in _worker
    work_item = work_queue.get(block=True)

--- thread Thread-8 (_notification_poller_loop) (id=139975148844736) ---
  File "/home/luffy/.local/share/uv/python/cpython-3.11.15-linux-x86_64-gnu/lib/python3.11/threading.py", line 1002, in _bootstrap
    self._bootstrap_inner()
  File "/home/luffy/.local/share/uv/python/cpython-3.11.15-linux-x86_64-gnu/lib/python3.11/threading.py", line 1045, in _bootstrap_inner
    self.run()
  File "/home/luffy/.local/share/uv/python/cpython-3.11.15-linux-x86_64-gnu/lib/python3.11/threading.py", line 982, in run
    self._target(*self._args, **self._kwargs)
  File "/home/luffy/.hermes/hermes-agent/tui_gateway/server.py", line 8296, in _notification_poller_loop
    evt = process_registry.completion_queue.get(timeout=0.5)
  File "/home/luffy/.local/share/uv/python/cpython-3.11.15-linux-x86_64-gnu/lib/python3.11/queue.py", line 180, in get
    self.not_empty.wait(remaining)
  File "/home/luffy/.local/share/uv/python/cpython-3.11.15-linux-x86_64-gnu/lib/python3.11/threading.py", line 331, in wait
    gotit = waiter.acquire(True, timeout)

--- thread Thread-16 (_cleanup_thread_worker) (id=139975198766784) ---
  File "/home/luffy/.local/share/uv/python/cpython-3.11.15-linux-x86_64-gnu/lib/python3.11/threading.py", line 1002, in _bootstrap
    self._bootstrap_inner()
  File "/home/luffy/.local/share/uv/python/cpython-3.11.15-linux-x86_64-gnu/lib/python3.11/threading.py", line 1045, in _bootstrap_inner
    self.run()
  File "/home/luffy/.local/share/uv/python/cpython-3.11.15-linux-x86_64-gnu/lib/python3.11/threading.py", line 982, in run
    self._target(*self._args, **self._kwargs)
  File "/home/luffy/.hermes/hermes-agent/tools/terminal_tool.py", line 1597, in _cleanup_thread_worker
    time.sleep(1)

--- thread hermes-lsp-loop (id=139974961186496) ---

=== SIGHUP received · 2026-07-03 19:38:28 ===
main-thread stack at signal delivery:
  File "<frozen runpy>", line 198, in _run_module_as_main
  File "<frozen runpy>", line 88, in _run_code
  File "/home/luffy/.hermes/hermes-agent/tui_gateway/entry.py", line 381, in <module>
    main()
  File "/home/luffy/.hermes/hermes-agent/tui_gateway/entry.py", line 357, in main
    for raw in sys.stdin:

--- thread MainThread (id=139975509686080) ---
  File "<frozen runpy>", line 198, in _run_module_as_main
  File "<frozen runpy>", line 88, in _run_code
  File "/home/luffy/.hermes/hermes-agent/tui_gateway/entry.py", line 381, in <module>
    main()
  File "/home/luffy/.hermes/hermes-agent/tui_gateway/entry.py", line 357, in main
    for raw in sys.stdin:
  File "/home/luffy/.hermes/hermes-agent/tui_gateway/entry.py", line 113, in _log_signal
    f.write("".join(traceback.format_stack(sys._current_frames().get(tid))))

--- thread Thread-2 (_loop) (id=139975482431168) ---

=== SIGTERM received · 2026-07-03 19:38:29 ===
main-thread stack at signal delivery:
  File "/home/luffy/.hermes/hermes-agent/tools/terminal_tool.py", line 1745, in _atexit_cleanup
    _stop_cleanup_thread()
  File "/home/luffy/.hermes/hermes-agent/tools/terminal_tool.py", line 1617, in _stop_cleanup_thread
    _cleanup_thread.join(timeout=5)
  File "/home/luffy/.local/share/uv/python/cpython-3.11.15-linux-x86_64-gnu/lib/python3.11/threading.py", line 1123, in join
    self._wait_for_tstate_lock(timeout=max(timeout, 0))
  File "/home/luffy/.local/share/uv/python/cpython-3.11.15-linux-x86_64-gnu/lib/python3.11/threading.py", line 1139, in _wait_for_tstate_lock
    if lock.acquire(block, timeout):

--- thread MainThread (id=139975509686080) ---
  File "/home/luffy/.hermes/hermes-agent/tools/terminal_tool.py", line 1745, in _atexit_cleanup
    _stop_cleanup_thread()
  File "/home/luffy/.hermes/hermes-agent/tools/terminal_tool.py", line 1617, in _stop_cleanup_thread
    _cleanup_thread.join(timeout=5)
  File "/home/luffy/.local/share/uv/python/cpython-3.11.15-linux-x86_64-gnu/lib/python3.11/threading.py", line 1123, in join
    self._wait_for_tstate_lock(timeout=max(timeout, 0))
  File "/home/luffy/.local/share/uv/python/cpython-3.11.15-linux-x86_64-gnu/lib/python3.11/threading.py", line 1139, in _wait_for_tstate_lock
    if lock.acquire(block, timeout):
  File "/home/luffy/.hermes/hermes-agent/tui_gateway/entry.py", line 113, in _log_signal
    f.write("".join(traceback.format_stack(sys._current_frames().get(tid))))

--- thread Thread-2 (_loop) (id=139975482431168) ---
  File "/home/luffy/.local/share/uv/python/cpython-3.11.15-linux-x86_64-gnu/lib/python3.11/threading.py", line 1002, in _bootstrap
    self._bootstrap_inner()
  File "/home/luffy/.local/share/uv/python/cpython-3.11.15-linux-x86_64-gnu/lib/python3.11/threading.py", line 1045, in _bootstrap_inner
    self.run()
  File "/home/luffy/.local/share/uv/python/cpython-3.11.15-linux-x86_64-gnu/lib/python3.11/threading.py", line 982, in run
    self._target(*self._args, **self._kwargs)
  File "/home/luffy/.hermes/hermes-agent/tui_gateway/server.py", line 855, in _loop
    time.sleep(_REAPER_SCAN_S)

--- thread Thread-16 (_cleanup_thread_worker) (id=139975198766784) ---
  File "/home/luffy/.local/share/uv/python/cpython-3.11.15-linux-x86_64-gnu/lib/python3.11/threading.py", line 1002, in _bootstrap
    self._bootstrap_inner()
  File "/home/luffy/.local/share/uv/python/cpython-3.11.15-linux-x86_64-gnu/lib/python3.11/threading.py", line 1045, in _bootstrap_inner
    self.run()
  File "/home/luffy/.local/share/uv/python/cpython-3.11.15-linux-x86_64-gnu/lib/python3.11/threading.py", line 982, in run
    self._target(*self._args, **self._kwargs)
  File "/home/luffy/.hermes/hermes-agent/tools/terminal_tool.py", line 1597, in _cleanup_thread_worker
    time.sleep(1)

--- thread Thread-204 (id=139974779332288) ---
  File "/home/luffy/.local/share/uv/python/cpython-3.11.15-linux-x86_64-gnu/lib/python3.11/threading.py", line 1002, in _bootstrap
    self._bootstrap_inner()
  File "/home/luffy/.local/share/uv/python/cpython-3.11.15-linux-x86_64-gnu/lib/python3.11/threading.py", line 1045, in _bootstrap_inner
    self.run()
  File "/home/luffy/.local/share/uv/python/cpython-3.11.15-linux-x86_64-gnu/lib/python3.11/threading.py", line 1399, in run
    self.finished.wait(self.interval)
  File "/home/luffy/.local/share/uv/python/cpython-3.11.15-linux-x86_64-gnu/lib/python3.11/threading.py", line 629, in wait
    signaled = self._cond.wait(timeout)
  File "/home/luffy/.local/share/uv/python/cpython-3.11.15-linux-x86_64-gnu/lib/python3.11/threading.py", line 331, in wait
    gotit = waiter.acquire(True, timeout)
[tui-parent] 2026-07-03T14:08:29.226Z [lifecycle] spawned gateway child pid=192629 killed=false exitCode=null signal=null python=/home/luffy/.hermes/hermes-agent/venv/bin/python3 cwd=/home/luffy

=== gateway exit · 2026-07-03 19:38:32 · reason=stdin EOF (TUI closed the command pipe) ===

=== unhandled exception · 2026-07-03 19:38:32 ===
Traceback (most recent call last):
  File "<frozen runpy>", line 198, in _run_module_as_main
  File "<frozen runpy>", line 88, in _run_code
  File "/home/luffy/.hermes/hermes-agent/tui_gateway/entry.py", line 381, in <module>
    main()
  File "/home/luffy/.hermes/hermes-agent/tui_gateway/entry.py", line 377, in main
    _log_exit("stdin EOF (TUI closed the command pipe)")
  File "/home/luffy/.hermes/hermes-agent/tui_gateway/entry.py", line 204, in _log_exit
    print(f"[gateway-exit] {reason}", file=sys.stderr, flush=True)
BrokenPipeError: [Errno 32] Broken pipe
[tui-parent] 2026-07-03T14:12:22.057Z [lifecycle] spawned gateway child pid=9206 killed=false exitCode=null signal=null python=/home/luffy/.hermes/hermes-agent/venv/bin/python3 cwd=/home/luffy
[tui-parent] 2026-07-03T14:12:41.704Z [lifecycle] GatewayClient.kill reason=app.die pid=9206 killed=true exitCode=null signal=null killResult=true

=== SIGTERM received · 2026-07-03 19:42:41 ===
main-thread stack at signal delivery:
  File "<frozen runpy>", line 198, in _run_module_as_main
  File "<frozen runpy>", line 88, in _run_code
  File "/home/luffy/.hermes/hermes-agent/tui_gateway/entry.py", line 381, in <module>
    main()
  File "/home/luffy/.hermes/hermes-agent/tui_gateway/entry.py", line 357, in main
    for raw in sys.stdin:

--- thread MainThread (id=140407736235840) ---
  File "<frozen runpy>", line 198, in _run_module_as_main
  File "<frozen runpy>", line 88, in _run_code
  File "/home/luffy/.hermes/hermes-agent/tui_gateway/entry.py", line 381, in <module>
    main()
  File "/home/luffy/.hermes/hermes-agent/tui_gateway/entry.py", line 357, in main
    for raw in sys.stdin:
  File "/home/luffy/.hermes/hermes-agent/tui_gateway/entry.py", line 113, in _log_signal
    f.write("".join(traceback.format_stack(sys._current_frames().get(tid))))

--- thread Thread-2 (_loop) (id=140407709042368) ---
  File "/home/luffy/.local/share/uv/python/cpython-3.11.15-linux-x86_64-gnu/lib/python3.11/threading.py", line 1002, in _bootstrap
    self._bootstrap_inner()
  File "/home/luffy/.local/share/uv/python/cpython-3.11.15-linux-x86_64-gnu/lib/python3.11/threading.py", line 1045, in _bootstrap_inner
    self.run()
  File "/home/luffy/.local/share/uv/python/cpython-3.11.15-linux-x86_64-gnu/lib/python3.11/threading.py", line 982, in run
    self._target(*self._args, **self._kwargs)
  File "/home/luffy/.hermes/hermes-agent/tui_gateway/server.py", line 855, in _loop
    time.sleep(_REAPER_SCAN_S)

--- thread tui-rpc_0 (id=140407699601088) ---
  File "/home/luffy/.local/share/uv/python/cpython-3.11.15-linux-x86_64-gnu/lib/python3.11/threading.py", line 1002, in _bootstrap
    self._bootstrap_inner()
  File "/home/luffy/.local/share/uv/python/cpython-3.11.15-linux-x86_64-gnu/lib/python3.11/threading.py", line 1045, in _bootstrap_inner
    self.run()
  File "/home/luffy/.local/share/uv/python/cpython-3.11.15-linux-x86_64-gnu/lib/python3.11/threading.py", line 982, in run
    self._target(*self._args, **self._kwargs)
  File "/home/luffy/.local/share/uv/python/cpython-3.11.15-linux-x86_64-gnu/lib/python3.11/concurrent/futures/thread.py", line 81, in _worker
    work_item = work_queue.get(block=True)

--- thread Thread-6 (_drain_stdout) (id=140407673132736) ---
  File "/home/luffy/.local/share/uv/python/cpython-3.11.15-linux-x86_64-gnu/lib/python3.11/threading.py", line 1002, in _bootstrap
    self._bootstrap_inner()
  File "/home/luffy/.local/share/uv/python/cpython-3.11.15-linux-x86_64-gnu/lib/python3.11/threading.py", line 1045, in _bootstrap_inner
    self.run()
  File "/home/luffy/.local/share/uv/python/cpython-3.11.15-linux-x86_64-gnu/lib/python3.11/threading.py", line 982, in run
    self._target(*self._args, **self._kwargs)
  File "/home/luffy/.hermes/hermes-agent/tui_gateway/server.py", line 313, in _drain_stdout
    for line in self.proc.stdout or []:

--- thread Thread-7 (_drain_stderr) (id=140407681525440) ---
  File "/home/luffy/.local/share/uv/python/cpython-3.11.15-linux-x86_64-gnu/lib/python3.11/threading.py", line 1002, in _bootstrap
    self._bootstrap_inner()
  File "/home/luffy/.local/share/uv/python/cpython-3.11.15-linux-x86_64-gnu/lib/python3.11/threading.py", line 1045, in _bootstrap_inner
    self.run()
  File "/home/luffy/.local/share/uv/python/cpython-3.11.15-linux-x86_64-gnu/lib/python3.11/threading.py", line 982, in run
    self._target(*self._args, **self._kwargs)
  File "/home/luffy/.hermes/hermes-agent/tui_gateway/server.py", line 321, in _drain_stderr
    for line in self.proc.stderr or []:

--- thread Thread-8 (_notification_poller_loop) (id=140407267653312) ---
  File "/home/luffy/.local/share/uv/python/cpython-3.11.15-linux-x86_64-gnu/lib/python3.11/threading.py", line 1002, in _bootstrap
    self._bootstrap_inner()
  File "/home/luffy/.local/share/uv/python/cpython-3.11.15-linux-x86_64-gnu/lib/python3.11/threading.py", line 1045, in _bootstrap_inner
    self.run()
  File "/home/luffy/.local/share/uv/python/cpython-3.11.15-linux-x86_64-gnu/lib/python3.11/threading.py", line 982, in run
    self._target(*self._args, **self._kwargs)
  File "/home/luffy/.hermes/hermes-agent/tui_gateway/server.py", line 8296, in _notification_poller_loop
    evt = process_registry.completion_queue.get(timeout=0.5)
  File "/home/luffy/.local/share/uv/python/cpython-3.11.15-linux-x86_64-gnu/lib/python3.11/queue.py", line 180, in get
    self.not_empty.wait(remaining)
  File "/home/luffy/.local/share/uv/python/cpython-3.11.15-linux-x86_64-gnu/lib/python3.11/threading.py", line 331, in wait
    gotit = waiter.acquire(True, timeout)
[tui-parent] 2026-07-03T14:28:17.740Z [lifecycle] spawned gateway child pid=54743 killed=false exitCode=null signal=null python=/home/luffy/.hermes/hermes-agent/venv/bin/python3 cwd=/home/luffy/Documents/SpringBoot/usermanagementAPI
[tui-parent] 2026-07-03T14:32:47.205Z [lifecycle] GatewayClient.kill reason=app.die pid=54743 killed=true exitCode=null signal=null killResult=true

=== SIGTERM received · 2026-07-03 20:02:47 ===
main-thread stack at signal delivery:
  File "<frozen runpy>", line 198, in _run_module_as_main
  File "<frozen runpy>", line 88, in _run_code
  File "/home/luffy/.hermes/hermes-agent/tui_gateway/entry.py", line 381, in <module>
    main()
  File "/home/luffy/.hermes/hermes-agent/tui_gateway/entry.py", line 357, in main
    for raw in sys.stdin:

--- thread MainThread (id=140348248172352) ---
  File "<frozen runpy>", line 198, in _run_module_as_main
  File "<frozen runpy>", line 88, in _run_code
  File "/home/luffy/.hermes/hermes-agent/tui_gateway/entry.py", line 381, in <module>
    main()
  File "/home/luffy/.hermes/hermes-agent/tui_gateway/entry.py", line 357, in main
    for raw in sys.stdin:
  File "/home/luffy/.hermes/hermes-agent/tui_gateway/entry.py", line 113, in _log_signal
    f.write("".join(traceback.format_stack(sys._current_frames().get(tid))))

--- thread Thread-2 (_loop) (id=140348211553984) ---
  File "/home/luffy/.local/share/uv/python/cpython-3.11.15-linux-x86_64-gnu/lib/python3.11/threading.py", line 1002, in _bootstrap
    self._bootstrap_inner()
  File "/home/luffy/.local/share/uv/python/cpython-3.11.15-linux-x86_64-gnu/lib/python3.11/threading.py", line 1045, in _bootstrap_inner
    self.run()
  File "/home/luffy/.local/share/uv/python/cpython-3.11.15-linux-x86_64-gnu/lib/python3.11/threading.py", line 982, in run
    self._target(*self._args, **self._kwargs)
  File "/home/luffy/.hermes/hermes-agent/tui_gateway/server.py", line 865, in _loop
    time.sleep(_REAPER_SCAN_S)

--- thread tui-rpc_0 (id=140348219946688) ---
  File "/home/luffy/.local/share/uv/python/cpython-3.11.15-linux-x86_64-gnu/lib/python3.11/threading.py", line 1002, in _bootstrap
    self._bootstrap_inner()
  File "/home/luffy/.local/share/uv/python/cpython-3.11.15-linux-x86_64-gnu/lib/python3.11/threading.py", line 1045, in _bootstrap_inner
    self.run()
  File "/home/luffy/.local/share/uv/python/cpython-3.11.15-linux-x86_64-gnu/lib/python3.11/threading.py", line 982, in run
    self._target(*self._args, **self._kwargs)
  File "/home/luffy/.local/share/uv/python/cpython-3.11.15-linux-x86_64-gnu/lib/python3.11/concurrent/futures/thread.py", line 81, in _worker
    work_item = work_queue.get(block=True)

--- thread Thread-8 (_notification_poller_loop) (id=140347776693952) ---
  File "/home/luffy/.local/share/uv/python/cpython-3.11.15-linux-x86_64-gnu/lib/python3.11/threading.py", line 1002, in _bootstrap
    self._bootstrap_inner()
  File "/home/luffy/.local/share/uv/python/cpython-3.11.15-linux-x86_64-gnu/lib/python3.11/threading.py", line 1045, in _bootstrap_inner
    self.run()
  File "/home/luffy/.local/share/uv/python/cpython-3.11.15-linux-x86_64-gnu/lib/python3.11/threading.py", line 982, in run
    self._target(*self._args, **self._kwargs)
  File "/home/luffy/.hermes/hermes-agent/tui_gateway/server.py", line 8318, in _notification_poller_loop
    evt = process_registry.completion_queue.get(timeout=0.5)
  File "/home/luffy/.local/share/uv/python/cpython-3.11.15-linux-x86_64-gnu/lib/python3.11/queue.py", line 180, in get
    self.not_empty.wait(remaining)
  File "/home/luffy/.local/share/uv/python/cpython-3.11.15-linux-x86_64-gnu/lib/python3.11/threading.py", line 331, in wait
    gotit = waiter.acquire(True, timeout)

--- thread Thread-12 (_drain_stdout) (id=140348122724032) ---
  File "/home/luffy/.local/share/uv/python/cpython-3.11.15-linux-x86_64-gnu/lib/python3.11/threading.py", line 1002, in _bootstrap
    self._bootstrap_inner()
  File "/home/luffy/.local/share/uv/python/cpython-3.11.15-linux-x86_64-gnu/lib/python3.11/threading.py", line 1045, in _bootstrap_inner
    self.run()
  File "/home/luffy/.local/share/uv/python/cpython-3.11.15-linux-x86_64-gnu/lib/python3.11/threading.py", line 982, in run
    self._target(*self._args, **self._kwargs)
  File "/home/luffy/.hermes/hermes-agent/tui_gateway/server.py", line 323, in _drain_stdout
    for line in self.proc.stdout or []:

--- thread Thread-13 (_drain_stderr) (id=140348114331328) ---
  File "/home/luffy/.local/share/uv/python/cpython-3.11.15-linux-x86_64-gnu/lib/python3.11/threading.py", line 1002, in _bootstrap
    self._bootstrap_inner()
  File "/home/luffy/.local/share/uv/python/cpython-3.11.15-linux-x86_64-gnu/lib/python3.11/threading.py", line 1045, in _bootstrap_inner
    self.run()
  File "/home/luffy/.local/share/uv/python/cpython-3.11.15-linux-x86_64-gnu/lib/python3.11/threading.py", line 982, in run
    self._target(*self._args, **self._kwargs)
  File "/home/luffy/.hermes/hermes-agent/tui_gateway/server.py", line 331, in _drain_stderr
    for line in self.proc.stderr or []:

--- thread Thread-18 (_cleanup_thread_worker) (id=140347760363200) ---
  File "/home/luffy/.local/share/uv/python/cpython-3.11.15-linux-x86_64-gnu/lib/python3.11/threading.py", line 1002, in _bootstrap
    self._bootstrap_inner()
  File "/home/luffy/.local/share/uv/python/cpython-3.11.15-linux-x86_64-gnu/lib/python3.11/threading.py", line 1045, in _bootstrap_inner
    self.run()
  File "/home/luffy/.local/share/uv/python/cpython-3.11.15-linux-x86_64-gnu/lib/python3.11/threading.py", line 982, in run
    self._target(*self._args, **self._kwargs)
  File "/home/luffy/.hermes/hermes-agent/tools/terminal_tool.py", line 1597, in _cleanup_thread_worker
    time.sleep(1)

--- thread hermes-lsp-loop (id=140347732047552) ---
  File "/home/luffy/.local/share/uv/python/cpython-3.11.15-linux-x86_64-gnu/lib/python3.11/threading.py", line 1002, in _bootstrap
    self._bootstrap_inner()
  File "/home/luffy/.local/share/uv/python/cpython-3.11.15-linux-x86_64-gnu/lib/python3.11/threading.py", line 1045, in _bootstrap_inner
    self.run()
  File "/home/luffy/.local/share/uv/python/cpython-3.11.15-linux-x86_64-gnu/lib/python3.11/threading.py", line 982, in run
    self._target(*self._args, **self._kwargs)
  File "/home/luffy/.hermes/hermes-agent/agent/lsp/manager.py", line 93, in _run_forever
    loop.run_forever()
  File "/home/luffy/.local/share/uv/python/cpython-3.11.15-linux-x86_64-gnu/lib/python3.11/asyncio/base_events.py", line 608, in run_forever
    self._run_once()
  File "/home/luffy/.local/share/uv/python/cpython-3.11.15-linux-x86_64-gnu/lib/python3.11/asyncio/base_events.py", line 1898, in _run_once
    event_list = self._selector.select(timeout)
  File "/home/luffy/.local/share/uv/python/cpython-3.11.15-linux-x86_64-gnu/lib/python3.11/selectors.py", line 468, in select
    fd_event_list = self._selector.poll(timeout, max_ev)

--- thread tui-rpc_1 (id=140348105938624) ---
  File "/home/luffy/.local/share/uv/python/cpython-3.11.15-linux-x86_64-gnu/lib/python3.11/threading.py", line 1002, in _bootstrap
    self._bootstrap_inner()
  File "/home/luffy/.local/share/uv/python/cpython-3.11.15-linux-x86_64-gnu/lib/python3.11/threading.py", line 1045, in _bootstrap_inner
    self.run()
  File "/home/luffy/.local/share/uv/python/cpython-3.11.15-linux-x86_64-gnu/lib/python3.11/threading.py", line 982, in run
    self._target(*self._args, **self._kwargs)
  File "/home/luffy/.local/share/uv/python/cpython-3.11.15-linux-x86_64-gnu/lib/python3.11/concurrent/futures/thread.py", line 81, in _worker
    work_item = work_queue.get(block=True)
[tui-parent] 2026-07-03T15:00:07.498Z [lifecycle] spawned gateway child pid=112078 killed=false exitCode=null signal=null python=/home/luffy/.hermes/hermes-agent/venv/bin/python3 cwd=/home/luffy
[tui-parent] 2026-07-03T15:06:33.018Z graceful-exit received signal=SIGHUP → killing gateway
[tui-parent] 2026-07-03T15:06:33.028Z uncaughtException: Error: write EIO
[tui-parent] 2026-07-03T15:06:33.038Z [lifecycle] GatewayClient.kill reason=graceful-exit-cleanup pid=112078 killed=true exitCode=null signal=null killResult=true
[tui-parent] 2026-07-03T15:06:33.047Z unhandledRejection: Error: EIO: i/o error, write

=== SIGTERM received · 2026-07-03 20:36:33 ===
main-thread stack at signal delivery:
  File "<frozen runpy>", line 198, in _run_module_as_main
  File "<frozen runpy>", line 88, in _run_code
  File "/home/luffy/.hermes/hermes-agent/tui_gateway/entry.py", line 381, in <module>
    main()
  File "/home/luffy/.hermes/hermes-agent/tui_gateway/entry.py", line 357, in main
    for raw in sys.stdin:
  File "/home/luffy/.hermes/hermes-agent/tui_gateway/entry.py", line 113, in _log_signal
    f.write("".join(traceback.format_stack(sys._current_frames().get(tid))))
  File "/home/luffy/.local/share/uv/python/cpython-3.11.15-linux-x86_64-gnu/lib/python3.11/traceback.py", line 214, in format_stack
    return format_list(extract_stack(f, limit=limit))
  File "/home/luffy/.local/share/uv/python/cpython-3.11.15-linux-x86_64-gnu/lib/python3.11/traceback.py", line 228, in extract_stack
    stack = StackSummary.extract(walk_stack(f), limit=limit)
  File "/home/luffy/.local/share/uv/python/cpython-3.11.15-linux-x86_64-gnu/lib/python3.11/traceback.py", line 390, in extract
    return klass._extract_from_extended_frame_gen(
  File "/home/luffy/.local/share/uv/python/cpython-3.11.15-linux-x86_64-gnu/lib/python3.11/traceback.py", line 433, in _extract_from_extended_frame_gen
    f.line
  File "/home/luffy/.local/share/uv/python/cpython-3.11.15-linux-x86_64-gnu/lib/python3.11/traceback.py", line 318, in line
    self._line = linecache.getline(self.filename, self.lineno)
  File "/home/luffy/.local/share/uv/python/cpython-3.11.15-linux-x86_64-gnu/lib/python3.11/linecache.py", line 30, in getline
    lines = getlines(filename, module_globals)
  File "/home/luffy/.local/share/uv/python/cpython-3.11.15-linux-x86_64-gnu/lib/python3.11/linecache.py", line 46, in getlines
    return updatecache(filename, module_globals)
  File "/home/luffy/.local/share/uv/python/cpython-3.11.15-linux-x86_64-gnu/lib/python3.11/linecache.py", line 137, in updatecache
    lines = fp.readlines()
  File "<frozen codecs>", line 322, in decode
  File "/home/luffy/.hermes/hermes-agent/tui_gateway/entry.py", line 113, in _log_signal
    f.write("".join(traceback.format_stack(sys._current_frames().get(tid))))
  File "/home/luffy/.local/share/uv/python/cpython-3.11.15-linux-x86_64-gnu/lib/python3.11/traceback.py", line 214, in format_stack
    return format_list(extract_stack(f, limit=limit))
  File "/home/luffy/.local/share/uv/python/cpython-3.11.15-linux-x86_64-gnu/lib/python3.11/traceback.py", line 228, in extract_stack
    stack = StackSummary.extract(walk_stack(f), limit=limit)
  File "/home/luffy/.local/share/uv/python/cpython-3.11.15-linux-x86_64-gnu/lib/python3.11/traceback.py", line 390, in extract
    return klass._extract_from_extended_frame_gen(
  File "/home/luffy/.local/share/uv/python/cpython-3.11.15-linux-x86_64-gnu/lib/python3.11/traceback.py", line 433, in _extract_from_extended_frame_gen
    f.line
  File "/home/luffy/.local/share/uv/python/cpython-3.11.15-linux-x86_64-gnu/lib/python3.11/traceback.py", line 318, in line
    self._line = linecache.getline(self.filename, self.lineno)
  File "/home/luffy/.local/share/uv/python/cpython-3.11.15-linux-x86_64-gnu/lib/python3.11/linecache.py", line 30, in getline
    lines = getlines(filename, module_globals)
  File "/home/luffy/.local/share/uv/python/cpython-3.11.15-linux-x86_64-gnu/lib/python3.11/linecache.py", line 46, in getlines
    return updatecache(filename, module_globals)
  File "/home/luffy/.local/share/uv/python/cpython-3.11.15-linux-x86_64-gnu/lib/python3.11/linecache.py", line 137, in updatecache
    lines = fp.readlines()
  File "<frozen codecs>", line 319, in decode

--- thread MainThread (id=140241844262720) ---
  File "<frozen runpy>", line 198, in _run_module_as_main
  File "<frozen runpy>", line 88, in _run_code
  File "/home/luffy/.hermes/hermes-agent/tui_gateway/entry.py", line 381, in <module>
    main()
  File "/home/luffy/.hermes/hermes-agent/tui_gateway/entry.py", line 357, in main
    for raw in sys.stdin:
  File "/home/luffy/.hermes/hermes-agent/tui_gateway/entry.py", line 113, in _log_signal
    f.write("".join(traceback.format_stack(sys._current_frames().get(tid))))
  File "/home/luffy/.local/share/uv/python/cpython-3.11.15-linux-x86_64-gnu/lib/python3.11/traceback.py", line 214, in format_stack
    return format_list(extract_stack(f, limit=limit))
  File "/home/luffy/.local/share/uv/python/cpython-3.11.15-linux-x86_64-gnu/lib/python3.11/traceback.py", line 228, in extract_stack
    stack = StackSummary.extract(walk_stack(f), limit=limit)
  File "/home/luffy/.local/share/uv/python/cpython-3.11.15-linux-x86_64-gnu/lib/python3.11/traceback.py", line 390, in extract
    return klass._extract_from_extended_frame_gen(
  File "/home/luffy/.local/share/uv/python/cpython-3.11.15-linux-x86_64-gnu/lib/python3.11/traceback.py", line 433, in _extract_from_extended_frame_gen
    f.line
  File "/home/luffy/.local/share/uv/python/cpython-3.11.15-linux-x86_64-gnu/lib/python3.11/traceback.py", line 318, in line
    self._line = linecache.getline(self.filename, self.lineno)
  File "/home/luffy/.local/share/uv/python/cpython-3.11.15-linux-x86_64-gnu/lib/python3.11/linecache.py", line 30, in getline
    lines = getlines(filename, module_globals)
  File "/home/luffy/.local/share/uv/python/cpython-3.11.15-linux-x86_64-gnu/lib/python3.11/linecache.py", line 46, in getlines
    return updatecache(filename, module_globals)
  File "/home/luffy/.local/share/uv/python/cpython-3.11.15-linux-x86_64-gnu/lib/python3.11/linecache.py", line 137, in updatecache
    lines = fp.readlines()
  File "<frozen codecs>", line 322, in decode
  File "/home/luffy/.hermes/hermes-agent/tui_gateway/entry.py", line 113, in _log_signal
    f.write("".join(traceback.format_stack(sys._current_frames().get(tid))))
  File "/home/luffy/.local/share/uv/python/cpython-3.11.15-linux-x86_64-gnu/lib/python3.11/traceback.py", line 214, in format_stack
    return format_list(extract_stack(f, limit=limit))
  File "/home/luffy/.local/share/uv/python/cpython-3.11.15-linux-x86_64-gnu/lib/python3.11/traceback.py", line 228, in extract_stack
    stack = StackSummary.extract(walk_stack(f), limit=limit)
  File "/home/luffy/.local/share/uv/python/cpython-3.11.15-linux-x86_64-gnu/lib/python3.11/traceback.py", line 390, in extract
    return klass._extract_from_extended_frame_gen(
  File "/home/luffy/.local/share/uv/python/cpython-3.11.15-linux-x86_64-gnu/lib/python3.11/traceback.py", line 433, in _extract_from_extended_frame_gen
    f.line
  File "/home/luffy/.local/share/uv/python/cpython-3.11.15-linux-x86_64-gnu/lib/python3.11/traceback.py", line 318, in line
    self._line = linecache.getline(self.filename, self.lineno)
  File "/home/luffy/.local/share/uv/python/cpython-3.11.15-linux-x86_64-gnu/lib/python3.11/linecache.py", line 30, in getline
    lines = getlines(filename, module_globals)
  File "/home/luffy/.local/share/uv/python/cpython-3.11.15-linux-x86_64-gnu/lib/python3.11/linecache.py", line 46, in getlines
    return updatecache(filename, module_globals)
  File "/home/luffy/.local/share/uv/python/cpython-3.11.15-linux-x86_64-gnu/lib/python3.11/linecache.py", line 137, in updatecache
    lines = fp.readlines()
  File "<frozen codecs>", line 319, in decode
  File "/home/luffy/.hermes/hermes-agent/tui_gateway/entry.py", line 113, in _log_signal
    f.write("".join(traceback.format_stack(sys._current_frames().get(tid))))

--- thread Thread-2 (_loop) (id=140241816979136) ---
  File "/home/luffy/.local/share/uv/python/cpython-3.11.15-linux-x86_64-gnu/lib/python3.11/threading.py", line 1002, in _bootstrap
    self._bootstrap_inner()
  File "/home/luffy/.local/share/uv/python/cpython-3.11.15-linux-x86_64-gnu/lib/python3.11/threading.py", line 1045, in _bootstrap_inner
    self.run()
  File "/home/luffy/.local/share/uv/python/cpython-3.11.15-linux-x86_64-gnu/lib/python3.11/threading.py", line 982, in run
    self._target(*self._args, **self._kwargs)
  File "/home/luffy/.hermes/hermes-agent/tui_gateway/server.py", line 865, in _loop
    time.sleep(_REAPER_SCAN_S)

--- thread tui-rpc_0 (id=140241807537856) ---
  File "/home/luffy/.local/share/uv/python/cpython-3.11.15-linux-x86_64-gnu/lib/python3.11/threading.py", line 1002, in _bootstrap
    self._bootstrap_inner()
  File "/home/luffy/.local/share/uv/python/cpython-3.11.15-linux-x86_64-gnu/lib/python3.11/threading.py", line 1045, in _bootstrap_inner
    self.run()
  File "/home/luffy/.local/share/uv/python/cpython-3.11.15-linux-x86_64-gnu/lib/python3.11/threading.py", line 982, in run
    self._target(*self._args, **self._kwargs)
  File "/home/luffy/.local/share/uv/python/cpython-3.11.15-linux-x86_64-gnu/lib/python3.11/concurrent/futures/thread.py", line 81, in _worker
    work_item = work_queue.get(block=True)

--- thread Thread-14 (_notification_poller_loop) (id=140241772676800) ---
  File "/home/luffy/.local/share/uv/python/cpython-3.11.15-linux-x86_64-gnu/lib/python3.11/threading.py", line 1002, in _bootstrap
    self._bootstrap_inner()
  File "/home/luffy/.local/share/uv/python/cpython-3.11.15-linux-x86_64-gnu/lib/python3.11/threading.py", line 1045, in _bootstrap_inner
    self.run()
  File "/home/luffy/.local/share/uv/python/cpython-3.11.15-linux-x86_64-gnu/lib/python3.11/threading.py", line 982, in run
    self._target(*self._args, **self._kwargs)
  File "/home/luffy/.hermes/hermes-agent/tui_gateway/server.py", line 8318, in _notification_poller_loop
    evt = process_registry.completion_queue.get(timeout=0.5)
  File "/home/luffy/.local/share/uv/python/cpython-3.11.15-linux-x86_64-gnu/lib/python3.11/queue.py", line 180, in get
    self.not_empty.wait(remaining)
  File "/home/luffy/.local/share/uv/python/cpython-3.11.15-linux-x86_64-gnu/lib/python3.11/threading.py", line 331, in wait
    gotit = waiter.acquire(True, timeout)

--- thread Thread-18 (_cleanup_thread_worker) (id=140241781069504) ---
  File "/home/luffy/.local/share/uv/python/cpython-3.11.15-linux-x86_64-gnu/lib/python3.11/threading.py", line 1002, in _bootstrap
    self._bootstrap_inner()
  File "/home/luffy/.local/share/uv/python/cpython-3.11.15-linux-x86_64-gnu/lib/python3.11/threading.py", line 1045, in _bootstrap_inner
    self.run()
  File "/home/luffy/.local/share/uv/python/cpython-3.11.15-linux-x86_64-gnu/lib/python3.11/threading.py", line 982, in run
    self._target(*self._args, **self._kwargs)
  File "/home/luffy/.hermes/hermes-agent/tools/terminal_tool.py", line 1597, in _cleanup_thread_worker
    time.sleep(1)

--- thread tui-rpc_1 (id=140241789462208) ---
  File "/home/luffy/.local/share/uv/python/cpython-3.11.15-linux-x86_64-gnu/lib/python3.11/threading.py", line 1002, in _bootstrap
    self._bootstrap_inner()
  File "/home/luffy/.local/share/uv/python/cpython-3.11.15-linux-x86_64-gnu/lib/python3.11/threading.py", line 1045, in _bootstrap_inner
    self.run()
  File "/home/luffy/.local/share/uv/python/cpython-3.11.15-linux-x86_64-gnu/lib/python3.11/threading.py", line 982, in run
    self._target(*self._args, **self._kwargs)
  File "/home/luffy/.local/share/uv/python/cpython-3.11.15-linux-x86_64-gnu/lib/python3.11/concurrent/futures/thread.py", line 81, in _worker
    work_item = work_queue.get(block=True)

--- thread hermes-lsp-loop (id=140241285412544) ---
  File "/home/luffy/.local/share/uv/python/cpython-3.11.15-linux-x86_64-gnu/lib/python3.11/threading.py", line 1002, in _bootstrap
    self._bootstrap_inner()
  File "/home/luffy/.local/share/uv/python/cpython-3.11.15-linux-x86_64-gnu/lib/python3.11/threading.py", line 1045, in _bootstrap_inner
    self.run()
  File "/home/luffy/.local/share/uv/python/cpython-3.11.15-linux-x86_64-gnu/lib/python3.11/threading.py", line 982, in run
    self._target(*self._args, **self._kwargs)
  File "/home/luffy/.hermes/hermes-agent/agent/lsp/manager.py", line 93, in _run_forever
    loop.run_forever()
  File "/home/luffy/.local/share/uv/python/cpython-3.11.15-linux-x86_64-gnu/lib/python3.11/asyncio/base_events.py", line 608, in run_forever
    self._run_once()
  File "/home/luffy/.local/share/uv/python/cpython-3.11.15-linux-x86_64-gnu/lib/python3.11/asyncio/base_events.py", line 1898, in _run_once
    event_list = self._selector.select(timeout)
  File "/home/luffy/.local/share/uv/python/cpython-3.11.15-linux-x86_64-gnu/lib/python3.11/selectors.py", line 468, in select
    fd_event_list = self._selector.poll(timeout, max_ev)

--- thread bg-review (id=140241255646912) ---
  File "/home/luffy/.local/share/uv/python/cpython-3.11.15-linux-x86_64-gnu/lib/python3.11/threading.py", line 1002, in _bootstrap
    self._bootstrap_inner()
  File "/home/luffy/.local/share/uv/python/cpython-3.11.15-linux-x86_64-gnu/lib/python3.11/threading.py", line 1045, in _bootstrap_inner
    self.run()
  File "/home/luffy/.local/share/uv/python/cpython-3.11.15-linux-x86_64-gnu/lib/python3.11/threading.py", line 982, in run
    self._target(*self._args, **self._kwargs)
  File "/home/luffy/.hermes/hermes-agent/tools/thread_context.py", line 118, in _runner
    return ctx.run(_inner)
  File "/home/luffy/.hermes/hermes-agent/tools/thread_context.py", line 105, in _inner
    return target(*args, **kwargs)
  File "/home/luffy/.hermes/hermes-agent/agent/background_review.py", line 895, in _target
    _run_review_in_thread(agent, messages_snapshot, prompt)
  File "/home/luffy/.hermes/hermes-agent/agent/background_review.py", line 785, in _run_review_in_thread
    review_agent.run_conversation(
  File "/home/luffy/.hermes/hermes-agent/run_agent.py", line 5724, in run_conversation
    return run_conversation(
  File "/home/luffy/.hermes/hermes-agent/agent/conversation_loop.py", line 1225, in run_conversation
    response = run_llm_execution_middleware(
  File "/home/luffy/.hermes/hermes-agent/hermes_cli/middleware.py", line 181, in run_llm_execution_middleware
    return next_call(request)
  File "/home/luffy/.hermes/hermes-agent/agent/conversation_loop.py", line 1218, in _perform_api_call
    return agent._interruptible_streaming_api_call(
  File "/home/luffy/.hermes/hermes-agent/run_agent.py", line 4705, in _interruptible_streaming_api_call
    return interruptible_streaming_api_call(self, api_kwargs, on_first_delta=on_first_delta)
  File "/home/luffy/.hermes/hermes-agent/agent/chat_completion_helpers.py", line 2816, in interruptible_streaming_api_call
    t.join(timeout=0.3)
  File "/home/luffy/.local/share/uv/python/cpython-3.11.15-linux-x86_64-gnu/lib/python3.11/threading.py", line 1123, in join
    self._wait_for_tstate_lock(timeout=max(timeout, 0))
  File "/home/luffy/.local/share/uv/python/cpython-3.11.15-linux-x86_64-gnu/lib/python3.11/threading.py", line 1139, in _wait_for_tstate_lock
    if lock.acquire(block, timeout):

--- thread Thread-99 (_drain_stdout) (id=140241365288640) ---
  File "/home/luffy/.local/share/uv/python/cpython-3.11.15-linux-x86_64-gnu/lib/python3.11/threading.py", line 1002, in _bootstrap
    self._bootstrap_inner()
  File "/home/luffy/.local/share/uv/python/cpython-3.11.15-linux-x86_64-gnu/lib/python3.11/threading.py", line 1045, in _bootstrap_inner
    self.run()
  File "/home/luffy/.local/share/uv/python/cpython-3.11.15-linux-x86_64-gnu/lib/python3.11/threading.py", line 982, in run
    self._target(*self._args, **self._kwargs)
  File "/home/luffy/.hermes/hermes-agent/tui_gateway/server.py", line 323, in _drain_stdout
    for line in self.proc.stdout or []:

--- thread Thread-100 (_drain_stderr) (id=140241389704896) ---
  File "/home/luffy/.local/share/uv/python/cpython-3.11.15-linux-x86_64-gnu/lib/python3.11/threading.py", line 1002, in _bootstrap
    self._bootstrap_inner()
  File "/home/luffy/.local/share/uv/python/cpython-3.11.15-linux-x86_64-gnu/lib/python3.11/threading.py", line 1045, in _bootstrap_inner
    self.run()
  File "/home/luffy/.local/share/uv/python/cpython-3.11.15-linux-x86_64-gnu/lib/python3.11/threading.py", line 982, in run
    self._target(*self._args, **self._kwargs)
  File "/home/luffy/.hermes/hermes-agent/tui_gateway/server.py", line 331, in _drain_stderr
    for line in self.proc.stderr or []:

--- thread Thread-105 (_call) (id=140241269282496) ---
  File "/home/luffy/.local/share/uv/python/cpython-3.11.15-linux-x86_64-gnu/lib/python3.11/threading.py", line 1002, in _bootstrap
    self._bootstrap_inner()
  File "/home/luffy/.local/share/uv/python/cpython-3.11.15-linux-x86_64-gnu/lib/python3.11/threading.py", line 1045, in _bootstrap_inner
    self.run()
  File "/home/luffy/.local/share/uv/python/cpython-3.11.15-linux-x86_64-gnu/lib/python3.11/threading.py", line 982, in run
    self._target(*self._args, **self._kwargs)
  File "/home/luffy/.hermes/hermes-agent/agent/chat_completion_helpers.py", line 2493, in _call
    result["response"] = _call_chat_completions()
  File "/home/luffy/.hermes/hermes-agent/agent/chat_completion_helpers.py", line 2106, in _call_chat_completions
    for chunk in stream:
  File "/home/luffy/.hermes/hermes-agent/venv/lib/python3.11/site-packages/openai/_streaming.py", line 49, in __iter__
    for item in self._iterator:
  File "/home/luffy/.hermes/hermes-agent/venv/lib/python3.11/site-packages/openai/_streaming.py", line 62, in __stream__
    for sse in iterator:
  File "/home/luffy/.hermes/hermes-agent/venv/lib/python3.11/site-packages/openai/_streaming.py", line 53, in _iter_events
    yield from self._decoder.iter_bytes(self.response.iter_bytes())
  File "/home/luffy/.hermes/hermes-agent/venv/lib/python3.11/site-packages/openai/_streaming.py", line 297, in iter_bytes
    for chunk in self._iter_chunks(iterator):
  File "/home/luffy/.hermes/hermes-agent/venv/lib/python3.11/site-packages/openai/_streaming.py", line 308, in _iter_chunks
    for chunk in iterator:
  File "/home/luffy/.hermes/hermes-agent/venv/lib/python3.11/site-packages/httpx/_models.py", line 897, in iter_bytes
    for raw_bytes in self.iter_raw():
  File "/home/luffy/.hermes/hermes-agent/venv/lib/python3.11/site-packages/httpx/_models.py", line 951, in iter_raw
    for raw_stream_bytes in self.stream:
  File "/home/luffy/.hermes/hermes-agent/venv/lib/python3.11/site-packages/httpx/_client.py", line 153, in __iter__
    for chunk in self._stream:
  File "/home/luffy/.hermes/hermes-agent/venv/lib/python3.11/site-packages/httpx/_transports/default.py", line 127, in __iter__
    for part in self._httpcore_stream:
  File "/home/luffy/.hermes/hermes-agent/venv/lib/python3.11/site-packages/httpcore/_sync/connection_pool.py", line 403, in __iter__
    for part in self._stream:
  File "/home/luffy/.hermes/hermes-agent/venv/lib/python3.11/site-packages/httpcore/_sync/http11.py", line 334, in __iter__
    for chunk in self._connection._receive_response_body(**kwargs):
  File "/home/luffy/.hermes/hermes-agent/venv/lib/python3.11/site-packages/httpcore/_sync/http11.py", line 203, in _receive_response_body
    event = self._receive_event(timeout=timeout)
  File "/home/luffy/.hermes/hermes-agent/venv/lib/python3.11/site-packages/httpcore/_sync/http11.py", line 217, in _receive_event
    data = self._network_stream.read(
  File "/home/luffy/.hermes/hermes-agent/venv/lib/python3.11/site-packages/httpcore/_backends/sync.py", line 128, in read
    return self._sock.recv(max_bytes)
  File "/home/luffy/.local/share/uv/python/cpython-3.11.15-linux-x86_64-gnu/lib/python3.11/ssl.py", line 1307, in recv
    return self.read(buflen)
  File "/home/luffy/.local/share/uv/python/cpython-3.11.15-linux-x86_64-gnu/lib/python3.11/ssl.py", line 1180, in read
    return self._sslobj.read(len)

=== SIGHUP received · 2026-07-03 20:36:33 ===
main-thread stack at signal delivery:
  File "<frozen runpy>", line 198, in _run_module_as_main
  File "<frozen runpy>", line 88, in _run_code
  File "/home/luffy/.hermes/hermes-agent/tui_gateway/entry.py", line 381, in <module>
    main()
  File "/home/luffy/.hermes/hermes-agent/tui_gateway/entry.py", line 357, in main
    for raw in sys.stdin:
  File "/home/luffy/.hermes/hermes-agent/tui_gateway/entry.py", line 113, in _log_signal
    f.write("".join(traceback.format_stack(sys._current_frames().get(tid))))
  File "/home/luffy/.local/share/uv/python/cpython-3.11.15-linux-x86_64-gnu/lib/python3.11/traceback.py", line 214, in format_stack
    return format_list(extract_stack(f, limit=limit))
  File "/home/luffy/.local/share/uv/python/cpython-3.11.15-linux-x86_64-gnu/lib/python3.11/traceback.py", line 228, in extract_stack
    stack = StackSummary.extract(walk_stack(f), limit=limit)
  File "/home/luffy/.local/share/uv/python/cpython-3.11.15-linux-x86_64-gnu/lib/python3.11/traceback.py", line 390, in extract
    return klass._extract_from_extended_frame_gen(
  File "/home/luffy/.local/share/uv/python/cpython-3.11.15-linux-x86_64-gnu/lib/python3.11/traceback.py", line 433, in _extract_from_extended_frame_gen
    f.line
  File "/home/luffy/.local/share/uv/python/cpython-3.11.15-linux-x86_64-gnu/lib/python3.11/traceback.py", line 318, in line
    self._line = linecache.getline(self.filename, self.lineno)
  File "/home/luffy/.local/share/uv/python/cpython-3.11.15-linux-x86_64-gnu/lib/python3.11/linecache.py", line 30, in getline
    lines = getlines(filename, module_globals)
  File "/home/luffy/.local/share/uv/python/cpython-3.11.15-linux-x86_64-gnu/lib/python3.11/linecache.py", line 46, in getlines
    return updatecache(filename, module_globals)
  File "/home/luffy/.local/share/uv/python/cpython-3.11.15-linux-x86_64-gnu/lib/python3.11/linecache.py", line 137, in updatecache
    lines = fp.readlines()
  File "<frozen codecs>", line 322, in decode

--- thread MainThread (id=140241844262720) ---
  File "<frozen runpy>", line 198, in _run_module_as_main
  File "<frozen runpy>", line 88, in _run_code
  File "/home/luffy/.hermes/hermes-agent/tui_gateway/entry.py", line 381, in <module>
    main()
  File "/home/luffy/.hermes/hermes-agent/tui_gateway/entry.py", line 357, in main
    for raw in sys.stdin:
  File "/home/luffy/.hermes/hermes-agent/tui_gateway/entry.py", line 113, in _log_signal
    f.write("".join(traceback.format_stack(sys._current_frames().get(tid))))
  File "/home/luffy/.local/share/uv/python/cpython-3.11.15-linux-x86_64-gnu/lib/python3.11/traceback.py", line 214, in format_stack
    return format_list(extract_stack(f, limit=limit))
  File "/home/luffy/.local/share/uv/python/cpython-3.11.15-linux-x86_64-gnu/lib/python3.11/traceback.py", line 228, in extract_stack
    stack = StackSummary.extract(walk_stack(f), limit=limit)
  File "/home/luffy/.local/share/uv/python/cpython-3.11.15-linux-x86_64-gnu/lib/python3.11/traceback.py", line 390, in extract
    return klass._extract_from_extended_frame_gen(
  File "/home/luffy/.local/share/uv/python/cpython-3.11.15-linux-x86_64-gnu/lib/python3.11/traceback.py", line 433, in _extract_from_extended_frame_gen
    f.line
  File "/home/luffy/.local/share/uv/python/cpython-3.11.15-linux-x86_64-gnu/lib/python3.11/traceback.py", line 318, in line
    self._line = linecache.getline(self.filename, self.lineno)
  File "/home/luffy/.local/share/uv/python/cpython-3.11.15-linux-x86_64-gnu/lib/python3.11/linecache.py", line 30, in getline
    lines = getlines(filename, module_globals)
  File "/home/luffy/.local/share/uv/python/cpython-3.11.15-linux-x86_64-gnu/lib/python3.11/linecache.py", line 46, in getlines
    return updatecache(filename, module_globals)
  File "/home/luffy/.local/share/uv/python/cpython-3.11.15-linux-x86_64-gnu/lib/python3.11/linecache.py", line 137, in updatecache
    lines = fp.readlines()
  File "<frozen codecs>", line 322, in decode
  File "/home/luffy/.hermes/hermes-agent/tui_gateway/entry.py", line 113, in _log_signal
    f.write("".join(traceback.format_stack(sys._current_frames().get(tid))))

--- thread Thread-2 (_loop) (id=140241816979136) ---

=== SIGHUP received · 2026-07-03 20:36:33 ===
main-thread stack at signal delivery:
  File "<frozen runpy>", line 198, in _run_module_as_main
  File "<frozen runpy>", line 88, in _run_code
  File "/home/luffy/.hermes/hermes-agent/tui_gateway/entry.py", line 381, in <module>
    main()
  File "/home/luffy/.hermes/hermes-agent/tui_gateway/entry.py", line 357, in main
    for raw in sys.stdin:

--- thread MainThread (id=140241844262720) ---
  File "<frozen runpy>", line 198, in _run_module_as_main
  File "<frozen runpy>", line 88, in _run_code
  File "/home/luffy/.hermes/hermes-agent/tui_gateway/entry.py", line 381, in <module>
    main()
  File "/home/luffy/.hermes/hermes-agent/tui_gateway/entry.py", line 357, in main
    for raw in sys.stdin:
  File "/home/luffy/.hermes/hermes-agent/tui_gateway/entry.py", line 113, in _log_signal
    f.write("".join(traceback.format_stack(sys._current_frames().get(tid))))

--- thread Thread-2 (_loop) (id=140241816979136) ---
[tui-parent] 2026-07-03T15:06:33.567Z [lifecycle] spawned gateway child pid=124525 killed=false exitCode=null signal=null python=/home/luffy/.hermes/hermes-agent/venv/bin/python3 cwd=/home/luffy

=== gateway exit · 2026-07-03 20:36:37 · reason=stdin EOF (TUI closed the command pipe) ===

=== unhandled exception · 2026-07-03 20:36:37 ===
Traceback (most recent call last):
  File "<frozen runpy>", line 198, in _run_module_as_main
  File "<frozen runpy>", line 88, in _run_code
  File "/home/luffy/.hermes/hermes-agent/tui_gateway/entry.py", line 381, in <module>
    main()
  File "/home/luffy/.hermes/hermes-agent/tui_gateway/entry.py", line 377, in main
    _log_exit("stdin EOF (TUI closed the command pipe)")
  File "/home/luffy/.hermes/hermes-agent/tui_gateway/entry.py", line 204, in _log_exit
    print(f"[gateway-exit] {reason}", file=sys.stderr, flush=True)
BrokenPipeError: [Errno 32] Broken pipe
[tui-parent] 2026-07-03T15:22:33.026Z [lifecycle] spawned gateway child pid=160417 killed=false exitCode=null signal=null python=/home/luffy/.hermes/hermes-agent/venv/bin/python3 cwd=/home/luffy/Downloads
[tui-parent] 2026-07-03T15:40:26.387Z uncaughtException: Error: write EIO

=== SIGHUP received · 2026-07-03 21:10:26 ===
main-thread stack at signal delivery:
  File "<frozen runpy>", line 198, in _run_module_as_main
  File "<frozen runpy>", line 88, in _run_code
  File "/home/luffy/.hermes/hermes-agent/tui_gateway/entry.py", line 381, in <module>
    main()
  File "/home/luffy/.hermes/hermes-agent/tui_gateway/entry.py", line 357, in main
    for raw in sys.stdin:
  File "/home/luffy/.hermes/hermes-agent/tui_gateway/entry.py", line 113, in _log_signal
    f.write("".join(traceback.format_stack(sys._current_frames().get(tid))))
  File "/home/luffy/.local/share/uv/python/cpython-3.11.15-linux-x86_64-gnu/lib/python3.11/traceback.py", line 214, in format_stack
    return format_list(extract_stack(f, limit=limit))
  File "/home/luffy/.local/share/uv/python/cpython-3.11.15-linux-x86_64-gnu/lib/python3.11/traceback.py", line 228, in extract_stack
    stack = StackSummary.extract(walk_stack(f), limit=limit)
  File "/home/luffy/.local/share/uv/python/cpython-3.11.15-linux-x86_64-gnu/lib/python3.11/traceback.py", line 390, in extract
    return klass._extract_from_extended_frame_gen(
  File "/home/luffy/.local/share/uv/python/cpython-3.11.15-linux-x86_64-gnu/lib/python3.11/traceback.py", line 433, in _extract_from_extended_frame_gen
    f.line
  File "/home/luffy/.local/share/uv/python/cpython-3.11.15-linux-x86_64-gnu/lib/python3.11/traceback.py", line 318, in line
    self._line = linecache.getline(self.filename, self.lineno)
  File "/home/luffy/.local/share/uv/python/cpython-3.11.15-linux-x86_64-gnu/lib/python3.11/linecache.py", line 30, in getline
    lines = getlines(filename, module_globals)
  File "/home/luffy/.local/share/uv/python/cpython-3.11.15-linux-x86_64-gnu/lib/python3.11/linecache.py", line 46, in getlines
    return updatecache(filename, module_globals)
  File "/home/luffy/.local/share/uv/python/cpython-3.11.15-linux-x86_64-gnu/lib/python3.11/linecache.py", line 137, in updatecache
    lines = fp.readlines()
  File "<frozen codecs>", line 319, in decode

--- thread MainThread (id=140652477331264) ---
  File "<frozen runpy>", line 198, in _run_module_as_main
  File "<frozen runpy>", line 88, in _run_code
  File "/home/luffy/.hermes/hermes-agent/tui_gateway/entry.py", line 381, in <module>
    main()
  File "/home/luffy/.hermes/hermes-agent/tui_gateway/entry.py", line 357, in main
    for raw in sys.stdin:
  File "/home/luffy/.hermes/hermes-agent/tui_gateway/entry.py", line 113, in _log_signal
    f.write("".join(traceback.format_stack(sys._current_frames().get(tid))))
  File "/home/luffy/.local/share/uv/python/cpython-3.11.15-linux-x86_64-gnu/lib/python3.11/traceback.py", line 214, in format_stack
    return format_list(extract_stack(f, limit=limit))
  File "/home/luffy/.local/share/uv/python/cpython-3.11.15-linux-x86_64-gnu/lib/python3.11/traceback.py", line 228, in extract_stack
    stack = StackSummary.extract(walk_stack(f), limit=limit)
  File "/home/luffy/.local/share/uv/python/cpython-3.11.15-linux-x86_64-gnu/lib/python3.11/traceback.py", line 390, in extract
    return klass._extract_from_extended_frame_gen(
  File "/home/luffy/.local/share/uv/python/cpython-3.11.15-linux-x86_64-gnu/lib/python3.11/traceback.py", line 433, in _extract_from_extended_frame_gen
    f.line
  File "/home/luffy/.local/share/uv/python/cpython-3.11.15-linux-x86_64-gnu/lib/python3.11/traceback.py", line 318, in line
    self._line = linecache.getline(self.filename, self.lineno)
  File "/home/luffy/.local/share/uv/python/cpython-3.11.15-linux-x86_64-gnu/lib/python3.11/linecache.py", line 30, in getline
    lines = getlines(filename, module_globals)
  File "/home/luffy/.local/share/uv/python/cpython-3.11.15-linux-x86_64-gnu/lib/python3.11/linecache.py", line 46, in getlines
    return updatecache(filename, module_globals)
  File "/home/luffy/.local/share/uv/python/cpython-3.11.15-linux-x86_64-gnu/lib/python3.11/linecache.py", line 137, in updatecache
    lines = fp.readlines()
  File "<frozen codecs>", line 319, in decode
  File "/home/luffy/.hermes/hermes-agent/tui_gateway/entry.py", line 113, in _log_signal
    f.write("".join(traceback.format_stack(sys._current_frames().get(tid))))

--- thread Thread-2 (_loop) (id=140652441728704) ---
  File "/home/luffy/.local/share/uv/python/cpython-3.11.15-linux-x86_64-gnu/lib/python3.11/threading.py", line 1002, in _bootstrap
    self._bootstrap_inner()
  File "/home/luffy/.local/share/uv/python/cpython-3.11.15-linux-x86_64-gnu/lib/python3.11/threading.py", line 1045, in _bootstrap_inner
    self.run()
  File "/home/luffy/.local/share/uv/python/cpython-3.11.15-linux-x86_64-gnu/lib/python3.11/threading.py", line 982, in run
    self._target(*self._args, **self._kwargs)
  File "/home/luffy/.hermes/hermes-agent/tui_gateway/server.py", line 865, in _loop
    time.sleep(_REAPER_SCAN_S)

--- thread tui-rpc_0 (id=140652450121408) ---
  File "/home/luffy/.local/share/uv/python/cpython-3.11.15-linux-x86_64-gnu/lib/python3.11/threading.py", line 1002, in _bootstrap
    self._bootstrap_inner()
  File "/home/luffy/.local/share/uv/python/cpython-3.11.15-linux-x86_64-gnu/lib/python3.11/threading.py", line 1045, in _bootstrap_inner
    self.run()
  File "/home/luffy/.local/share/uv/python/cpython-3.11.15-linux-x86_64-gnu/lib/python3.11/threading.py", line 982, in run
    self._target(*self._args, **self._kwargs)
  File "/home/luffy/.local/share/uv/python/cpython-3.11.15-linux-x86_64-gnu/lib/python3.11/concurrent/futures/thread.py", line 81, in _worker
    work_item = work_queue.get(block=True)

--- thread Thread-6 (_drain_stdout) (id=140652414211776) ---
  File "/home/luffy/.local/share/uv/python/cpython-3.11.15-linux-x86_64-gnu/lib/python3.11/threading.py", line 1002, in _bootstrap
    self._bootstrap_inner()
  File "/home/luffy/.local/share/uv/python/cpython-3.11.15-linux-x86_64-gnu/lib/python3.11/threading.py", line 1045, in _bootstrap_inner
    self.run()
  File "/home/luffy/.local/share/uv/python/cpython-3.11.15-linux-x86_64-gnu/lib/python3.11/threading.py", line 982, in run
    self._target(*self._args, **self._kwargs)
  File "/home/luffy/.hermes/hermes-agent/tui_gateway/server.py", line 323, in _drain_stdout
    for line in self.proc.stdout or []:

--- thread Thread-7 (_drain_stderr) (id=140652422604480) ---
  File "/home/luffy/.local/share/uv/python/cpython-3.11.15-linux-x86_64-gnu/lib/python3.11/threading.py", line 1002, in _bootstrap
    self._bootstrap_inner()
  File "/home/luffy/.local/share/uv/python/cpython-3.11.15-linux-x86_64-gnu/lib/python3.11/threading.py", line 1045, in _bootstrap_inner
    self.run()
  File "/home/luffy/.local/share/uv/python/cpython-3.11.15-linux-x86_64-gnu/lib/python3.11/threading.py", line 982, in run
    self._target(*self._args, **self._kwargs)
  File "/home/luffy/.hermes/hermes-agent/tui_gateway/server.py", line 331, in _drain_stderr
    for line in self.proc.stderr or []:

--- thread Thread-8 (_notification_poller_loop) (id=140652008437440) ---
  File "/home/luffy/.local/share/uv/python/cpython-3.11.15-linux-x86_64-gnu/lib/python3.11/threading.py", line 1002, in _bootstrap
    self._bootstrap_inner()
  File "/home/luffy/.local/share/uv/python/cpython-3.11.15-linux-x86_64-gnu/lib/python3.11/threading.py", line 1045, in _bootstrap_inner
    self.run()
  File "/home/luffy/.local/share/uv/python/cpython-3.11.15-linux-x86_64-gnu/lib/python3.11/threading.py", line 982, in run
    self._target(*self._args, **self._kwargs)
  File "/home/luffy/.hermes/hermes-agent/tui_gateway/server.py", line 8318, in _notification_poller_loop
    evt = process_registry.completion_queue.get(timeout=0.5)
  File "/home/luffy/.local/share/uv/python/cpython-3.11.15-linux-x86_64-gnu/lib/python3.11/queue.py", line 180, in get
    self.not_empty.wait(remaining)
  File "/home/luffy/.local/share/uv/python/cpython-3.11.15-linux-x86_64-gnu/lib/python3.11/threading.py", line 331, in wait
    gotit = waiter.acquire(True, timeout)

--- thread Thread-12 (_cleanup_thread_worker) (id=140652404770496) ---
  File "/home/luffy/.local/share/uv/python/cpython-3.11.15-linux-x86_64-gnu/lib/python3.11/threading.py", line 1002, in _bootstrap
    self._bootstrap_inner()
  File "/home/luffy/.local/share/uv/python/cpython-3.11.15-linux-x86_64-gnu/lib/python3.11/threading.py", line 1045, in _bootstrap_inner
    self.run()
  File "/home/luffy/.local/share/uv/python/cpython-3.11.15-linux-x86_64-gnu/lib/python3.11/threading.py", line 982, in run
    self._target(*self._args, **self._kwargs)
  File "/home/luffy/.hermes/hermes-agent/tools/terminal_tool.py", line 1597, in _cleanup_thread_worker
    time.sleep(1)
[tui-parent] 2026-07-03T15:40:26.402Z graceful-exit received signal=SIGHUP → killing gateway
[tui-parent] 2026-07-03T15:40:26.409Z uncaughtException: Error: write EIO
[tui-parent] 2026-07-03T15:40:26.423Z [lifecycle] GatewayClient.kill reason=graceful-exit-cleanup pid=160417 killed=true exitCode=null signal=null killResult=true
[tui-parent] 2026-07-03T15:40:26.435Z unhandledRejection: Error: EIO: i/o error, write

=== SIGTERM received · 2026-07-03 21:10:26 ===
main-thread stack at signal delivery:
  File "<frozen runpy>", line 198, in _run_module_as_main
  File "<frozen runpy>", line 88, in _run_code
  File "/home/luffy/.hermes/hermes-agent/tui_gateway/entry.py", line 381, in <module>
    main()
  File "/home/luffy/.hermes/hermes-agent/tui_gateway/entry.py", line 357, in main
    for raw in sys.stdin:
  File "/home/luffy/.hermes/hermes-agent/tui_gateway/entry.py", line 113, in _log_signal
    f.write("".join(traceback.format_stack(sys._current_frames().get(tid))))
  File "/home/luffy/.local/share/uv/python/cpython-3.11.15-linux-x86_64-gnu/lib/python3.11/traceback.py", line 214, in format_stack
    return format_list(extract_stack(f, limit=limit))
  File "/home/luffy/.local/share/uv/python/cpython-3.11.15-linux-x86_64-gnu/lib/python3.11/traceback.py", line 228, in extract_stack
    stack = StackSummary.extract(walk_stack(f), limit=limit)
  File "/home/luffy/.local/share/uv/python/cpython-3.11.15-linux-x86_64-gnu/lib/python3.11/traceback.py", line 390, in extract
    return klass._extract_from_extended_frame_gen(
  File "/home/luffy/.local/share/uv/python/cpython-3.11.15-linux-x86_64-gnu/lib/python3.11/traceback.py", line 433, in _extract_from_extended_frame_gen
    f.line
  File "/home/luffy/.local/share/uv/python/cpython-3.11.15-linux-x86_64-gnu/lib/python3.11/traceback.py", line 318, in line
    self._line = linecache.getline(self.filename, self.lineno)
  File "/home/luffy/.local/share/uv/python/cpython-3.11.15-linux-x86_64-gnu/lib/python3.11/linecache.py", line 30, in getline
    lines = getlines(filename, module_globals)
  File "/home/luffy/.local/share/uv/python/cpython-3.11.15-linux-x86_64-gnu/lib/python3.11/linecache.py", line 46, in getlines
    return updatecache(filename, module_globals)
  File "/home/luffy/.local/share/uv/python/cpython-3.11.15-linux-x86_64-gnu/lib/python3.11/linecache.py", line 137, in updatecache
    lines = fp.readlines()
  File "<frozen codecs>", line 319, in decode
  File "/home/luffy/.hermes/hermes-agent/tui_gateway/entry.py", line 141, in _log_signal
    _shutdown_sessions()
  File "/home/luffy/.hermes/hermes-agent/tui_gateway/server.py", line 745, in _shutdown_sessions
    _close_session_by_id(sid, end_reason="tui_shutdown")
  File "/home/luffy/.hermes/hermes-agent/tui_gateway/server.py", line 655, in _close_session_by_id
    _teardown_session(session, end_reason=end_reason)
  File "/home/luffy/.hermes/hermes-agent/tui_gateway/server.py", line 625, in _teardown_session
    agent.close()
  File "/home/luffy/.hermes/hermes-agent/run_agent.py", line 3462, in close
    cleanup_browser(task_id)
  File "/home/luffy/.hermes/hermes-agent/tools/browser_tool.py", line 4278, in cleanup_browser
    if _is_local_sidecar_key(task_id):
  File "/home/luffy/.hermes/hermes-agent/tools/browser_tool.py", line 1288, in _is_local_sidecar_key
    return session_key.endswith(_LOCAL_SUFFIX)

--- thread MainThread (id=140652477331264) ---
  File "<frozen runpy>", line 198, in _run_module_as_main
  File "<frozen runpy>", line 88, in _run_code
  File "/home/luffy/.hermes/hermes-agent/tui_gateway/entry.py", line 381, in <module>
    main()
  File "/home/luffy/.hermes/hermes-agent/tui_gateway/entry.py", line 357, in main
    for raw in sys.stdin:
  File "/home/luffy/.hermes/hermes-agent/tui_gateway/entry.py", line 113, in _log_signal
    f.write("".join(traceback.format_stack(sys._current_frames().get(tid))))
  File "/home/luffy/.local/share/uv/python/cpython-3.11.15-linux-x86_64-gnu/lib/python3.11/traceback.py", line 214, in format_stack
    return format_list(extract_stack(f, limit=limit))
  File "/home/luffy/.local/share/uv/python/cpython-3.11.15-linux-x86_64-gnu/lib/python3.11/traceback.py", line 228, in extract_stack
    stack = StackSummary.extract(walk_stack(f), limit=limit)
  File "/home/luffy/.local/share/uv/python/cpython-3.11.15-linux-x86_64-gnu/lib/python3.11/traceback.py", line 390, in extract
    return klass._extract_from_extended_frame_gen(
  File "/home/luffy/.local/share/uv/python/cpython-3.11.15-linux-x86_64-gnu/lib/python3.11/traceback.py", line 433, in _extract_from_extended_frame_gen
    f.line
  File "/home/luffy/.local/share/uv/python/cpython-3.11.15-linux-x86_64-gnu/lib/python3.11/traceback.py", line 318, in line
    self._line = linecache.getline(self.filename, self.lineno)
  File "/home/luffy/.local/share/uv/python/cpython-3.11.15-linux-x86_64-gnu/lib/python3.11/linecache.py", line 30, in getline
    lines = getlines(filename, module_globals)
  File "/home/luffy/.local/share/uv/python/cpython-3.11.15-linux-x86_64-gnu/lib/python3.11/linecache.py", line 46, in getlines
    return updatecache(filename, module_globals)
  File "/home/luffy/.local/share/uv/python/cpython-3.11.15-linux-x86_64-gnu/lib/python3.11/linecache.py", line 137, in updatecache
    lines = fp.readlines()
  File "<frozen codecs>", line 319, in decode
  File "/home/luffy/.hermes/hermes-agent/tui_gateway/entry.py", line 141, in _log_signal
    _shutdown_sessions()
  File "/home/luffy/.hermes/hermes-agent/tui_gateway/server.py", line 745, in _shutdown_sessions
    _close_session_by_id(sid, end_reason="tui_shutdown")
  File "/home/luffy/.hermes/hermes-agent/tui_gateway/server.py", line 655, in _close_session_by_id
    _teardown_session(session, end_reason=end_reason)
  File "/home/luffy/.hermes/hermes-agent/tui_gateway/server.py", line 625, in _teardown_session
    agent.close()
  File "/home/luffy/.hermes/hermes-agent/run_agent.py", line 3462, in close
    cleanup_browser(task_id)
  File "/home/luffy/.hermes/hermes-agent/tools/browser_tool.py", line 4278, in cleanup_browser
    if _is_local_sidecar_key(task_id):
  File "/home/luffy/.hermes/hermes-agent/tools/browser_tool.py", line 1288, in _is_local_sidecar_key
    return session_key.endswith(_LOCAL_SUFFIX)
  File "/home/luffy/.hermes/hermes-agent/tui_gateway/entry.py", line 113, in _log_signal
    f.write("".join(traceback.format_stack(sys._current_frames().get(tid))))

--- thread Thread-2 (_loop) (id=140652441728704) ---
  File "/home/luffy/.local/share/uv/python/cpython-3.11.15-linux-x86_64-gnu/lib/python3.11/threading.py", line 1002, in _bootstrap
    self._bootstrap_inner()
  File "/home/luffy/.local/share/uv/python/cpython-3.11.15-linux-x86_64-gnu/lib/python3.11/threading.py", line 1045, in _bootstrap_inner
    self.run()
  File "/home/luffy/.local/share/uv/python/cpython-3.11.15-linux-x86_64-gnu/lib/python3.11/threading.py", line 982, in run
    self._target(*self._args, **self._kwargs)
  File "/home/luffy/.hermes/hermes-agent/tui_gateway/server.py", line 865, in _loop
    time.sleep(_REAPER_SCAN_S)

--- thread tui-rpc_0 (id=140652450121408) ---
  File "/home/luffy/.local/share/uv/python/cpython-3.11.15-linux-x86_64-gnu/lib/python3.11/threading.py", line 1002, in _bootstrap
    self._bootstrap_inner()
  File "/home/luffy/.local/share/uv/python/cpython-3.11.15-linux-x86_64-gnu/lib/python3.11/threading.py", line 1045, in _bootstrap_inner
    self.run()
  File "/home/luffy/.local/share/uv/python/cpython-3.11.15-linux-x86_64-gnu/lib/python3.11/threading.py", line 982, in run
    self._target(*self._args, **self._kwargs)
  File "/home/luffy/.local/share/uv/python/cpython-3.11.15-linux-x86_64-gnu/lib/python3.11/concurrent/futures/thread.py", line 81, in _worker
    work_item = work_queue.get(block=True)

--- thread Thread-8 (_notification_poller_loop) (id=140652008437440) ---
  File "/home/luffy/.local/share/uv/python/cpython-3.11.15-linux-x86_64-gnu/lib/python3.11/threading.py", line 1002, in _bootstrap
    self._bootstrap_inner()
  File "/home/luffy/.local/share/uv/python/cpython-3.11.15-linux-x86_64-gnu/lib/python3.11/threading.py", line 1045, in _bootstrap_inner
    self.run()
  File "/home/luffy/.local/share/uv/python/cpython-3.11.15-linux-x86_64-gnu/lib/python3.11/threading.py", line 982, in run
    self._target(*self._args, **self._kwargs)
  File "/home/luffy/.hermes/hermes-agent/tui_gateway/server.py", line 8318, in _notification_poller_loop
    evt = process_registry.completion_queue.get(timeout=0.5)
  File "/home/luffy/.local/share/uv/python/cpython-3.11.15-linux-x86_64-gnu/lib/python3.11/queue.py", line 180, in get
    self.not_empty.wait(remaining)
  File "/home/luffy/.local/share/uv/python/cpython-3.11.15-linux-x86_64-gnu/lib/python3.11/threading.py", line 331, in wait
    gotit = waiter.acquire(True, timeout)

--- thread Thread-12 (_cleanup_thread_worker) (id=140652404770496) ---
  File "/home/luffy/.local/share/uv/python/cpython-3.11.15-linux-x86_64-gnu/lib/python3.11/threading.py", line 1002, in _bootstrap
    self._bootstrap_inner()
  File "/home/luffy/.local/share/uv/python/cpython-3.11.15-linux-x86_64-gnu/lib/python3.11/threading.py", line 1045, in _bootstrap_inner
    self.run()
  File "/home/luffy/.local/share/uv/python/cpython-3.11.15-linux-x86_64-gnu/lib/python3.11/threading.py", line 982, in run
    self._target(*self._args, **self._kwargs)
  File "/home/luffy/.hermes/hermes-agent/tools/terminal_tool.py", line 1597, in _cleanup_thread_worker
    time.sleep(1)

--- thread Thread-105 (id=140651907954368) ---
  File "/home/luffy/.local/share/uv/python/cpython-3.11.15-linux-x86_64-gnu/lib/python3.11/threading.py", line 1002, in _bootstrap
    self._bootstrap_inner()
  File "/home/luffy/.local/share/uv/python/cpython-3.11.15-linux-x86_64-gnu/lib/python3.11/threading.py", line 1045, in _bootstrap_inner
    self.run()
  File "/home/luffy/.local/share/uv/python/cpython-3.11.15-linux-x86_64-gnu/lib/python3.11/threading.py", line 1399, in run
    self.finished.wait(self.interval)
  File "/home/luffy/.local/share/uv/python/cpython-3.11.15-linux-x86_64-gnu/lib/python3.11/threading.py", line 629, in wait
    signaled = self._cond.wait(timeout)
  File "/home/luffy/.local/share/uv/python/cpython-3.11.15-linux-x86_64-gnu/lib/python3.11/threading.py", line 331, in wait
    gotit = waiter.acquire(True, timeout)

=== SIGHUP received · 2026-07-03 21:10:26 ===
main-thread stack at signal delivery:
  File "<frozen runpy>", line 198, in _run_module_as_main
  File "<frozen runpy>", line 88, in _run_code
  File "/home/luffy/.hermes/hermes-agent/tui_gateway/entry.py", line 381, in <module>
    main()
  File "/home/luffy/.hermes/hermes-agent/tui_gateway/entry.py", line 357, in main
    for raw in sys.stdin:

--- thread MainThread (id=140652477331264) ---
  File "<frozen runpy>", line 198, in _run_module_as_main
  File "<frozen runpy>", line 88, in _run_code
  File "/home/luffy/.hermes/hermes-agent/tui_gateway/entry.py", line 381, in <module>
    main()
  File "/home/luffy/.hermes/hermes-agent/tui_gateway/entry.py", line 357, in main
    for raw in sys.stdin:
  File "/home/luffy/.hermes/hermes-agent/tui_gateway/entry.py", line 113, in _log_signal
    f.write("".join(traceback.format_stack(sys._current_frames().get(tid))))

--- thread Thread-2 (_loop) (id=140652441728704) ---
[tui-parent] 2026-07-03T15:40:26.702Z [lifecycle] spawned gateway child pid=196743 killed=false exitCode=null signal=null python=/home/luffy/.hermes/hermes-agent/venv/bin/python3 cwd=/home/luffy/Downloads

=== gateway exit · 2026-07-03 21:10:30 · reason=stdin EOF (TUI closed the command pipe) ===

=== unhandled exception · 2026-07-03 21:10:30 ===
Traceback (most recent call last):
  File "<frozen runpy>", line 198, in _run_module_as_main
  File "<frozen runpy>", line 88, in _run_code
  File "/home/luffy/.hermes/hermes-agent/tui_gateway/entry.py", line 381, in <module>
    main()
  File "/home/luffy/.hermes/hermes-agent/tui_gateway/entry.py", line 377, in main
    _log_exit("stdin EOF (TUI closed the command pipe)")
  File "/home/luffy/.hermes/hermes-agent/tui_gateway/entry.py", line 204, in _log_exit
    print(f"[gateway-exit] {reason}", file=sys.stderr, flush=True)
BrokenPipeError: [Errno 32] Broken pipe
[tui-parent] 2026-07-03T16:15:42.971Z [lifecycle] spawned gateway child pid=263355 killed=false exitCode=null signal=null python=/home/luffy/.hermes/hermes-agent/venv/bin/python3 cwd=/home/luffy/Documents/SpringBoot
[tui-parent] 2026-07-03T16:49:15.674Z [lifecycle] GatewayClient.kill reason=app.die pid=263355 killed=true exitCode=null signal=null killResult=true

=== SIGTERM received · 2026-07-03 22:19:15 ===
main-thread stack at signal delivery:
  File "<frozen runpy>", line 198, in _run_module_as_main
  File "<frozen runpy>", line 88, in _run_code
  File "/home/luffy/.hermes/hermes-agent/tui_gateway/entry.py", line 381, in <module>
    main()
  File "/home/luffy/.hermes/hermes-agent/tui_gateway/entry.py", line 357, in main
    for raw in sys.stdin:

--- thread MainThread (id=140565498447680) ---
  File "<frozen runpy>", line 198, in _run_module_as_main
  File "<frozen runpy>", line 88, in _run_code
  File "/home/luffy/.hermes/hermes-agent/tui_gateway/entry.py", line 381, in <module>
    main()
  File "/home/luffy/.hermes/hermes-agent/tui_gateway/entry.py", line 357, in main
    for raw in sys.stdin:
  File "/home/luffy/.hermes/hermes-agent/tui_gateway/entry.py", line 113, in _log_signal
    f.write("".join(traceback.format_stack(sys._current_frames().get(tid))))

--- thread Thread-2 (_loop) (id=140565462849216) ---
  File "/home/luffy/.local/share/uv/python/cpython-3.11.15-linux-x86_64-gnu/lib/python3.11/threading.py", line 1002, in _bootstrap
    self._bootstrap_inner()
  File "/home/luffy/.local/share/uv/python/cpython-3.11.15-linux-x86_64-gnu/lib/python3.11/threading.py", line 1045, in _bootstrap_inner
    self.run()
  File "/home/luffy/.local/share/uv/python/cpython-3.11.15-linux-x86_64-gnu/lib/python3.11/threading.py", line 982, in run
    self._target(*self._args, **self._kwargs)
  File "/home/luffy/.hermes/hermes-agent/tui_gateway/server.py", line 865, in _loop
    time.sleep(_REAPER_SCAN_S)

--- thread tui-rpc_0 (id=140565471241920) ---
  File "/home/luffy/.local/share/uv/python/cpython-3.11.15-linux-x86_64-gnu/lib/python3.11/threading.py", line 1002, in _bootstrap
    self._bootstrap_inner()
  File "/home/luffy/.local/share/uv/python/cpython-3.11.15-linux-x86_64-gnu/lib/python3.11/threading.py", line 1045, in _bootstrap_inner
    self.run()
  File "/home/luffy/.local/share/uv/python/cpython-3.11.15-linux-x86_64-gnu/lib/python3.11/threading.py", line 982, in run
    self._target(*self._args, **self._kwargs)
  File "/home/luffy/.local/share/uv/python/cpython-3.11.15-linux-x86_64-gnu/lib/python3.11/concurrent/futures/thread.py", line 81, in _worker
    work_item = work_queue.get(block=True)

--- thread Thread-8 (_notification_poller_loop) (id=140565163972288) ---
  File "/home/luffy/.local/share/uv/python/cpython-3.11.15-linux-x86_64-gnu/lib/python3.11/threading.py", line 1002, in _bootstrap
    self._bootstrap_inner()
  File "/home/luffy/.local/share/uv/python/cpython-3.11.15-linux-x86_64-gnu/lib/python3.11/threading.py", line 1045, in _bootstrap_inner
    self.run()
  File "/home/luffy/.local/share/uv/python/cpython-3.11.15-linux-x86_64-gnu/lib/python3.11/threading.py", line 982, in run
    self._target(*self._args, **self._kwargs)
  File "/home/luffy/.hermes/hermes-agent/tui_gateway/server.py", line 8318, in _notification_poller_loop
    evt = process_registry.completion_queue.get(timeout=0.5)
  File "/home/luffy/.local/share/uv/python/cpython-3.11.15-linux-x86_64-gnu/lib/python3.11/queue.py", line 180, in get
    self.not_empty.wait(remaining)
  File "/home/luffy/.local/share/uv/python/cpython-3.11.15-linux-x86_64-gnu/lib/python3.11/threading.py", line 331, in wait
    gotit = waiter.acquire(True, timeout)

--- thread tui-rpc_1 (id=140565219899072) ---
  File "/home/luffy/.local/share/uv/python/cpython-3.11.15-linux-x86_64-gnu/lib/python3.11/threading.py", line 1002, in _bootstrap
    self._bootstrap_inner()
  File "/home/luffy/.local/share/uv/python/cpython-3.11.15-linux-x86_64-gnu/lib/python3.11/threading.py", line 1045, in _bootstrap_inner
    self.run()
  File "/home/luffy/.local/share/uv/python/cpython-3.11.15-linux-x86_64-gnu/lib/python3.11/threading.py", line 982, in run
    self._target(*self._args, **self._kwargs)
  File "/home/luffy/.local/share/uv/python/cpython-3.11.15-linux-x86_64-gnu/lib/python3.11/concurrent/futures/thread.py", line 81, in _worker
    work_item = work_queue.get(block=True)

--- thread Thread-25 (_drain_stdout) (id=140565443724992) ---
  File "/home/luffy/.local/share/uv/python/cpython-3.11.15-linux-x86_64-gnu/lib/python3.11/threading.py", line 1002, in _bootstrap
    self._bootstrap_inner()
  File "/home/luffy/.local/share/uv/python/cpython-3.11.15-linux-x86_64-gnu/lib/python3.11/threading.py", line 1045, in _bootstrap_inner
    self.run()
  File "/home/luffy/.local/share/uv/python/cpython-3.11.15-linux-x86_64-gnu/lib/python3.11/threading.py", line 982, in run
    self._target(*self._args, **self._kwargs)
  File "/home/luffy/.hermes/hermes-agent/tui_gateway/server.py", line 323, in _drain_stdout
    for line in self.proc.stdout or []:

--- thread Thread-26 (_drain_stderr) (id=140565435332288) ---
  File "/home/luffy/.local/share/uv/python/cpython-3.11.15-linux-x86_64-gnu/lib/python3.11/threading.py", line 1002, in _bootstrap
    self._bootstrap_inner()
  File "/home/luffy/.local/share/uv/python/cpython-3.11.15-linux-x86_64-gnu/lib/python3.11/threading.py", line 1045, in _bootstrap_inner
    self.run()
  File "/home/luffy/.local/share/uv/python/cpython-3.11.15-linux-x86_64-gnu/lib/python3.11/threading.py", line 982, in run
    self._target(*self._args, **self._kwargs)
  File "/home/luffy/.hermes/hermes-agent/tui_gateway/server.py", line 331, in _drain_stderr
    for line in self.proc.stderr or []:
[tui-parent] 2026-07-03T17:32:30.909Z [lifecycle] spawned gateway child pid=407247 killed=false exitCode=null signal=null python=/home/luffy/.hermes/hermes-agent/venv/bin/python3 cwd=/home/luffy
[tui-parent] 2026-07-03T17:36:56.308Z [lifecycle] GatewayClient.kill reason=app.die pid=407247 killed=true exitCode=null signal=null killResult=true

=== SIGTERM received · 2026-07-03 23:06:56 ===
main-thread stack at signal delivery:
  File "<frozen runpy>", line 198, in _run_module_as_main
  File "<frozen runpy>", line 88, in _run_code
  File "/home/luffy/.hermes/hermes-agent/tui_gateway/entry.py", line 381, in <module>
    main()
  File "/home/luffy/.hermes/hermes-agent/tui_gateway/entry.py", line 357, in main
    for raw in sys.stdin:

--- thread MainThread (id=140466029008704) ---
  File "<frozen runpy>", line 198, in _run_module_as_main
  File "<frozen runpy>", line 88, in _run_code
  File "/home/luffy/.hermes/hermes-agent/tui_gateway/entry.py", line 381, in <module>
    main()
  File "/home/luffy/.hermes/hermes-agent/tui_gateway/entry.py", line 357, in main
    for raw in sys.stdin:
  File "/home/luffy/.hermes/hermes-agent/tui_gateway/entry.py", line 113, in _log_signal
    f.write("".join(traceback.format_stack(sys._current_frames().get(tid))))

--- thread Thread-2 (_loop) (id=140465993295552) ---
  File "/home/luffy/.local/share/uv/python/cpython-3.11.15-linux-x86_64-gnu/lib/python3.11/threading.py", line 1002, in _bootstrap
    self._bootstrap_inner()
  File "/home/luffy/.local/share/uv/python/cpython-3.11.15-linux-x86_64-gnu/lib/python3.11/threading.py", line 1045, in _bootstrap_inner
    self.run()
  File "/home/luffy/.local/share/uv/python/cpython-3.11.15-linux-x86_64-gnu/lib/python3.11/threading.py", line 982, in run
    self._target(*self._args, **self._kwargs)
  File "/home/luffy/.hermes/hermes-agent/tui_gateway/server.py", line 865, in _loop
    time.sleep(_REAPER_SCAN_S)

--- thread tui-rpc_0 (id=140466001688256) ---
  File "/home/luffy/.local/share/uv/python/cpython-3.11.15-linux-x86_64-gnu/lib/python3.11/threading.py", line 1002, in _bootstrap
    self._bootstrap_inner()
  File "/home/luffy/.local/share/uv/python/cpython-3.11.15-linux-x86_64-gnu/lib/python3.11/threading.py", line 1045, in _bootstrap_inner
    self.run()
  File "/home/luffy/.local/share/uv/python/cpython-3.11.15-linux-x86_64-gnu/lib/python3.11/threading.py", line 982, in run
    self._target(*self._args, **self._kwargs)
  File "/home/luffy/.local/share/uv/python/cpython-3.11.15-linux-x86_64-gnu/lib/python3.11/concurrent/futures/thread.py", line 81, in _worker
    work_item = work_queue.get(block=True)

--- thread Thread-12 (_drain_stdout) (id=140465543075520) ---
  File "/home/luffy/.local/share/uv/python/cpython-3.11.15-linux-x86_64-gnu/lib/python3.11/threading.py", line 1002, in _bootstrap
    self._bootstrap_inner()
  File "/home/luffy/.local/share/uv/python/cpython-3.11.15-linux-x86_64-gnu/lib/python3.11/threading.py", line 1045, in _bootstrap_inner
    self.run()
  File "/home/luffy/.local/share/uv/python/cpython-3.11.15-linux-x86_64-gnu/lib/python3.11/threading.py", line 982, in run
    self._target(*self._args, **self._kwargs)
  File "/home/luffy/.hermes/hermes-agent/tui_gateway/server.py", line 323, in _drain_stdout
    for line in self.proc.stdout or []:

--- thread Thread-13 (_drain_stderr) (id=140465881994944) ---
  File "/home/luffy/.local/share/uv/python/cpython-3.11.15-linux-x86_64-gnu/lib/python3.11/threading.py", line 1002, in _bootstrap
    self._bootstrap_inner()
  File "/home/luffy/.local/share/uv/python/cpython-3.11.15-linux-x86_64-gnu/lib/python3.11/threading.py", line 1045, in _bootstrap_inner
    self.run()
  File "/home/luffy/.local/share/uv/python/cpython-3.11.15-linux-x86_64-gnu/lib/python3.11/threading.py", line 982, in run
    self._target(*self._args, **self._kwargs)
  File "/home/luffy/.hermes/hermes-agent/tui_gateway/server.py", line 331, in _drain_stderr
    for line in self.proc.stderr or []:

--- thread Thread-14 (_notification_poller_loop) (id=140465898780352) ---
  File "/home/luffy/.local/share/uv/python/cpython-3.11.15-linux-x86_64-gnu/lib/python3.11/threading.py", line 1002, in _bootstrap
    self._bootstrap_inner()
  File "/home/luffy/.local/share/uv/python/cpython-3.11.15-linux-x86_64-gnu/lib/python3.11/threading.py", line 1045, in _bootstrap_inner
    self.run()
  File "/home/luffy/.local/share/uv/python/cpython-3.11.15-linux-x86_64-gnu/lib/python3.11/threading.py", line 982, in run
    self._target(*self._args, **self._kwargs)
  File "/home/luffy/.hermes/hermes-agent/tui_gateway/server.py", line 8318, in _notification_poller_loop
    evt = process_registry.completion_queue.get(timeout=0.5)
  File "/home/luffy/.local/share/uv/python/cpython-3.11.15-linux-x86_64-gnu/lib/python3.11/queue.py", line 180, in get
    self.not_empty.wait(remaining)
  File "/home/luffy/.local/share/uv/python/cpython-3.11.15-linux-x86_64-gnu/lib/python3.11/threading.py", line 331, in wait
    gotit = waiter.acquire(True, timeout)
[tui-parent] 2026-07-03T17:38:29.113Z [lifecycle] spawned gateway child pid=417739 killed=false exitCode=null signal=null python=/home/luffy/.hermes/hermes-agent/venv/bin/python3 cwd=/home/luffy

=== SIGHUP received · 2026-07-03 23:11:33 ===
main-thread stack at signal delivery:
  File "<frozen runpy>", line 198, in _run_module_as_main
  File "<frozen runpy>", line 88, in _run_code
  File "/home/luffy/.hermes/hermes-agent/tui_gateway/entry.py", line 381, in <module>
    main()
  File "/home/luffy/.hermes/hermes-agent/tui_gateway/entry.py", line 357, in main
    for raw in sys.stdin:
  File "/home/luffy/.hermes/hermes-agent/tui_gateway/entry.py", line 113, in _log_signal
    f.write("".join(traceback.format_stack(sys._current_frames().get(tid))))
  File "/home/luffy/.local/share/uv/python/cpython-3.11.15-linux-x86_64-gnu/lib/python3.11/traceback.py", line 214, in format_stack
    return format_list(extract_stack(f, limit=limit))
  File "/home/luffy/.local/share/uv/python/cpython-3.11.15-linux-x86_64-gnu/lib/python3.11/traceback.py", line 228, in extract_stack
    stack = StackSummary.extract(walk_stack(f), limit=limit)
  File "/home/luffy/.local/share/uv/python/cpython-3.11.15-linux-x86_64-gnu/lib/python3.11/traceback.py", line 390, in extract
    return klass._extract_from_extended_frame_gen(
  File "/home/luffy/.local/share/uv/python/cpython-3.11.15-linux-x86_64-gnu/lib/python3.11/traceback.py", line 433, in _extract_from_extended_frame_gen
    f.line
  File "/home/luffy/.local/share/uv/python/cpython-3.11.15-linux-x86_64-gnu/lib/python3.11/traceback.py", line 318, in line
    self._line = linecache.getline(self.filename, self.lineno)
  File "/home/luffy/.local/share/uv/python/cpython-3.11.15-linux-x86_64-gnu/lib/python3.11/linecache.py", line 30, in getline
    lines = getlines(filename, module_globals)
  File "/home/luffy/.local/share/uv/python/cpython-3.11.15-linux-x86_64-gnu/lib/python3.11/linecache.py", line 46, in getlines
    return updatecache(filename, module_globals)
  File "/home/luffy/.local/share/uv/python/cpython-3.11.15-linux-x86_64-gnu/lib/python3.11/linecache.py", line 137, in updatecache
    lines = fp.readlines()
  File "<frozen codecs>", line 319, in decode

--- thread MainThread (id=139643419739968) ---
  File "<frozen runpy>", line 198, in _run_module_as_main
  File "<frozen runpy>", line 88, in _run_code
  File "/home/luffy/.hermes/hermes-agent/tui_gateway/entry.py", line 381, in <module>
    main()
  File "/home/luffy/.hermes/hermes-agent/tui_gateway/entry.py", line 357, in main
    for raw in sys.stdin:
  File "/home/luffy/.hermes/hermes-agent/tui_gateway/entry.py", line 113, in _log_signal
    f.write("".join(traceback.format_stack(sys._current_frames().get(tid))))
  File "/home/luffy/.local/share/uv/python/cpython-3.11.15-linux-x86_64-gnu/lib/python3.11/traceback.py", line 214, in format_stack
    return format_list(extract_stack(f, limit=limit))
  File "/home/luffy/.local/share/uv/python/cpython-3.11.15-linux-x86_64-gnu/lib/python3.11/traceback.py", line 228, in extract_stack
    stack = StackSummary.extract(walk_stack(f), limit=limit)
  File "/home/luffy/.local/share/uv/python/cpython-3.11.15-linux-x86_64-gnu/lib/python3.11/traceback.py", line 390, in extract
    return klass._extract_from_extended_frame_gen(
  File "/home/luffy/.local/share/uv/python/cpython-3.11.15-linux-x86_64-gnu/lib/python3.11/traceback.py", line 433, in _extract_from_extended_frame_gen
    f.line
  File "/home/luffy/.local/share/uv/python/cpython-3.11.15-linux-x86_64-gnu/lib/python3.11/traceback.py", line 318, in line
    self._line = linecache.getline(self.filename, self.lineno)
  File "/home/luffy/.local/share/uv/python/cpython-3.11.15-linux-x86_64-gnu/lib/python3.11/linecache.py", line 30, in getline
    lines = getlines(filename, module_globals)
  File "/home/luffy/.local/share/uv/python/cpython-3.11.15-linux-x86_64-gnu/lib/python3.11/linecache.py", line 46, in getlines
    return updatecache(filename, module_globals)
  File "/home/luffy/.local/share/uv/python/cpython-3.11.15-linux-x86_64-gnu/lib/python3.11/linecache.py", line 137, in updatecache
    lines = fp.readlines()
  File "<frozen codecs>", line 319, in decode
  File "/home/luffy/.hermes/hermes-agent/tui_gateway/entry.py", line 113, in _log_signal
    f.write("".join(traceback.format_stack(sys._current_frames().get(tid))))

--- thread Thread-2 (_loop) (id=139643384166080) ---
  File "/home/luffy/.local/share/uv/python/cpython-3.11.15-linux-x86_64-gnu/lib/python3.11/threading.py", line 1002, in _bootstrap
    self._bootstrap_inner()
  File "/home/luffy/.local/share/uv/python/cpython-3.11.15-linux-x86_64-gnu/lib/python3.11/threading.py", line 1045, in _bootstrap_inner
    self.run()
  File "/home/luffy/.local/share/uv/python/cpython-3.11.15-linux-x86_64-gnu/lib/python3.11/threading.py", line 982, in run
    self._target(*self._args, **self._kwargs)
  File "/home/luffy/.hermes/hermes-agent/tui_gateway/server.py", line 865, in _loop
    time.sleep(_REAPER_SCAN_S)

--- thread tui-rpc_0 (id=139643392558784) ---
  File "/home/luffy/.local/share/uv/python/cpython-3.11.15-linux-x86_64-gnu/lib/python3.11/threading.py", line 1002, in _bootstrap
    self._bootstrap_inner()
  File "/home/luffy/.local/share/uv/python/cpython-3.11.15-linux-x86_64-gnu/lib/python3.11/threading.py", line 1045, in _bootstrap_inner
    self.run()
  File "/home/luffy/.local/share/uv/python/cpython-3.11.15-linux-x86_64-gnu/lib/python3.11/threading.py", line 982, in run
    self._target(*self._args, **self._kwargs)
  File "/home/luffy/.local/share/uv/python/cpython-3.11.15-linux-x86_64-gnu/lib/python3.11/concurrent/futures/thread.py", line 81, in _worker
    work_item = work_queue.get(block=True)

--- thread Thread-14 (_notification_poller_loop) (id=139643144107712) ---
  File "/home/luffy/.local/share/uv/python/cpython-3.11.15-linux-x86_64-gnu/lib/python3.11/threading.py", line 1002, in _bootstrap
    self._bootstrap_inner()
  File "/home/luffy/.local/share/uv/python/cpython-3.11.15-linux-x86_64-gnu/lib/python3.11/threading.py", line 1045, in _bootstrap_inner
    self.run()
  File "/home/luffy/.local/share/uv/python/cpython-3.11.15-linux-x86_64-gnu/lib/python3.11/threading.py", line 982, in run
    self._target(*self._args, **self._kwargs)
  File "/home/luffy/.hermes/hermes-agent/tui_gateway/server.py", line 8318, in _notification_poller_loop
    evt = process_registry.completion_queue.get(timeout=0.5)
  File "/home/luffy/.local/share/uv/python/cpython-3.11.15-linux-x86_64-gnu/lib/python3.11/queue.py", line 180, in get
    self.not_empty.wait(remaining)
  File "/home/luffy/.local/share/uv/python/cpython-3.11.15-linux-x86_64-gnu/lib/python3.11/threading.py", line 331, in wait
    gotit = waiter.acquire(True, timeout)

--- thread tui-rpc_1 (id=139643356649152) ---
  File "/home/luffy/.local/share/uv/python/cpython-3.11.15-linux-x86_64-gnu/lib/python3.11/threading.py", line 1002, in _bootstrap
    self._bootstrap_inner()
  File "/home/luffy/.local/share/uv/python/cpython-3.11.15-linux-x86_64-gnu/lib/python3.11/threading.py", line 1045, in _bootstrap_inner
    self.run()
  File "/home/luffy/.local/share/uv/python/cpython-3.11.15-linux-x86_64-gnu/lib/python3.11/threading.py", line 982, in run
    self._target(*self._args, **self._kwargs)
  File "/home/luffy/.local/share/uv/python/cpython-3.11.15-linux-x86_64-gnu/lib/python3.11/concurrent/futures/thread.py", line 81, in _worker
    work_item = work_queue.get(block=True)

--- thread Thread-18 (_drain_stdout) (id=139642930378432) ---
  File "/home/luffy/.local/share/uv/python/cpython-3.11.15-linux-x86_64-gnu/lib/python3.11/threading.py", line 1002, in _bootstrap
    self._bootstrap_inner()
  File "/home/luffy/.local/share/uv/python/cpython-3.11.15-linux-x86_64-gnu/lib/python3.11/threading.py", line 1045, in _bootstrap_inner
    self.run()
  File "/home/luffy/.local/share/uv/python/cpython-3.11.15-linux-x86_64-gnu/lib/python3.11/threading.py", line 982, in run
    self._target(*self._args, **self._kwargs)
  File "/home/luffy/.hermes/hermes-agent/tui_gateway/server.py", line 323, in _drain_stdout
    for line in self.proc.stdout or []:

--- thread Thread-19 (_drain_stderr) (id=139642942781120) ---
  File "/home/luffy/.local/share/uv/python/cpython-3.11.15-linux-x86_64-gnu/lib/python3.11/threading.py", line 1002, in _bootstrap
    self._bootstrap_inner()
  File "/home/luffy/.local/share/uv/python/cpython-3.11.15-linux-x86_64-gnu/lib/python3.11/threading.py", line 1045, in _bootstrap_inner
    self.run()
  File "/home/luffy/.local/share/uv/python/cpython-3.11.15-linux-x86_64-gnu/lib/python3.11/threading.py", line 982, in run
    self._target(*self._args, **self._kwargs)
  File "/home/luffy/.hermes/hermes-agent/tui_gateway/server.py", line 331, in _drain_stderr
    for line in self.proc.stderr or []:
[tui-parent] 2026-07-03T17:41:33.645Z uncaughtException: Error: write EIO

--- thread tui-rpc_2 (id=139642921985728) ---
  File "/home/luffy/.local/share/uv/python/cpython-3.11.15-linux-x86_64-gnu/lib/python3.11/threading.py", line 1002, in _bootstrap
    self._bootstrap_inner()
  File "/home/luffy/.local/share/uv/python/cpython-3.11.15-linux-x86_64-gnu/lib/python3.11/threading.py", line 1045, in _bootstrap_inner
    self.run()
  File "/home/luffy/.local/share/uv/python/cpython-3.11.15-linux-x86_64-gnu/lib/python3.11/threading.py", line 982, in run
    self._target(*self._args, **self._kwargs)
  File "/home/luffy/.local/share/uv/python/cpython-3.11.15-linux-x86_64-gnu/lib/python3.11/concurrent/futures/thread.py", line 81, in _worker
    work_item = work_queue.get(block=True)

--- thread Thread-23 (_cleanup_thread_worker) (id=139643365041856) ---
  File "/home/luffy/.local/share/uv/python/cpython-3.11.15-linux-x86_64-gnu/lib/python3.11/threading.py", line 1002, in _bootstrap
    self._bootstrap_inner()
  File "/home/luffy/.local/share/uv/python/cpython-3.11.15-linux-x86_64-gnu/lib/python3.11/threading.py", line 1045, in _bootstrap_inner
    self.run()
  File "/home/luffy/.local/share/uv/python/cpython-3.11.15-linux-x86_64-gnu/lib/python3.11/threading.py", line 982, in run
    self._target(*self._args, **self._kwargs)
  File "/home/luffy/.hermes/hermes-agent/tools/terminal_tool.py", line 1597, in _cleanup_thread_worker
    time.sleep(1)

--- thread hermes-lsp-loop (id=139642531735232) ---
  File "/home/luffy/.local/share/uv/python/cpython-3.11.15-linux-x86_64-gnu/lib/python3.11/threading.py", line 1002, in _bootstrap
    self._bootstrap_inner()
  File "/home/luffy/.local/share/uv/python/cpython-3.11.15-linux-x86_64-gnu/lib/python3.11/threading.py", line 1045, in _bootstrap_inner
    self.run()
  File "/home/luffy/.local/share/uv/python/cpython-3.11.15-linux-x86_64-gnu/lib/python3.11/threading.py", line 982, in run
    self._target(*self._args, **self._kwargs)
  File "/home/luffy/.hermes/hermes-agent/agent/lsp/manager.py", line 93, in _run_forever
    loop.run_forever()
  File "/home/luffy/.local/share/uv/python/cpython-3.11.15-linux-x86_64-gnu/lib/python3.11/asyncio/base_events.py", line 608, in run_forever
    self._run_once()
  File "/home/luffy/.local/share/uv/python/cpython-3.11.15-linux-x86_64-gnu/lib/python3.11/asyncio/base_events.py", line 1898, in _run_once
    event_list = self._selector.select(timeout)
  File "/home/luffy/.local/share/uv/python/cpython-3.11.15-linux-x86_64-gnu/lib/python3.11/selectors.py", line 468, in select
    fd_event_list = self._selector.poll(timeout, max_ev)
[tui-parent] 2026-07-03T17:41:33.656Z graceful-exit received signal=SIGHUP → killing gateway
[tui-parent] 2026-07-03T17:41:33.660Z uncaughtException: Error: write EIO
[tui-parent] 2026-07-03T17:41:33.662Z [lifecycle] GatewayClient.kill reason=graceful-exit-cleanup pid=417739 killed=true exitCode=null signal=null killResult=true

=== SIGTERM received · 2026-07-03 23:11:33 ===
main-thread stack at signal delivery:
  File "<frozen runpy>", line 198, in _run_module_as_main
  File "<frozen runpy>", line 88, in _run_code
  File "/home/luffy/.hermes/hermes-agent/tui_gateway/entry.py", line 381, in <module>
    main()
  File "/home/luffy/.hermes/hermes-agent/tui_gateway/entry.py", line 357, in main
    for raw in sys.stdin:
  File "/home/luffy/.hermes/hermes-agent/tui_gateway/entry.py", line 113, in _log_signal
    f.write("".join(traceback.format_stack(sys._current_frames().get(tid))))
  File "/home/luffy/.local/share/uv/python/cpython-3.11.15-linux-x86_64-gnu/lib/python3.11/traceback.py", line 214, in format_stack
    return format_list(extract_stack(f, limit=limit))
  File "/home/luffy/.local/share/uv/python/cpython-3.11.15-linux-x86_64-gnu/lib/python3.11/traceback.py", line 228, in extract_stack
    stack = StackSummary.extract(walk_stack(f), limit=limit)
  File "/home/luffy/.local/share/uv/python/cpython-3.11.15-linux-x86_64-gnu/lib/python3.11/traceback.py", line 390, in extract
    return klass._extract_from_extended_frame_gen(
  File "/home/luffy/.local/share/uv/python/cpython-3.11.15-linux-x86_64-gnu/lib/python3.11/traceback.py", line 433, in _extract_from_extended_frame_gen
    f.line
  File "/home/luffy/.local/share/uv/python/cpython-3.11.15-linux-x86_64-gnu/lib/python3.11/traceback.py", line 318, in line
    self._line = linecache.getline(self.filename, self.lineno)
  File "/home/luffy/.local/share/uv/python/cpython-3.11.15-linux-x86_64-gnu/lib/python3.11/linecache.py", line 30, in getline
    lines = getlines(filename, module_globals)
  File "/home/luffy/.local/share/uv/python/cpython-3.11.15-linux-x86_64-gnu/lib/python3.11/linecache.py", line 46, in getlines
    return updatecache(filename, module_globals)
  File "/home/luffy/.local/share/uv/python/cpython-3.11.15-linux-x86_64-gnu/lib/python3.11/linecache.py", line 137, in updatecache
    lines = fp.readlines()
  File "<frozen codecs>", line 319, in decode
  File "/home/luffy/.hermes/hermes-agent/tui_gateway/entry.py", line 141, in _log_signal
    _shutdown_sessions()
  File "/home/luffy/.hermes/hermes-agent/tui_gateway/server.py", line 745, in _shutdown_sessions
    _close_session_by_id(sid, end_reason="tui_shutdown")
  File "/home/luffy/.hermes/hermes-agent/tui_gateway/server.py", line 655, in _close_session_by_id
    _teardown_session(session, end_reason=end_reason)
  File "/home/luffy/.hermes/hermes-agent/tui_gateway/server.py", line 614, in _teardown_session
    _finalize_session(session, end_reason=end_reason)
  File "/home/luffy/.hermes/hermes-agent/tui_gateway/server.py", line 597, in _finalize_session
    worker.close()
  File "/home/luffy/.hermes/hermes-agent/tui_gateway/server.py", line 371, in close
    proc.wait(timeout=1)
  File "/home/luffy/.local/share/uv/python/cpython-3.11.15-linux-x86_64-gnu/lib/python3.11/subprocess.py", line 1264, in wait
    return self._wait(timeout=timeout)
  File "/home/luffy/.local/share/uv/python/cpython-3.11.15-linux-x86_64-gnu/lib/python3.11/subprocess.py", line 2047, in _wait
    time.sleep(delay)

--- thread MainThread (id=139643419739968) ---
  File "<frozen runpy>", line 198, in _run_module_as_main
  File "<frozen runpy>", line 88, in _run_code
  File "/home/luffy/.hermes/hermes-agent/tui_gateway/entry.py", line 381, in <module>
    main()
  File "/home/luffy/.hermes/hermes-agent/tui_gateway/entry.py", line 357, in main
    for raw in sys.stdin:
  File "/home/luffy/.hermes/hermes-agent/tui_gateway/entry.py", line 113, in _log_signal
    f.write("".join(traceback.format_stack(sys._current_frames().get(tid))))
  File "/home/luffy/.local/share/uv/python/cpython-3.11.15-linux-x86_64-gnu/lib/python3.11/traceback.py", line 214, in format_stack
    return format_list(extract_stack(f, limit=limit))
  File "/home/luffy/.local/share/uv/python/cpython-3.11.15-linux-x86_64-gnu/lib/python3.11/traceback.py", line 228, in extract_stack
    stack = StackSummary.extract(walk_stack(f), limit=limit)
  File "/home/luffy/.local/share/uv/python/cpython-3.11.15-linux-x86_64-gnu/lib/python3.11/traceback.py", line 390, in extract
    return klass._extract_from_extended_frame_gen(
  File "/home/luffy/.local/share/uv/python/cpython-3.11.15-linux-x86_64-gnu/lib/python3.11/traceback.py", line 433, in _extract_from_extended_frame_gen
    f.line
  File "/home/luffy/.local/share/uv/python/cpython-3.11.15-linux-x86_64-gnu/lib/python3.11/traceback.py", line 318, in line
    self._line = linecache.getline(self.filename, self.lineno)
  File "/home/luffy/.local/share/uv/python/cpython-3.11.15-linux-x86_64-gnu/lib/python3.11/linecache.py", line 30, in getline
    lines = getlines(filename, module_globals)
  File "/home/luffy/.local/share/uv/python/cpython-3.11.15-linux-x86_64-gnu/lib/python3.11/linecache.py", line 46, in getlines
    return updatecache(filename, module_globals)
  File "/home/luffy/.local/share/uv/python/cpython-3.11.15-linux-x86_64-gnu/lib/python3.11/linecache.py", line 137, in updatecache
    lines = fp.readlines()
  File "<frozen codecs>", line 319, in decode
  File "/home/luffy/.hermes/hermes-agent/tui_gateway/entry.py", line 141, in _log_signal
    _shutdown_sessions()
  File "/home/luffy/.hermes/hermes-agent/tui_gateway/server.py", line 745, in _shutdown_sessions
    _close_session_by_id(sid, end_reason="tui_shutdown")
  File "/home/luffy/.hermes/hermes-agent/tui_gateway/server.py", line 655, in _close_session_by_id
    _teardown_session(session, end_reason=end_reason)
  File "/home/luffy/.hermes/hermes-agent/tui_gateway/server.py", line 614, in _teardown_session
    _finalize_session(session, end_reason=end_reason)
  File "/home/luffy/.hermes/hermes-agent/tui_gateway/server.py", line 597, in _finalize_session
    worker.close()
  File "/home/luffy/.hermes/hermes-agent/tui_gateway/server.py", line 371, in close
    proc.wait(timeout=1)
  File "/home/luffy/.local/share/uv/python/cpython-3.11.15-linux-x86_64-gnu/lib/python3.11/subprocess.py", line 1264, in wait
    return self._wait(timeout=timeout)
  File "/home/luffy/.local/share/uv/python/cpython-3.11.15-linux-x86_64-gnu/lib/python3.11/subprocess.py", line 2047, in _wait
    time.sleep(delay)
  File "/home/luffy/.hermes/hermes-agent/tui_gateway/entry.py", line 113, in _log_signal
    f.write("".join(traceback.format_stack(sys._current_frames().get(tid))))

--- thread Thread-2 (_loop) (id=139643384166080) ---
  File "/home/luffy/.local/share/uv/python/cpython-3.11.15-linux-x86_64-gnu/lib/python3.11/threading.py", line 1002, in _bootstrap
    self._bootstrap_inner()
  File "/home/luffy/.local/share/uv/python/cpython-3.11.15-linux-x86_64-gnu/lib/python3.11/threading.py", line 1045, in _bootstrap_inner
    self.run()
  File "/home/luffy/.local/share/uv/python/cpython-3.11.15-linux-x86_64-gnu/lib/python3.11/threading.py", line 982, in run
    self._target(*self._args, **self._kwargs)
  File "/home/luffy/.hermes/hermes-agent/tui_gateway/server.py", line 865, in _loop
    time.sleep(_REAPER_SCAN_S)

--- thread tui-rpc_0 (id=139643392558784) ---
  File "/home/luffy/.local/share/uv/python/cpython-3.11.15-linux-x86_64-gnu/lib/python3.11/threading.py", line 1002, in _bootstrap
    self._bootstrap_inner()
  File "/home/luffy/.local/share/uv/python/cpython-3.11.15-linux-x86_64-gnu/lib/python3.11/threading.py", line 1045, in _bootstrap_inner
    self.run()
  File "/home/luffy/.local/share/uv/python/cpython-3.11.15-linux-x86_64-gnu/lib/python3.11/threading.py", line 982, in run
    self._target(*self._args, **self._kwargs)
  File "/home/luffy/.local/share/uv/python/cpython-3.11.15-linux-x86_64-gnu/lib/python3.11/concurrent/futures/thread.py", line 81, in _worker
    work_item = work_queue.get(block=True)

--- thread Thread-14 (_notification_poller_loop) (id=139643144107712) ---
  File "/home/luffy/.local/share/uv/python/cpython-3.11.15-linux-x86_64-gnu/lib/python3.11/threading.py", line 1002, in _bootstrap
    self._bootstrap_inner()
  File "/home/luffy/.local/share/uv/python/cpython-3.11.15-linux-x86_64-gnu/lib/python3.11/threading.py", line 1045, in _bootstrap_inner
    self.run()
  File "/home/luffy/.local/share/uv/python/cpython-3.11.15-linux-x86_64-gnu/lib/python3.11/threading.py", line 982, in run
    self._target(*self._args, **self._kwargs)
  File "/home/luffy/.hermes/hermes-agent/tui_gateway/server.py", line 8318, in _notification_poller_loop
    evt = process_registry.completion_queue.get(timeout=0.5)
  File "/home/luffy/.local/share/uv/python/cpython-3.11.15-linux-x86_64-gnu/lib/python3.11/queue.py", line 180, in get
    self.not_empty.wait(remaining)
  File "/home/luffy/.local/share/uv/python/cpython-3.11.15-linux-x86_64-gnu/lib/python3.11/threading.py", line 331, in wait
    gotit = waiter.acquire(True, timeout)

--- thread tui-rpc_1 (id=139643356649152) ---
  File "/home/luffy/.local/share/uv/python/cpython-3.11.15-linux-x86_64-gnu/lib/python3.11/threading.py", line 1002, in _bootstrap
    self._bootstrap_inner()
  File "/home/luffy/.local/share/uv/python/cpython-3.11.15-linux-x86_64-gnu/lib/python3.11/threading.py", line 1045, in _bootstrap_inner
    self.run()
  File "/home/luffy/.local/share/uv/python/cpython-3.11.15-linux-x86_64-gnu/lib/python3.11/threading.py", line 982, in run
    self._target(*self._args, **self._kwargs)
  File "/home/luffy/.local/share/uv/python/cpython-3.11.15-linux-x86_64-gnu/lib/python3.11/concurrent/futures/thread.py", line 81, in _worker
    work_item = work_queue.get(block=True)

--- thread tui-rpc_2 (id=139642921985728) ---
  File "/home/luffy/.local/share/uv/python/cpython-3.11.15-linux-x86_64-gnu/lib/python3.11/threading.py", line 1002, in _bootstrap
    self._bootstrap_inner()
  File "/home/luffy/.local/share/uv/python/cpython-3.11.15-linux-x86_64-gnu/lib/python3.11/threading.py", line 1045, in _bootstrap_inner
    self.run()
  File "/home/luffy/.local/share/uv/python/cpython-3.11.15-linux-x86_64-gnu/lib/python3.11/threading.py", line 982, in run
    self._target(*self._args, **self._kwargs)
  File "/home/luffy/.local/share/uv/python/cpython-3.11.15-linux-x86_64-gnu/lib/python3.11/concurrent/futures/thread.py", line 81, in _worker
    work_item = work_queue.get(block=True)

--- thread Thread-23 (_cleanup_thread_worker) (id=139643365041856) ---
  File "/home/luffy/.local/share/uv/python/cpython-3.11.15-linux-x86_64-gnu/lib/python3.11/threading.py", line 1002, in _bootstrap
    self._bootstrap_inner()
  File "/home/luffy/.local/share/uv/python/cpython-3.11.15-linux-x86_64-gnu/lib/python3.11/threading.py", line 1045, in _bootstrap_inner
    self.run()
  File "/home/luffy/.local/share/uv/python/cpython-3.11.15-linux-x86_64-gnu/lib/python3.11/threading.py", line 982, in run
    self._target(*self._args, **self._kwargs)
  File "/home/luffy/.hermes/hermes-agent/tools/terminal_tool.py", line 1597, in _cleanup_thread_worker
    time.sleep(1)

--- thread hermes-lsp-loop (id=139642531735232) ---
  File "/home/luffy/.local/share/uv/python/cpython-3.11.15-linux-x86_64-gnu/lib/python3.11/threading.py", line 1002, in _bootstrap
    self._bootstrap_inner()
  File "/home/luffy/.local/share/uv/python/cpython-3.11.15-linux-x86_64-gnu/lib/python3.11/threading.py", line 1045, in _bootstrap_inner
    self.run()
  File "/home/luffy/.local/share/uv/python/cpython-3.11.15-linux-x86_64-gnu/lib/python3.11/threading.py", line 982, in run
    self._target(*self._args, **self._kwargs)
  File "/home/luffy/.hermes/hermes-agent/agent/lsp/manager.py", line 93, in _run_forever
    loop.run_forever()
  File "/home/luffy/.local/share/uv/python/cpython-3.11.15-linux-x86_64-gnu/lib/python3.11/asyncio/base_events.py", line 608, in run_forever
    self._run_once()
  File "/home/luffy/.local/share/uv/python/cpython-3.11.15-linux-x86_64-gnu/lib/python3.11/asyncio/base_events.py", line 1898, in _run_once
    event_list = self._selector.select(timeout)
  File "/home/luffy/.local/share/uv/python/cpython-3.11.15-linux-x86_64-gnu/lib/python3.11/selectors.py", line 468, in select
    fd_event_list = self._selector.poll(timeout, max_ev)

--- thread Thread-54 (id=139642906904256) ---
  File "/home/luffy/.local/share/uv/python/cpython-3.11.15-linux-x86_64-gnu/lib/python3.11/threading.py", line 1002, in _bootstrap
    self._bootstrap_inner()
  File "/home/luffy/.local/share/uv/python/cpython-3.11.15-linux-x86_64-gnu/lib/python3.11/threading.py", line 1045, in _bootstrap_inner
    self.run()
  File "/home/luffy/.local/share/uv/python/cpython-3.11.15-linux-x86_64-gnu/lib/python3.11/threading.py", line 1399, in run
    self.finished.wait(self.interval)
  File "/home/luffy/.local/share/uv/python/cpython-3.11.15-linux-x86_64-gnu/lib/python3.11/threading.py", line 629, in wait
    signaled = self._cond.wait(timeout)
  File "/home/luffy/.local/share/uv/python/cpython-3.11.15-linux-x86_64-gnu/lib/python3.11/threading.py", line 331, in wait
    gotit = waiter.acquire(True, timeout)

=== SIGHUP received · 2026-07-03 23:11:33 ===
main-thread stack at signal delivery:
  File "<frozen runpy>", line 198, in _run_module_as_main
  File "<frozen runpy>", line 88, in _run_code
  File "/home/luffy/.hermes/hermes-agent/tui_gateway/entry.py", line 381, in <module>
    main()
  File "/home/luffy/.hermes/hermes-agent/tui_gateway/entry.py", line 357, in main
    for raw in sys.stdin:

--- thread MainThread (id=139643419739968) ---
  File "<frozen runpy>", line 198, in _run_module_as_main
  File "<frozen runpy>", line 88, in _run_code
  File "/home/luffy/.hermes/hermes-agent/tui_gateway/entry.py", line 381, in <module>
    main()
  File "/home/luffy/.hermes/hermes-agent/tui_gateway/entry.py", line 357, in main
    for raw in sys.stdin:
  File "/home/luffy/.hermes/hermes-agent/tui_gateway/entry.py", line 113, in _log_signal
    f.write("".join(traceback.format_stack(sys._current_frames().get(tid))))

--- thread Thread-2 (_loop) (id=139643384166080) ---
[tui-parent] 2026-07-03T17:41:33.684Z unhandledRejection: Error: EIO: i/o error, write
[tui-parent] 2026-07-03T17:41:34.487Z [lifecycle] spawned gateway child pid=423195 killed=false exitCode=null signal=null python=/home/luffy/.hermes/hermes-agent/venv/bin/python3 cwd=/home/luffy

=== gateway exit · 2026-07-03 23:11:37 · reason=stdin EOF (TUI closed the command pipe) ===

=== unhandled exception · 2026-07-03 23:11:37 ===
Traceback (most recent call last):
  File "<frozen runpy>", line 198, in _run_module_as_main
  File "<frozen runpy>", line 88, in _run_code
  File "/home/luffy/.hermes/hermes-agent/tui_gateway/entry.py", line 381, in <module>
    main()
  File "/home/luffy/.hermes/hermes-agent/tui_gateway/entry.py", line 377, in main
    _log_exit("stdin EOF (TUI closed the command pipe)")
  File "/home/luffy/.hermes/hermes-agent/tui_gateway/entry.py", line 204, in _log_exit
    print(f"[gateway-exit] {reason}", file=sys.stderr, flush=True)
BrokenPipeError: [Errno 32] Broken pipe
[tui-parent] 2026-07-04T10:51:37.607Z [lifecycle] spawned gateway child pid=806817 killed=false exitCode=null signal=null python=/home/luffy/.hermes/hermes-agent/venv/bin/python3 cwd=/home/luffy
[tui-parent] 2026-07-04T10:53:29.725Z graceful-exit received signal=SIGHUP → killing gateway

=== SIGHUP received · 2026-07-04 16:23:29 ===
main-thread stack at signal delivery:
  File "<frozen runpy>", line 198, in _run_module_as_main
  File "<frozen runpy>", line 88, in _run_code
  File "/home/luffy/.hermes/hermes-agent/tui_gateway/entry.py", line 381, in <module>
    main()
  File "/home/luffy/.hermes/hermes-agent/tui_gateway/entry.py", line 357, in main
    for raw in sys.stdin:
  File "/home/luffy/.hermes/hermes-agent/tui_gateway/entry.py", line 113, in _log_signal
    f.write("".join(traceback.format_stack(sys._current_frames().get(tid))))
  File "/home/luffy/.local/share/uv/python/cpython-3.11.15-linux-x86_64-gnu/lib/python3.11/traceback.py", line 214, in format_stack
    return format_list(extract_stack(f, limit=limit))
  File "/home/luffy/.local/share/uv/python/cpython-3.11.15-linux-x86_64-gnu/lib/python3.11/traceback.py", line 228, in extract_stack
    stack = StackSummary.extract(walk_stack(f), limit=limit)
  File "/home/luffy/.local/share/uv/python/cpython-3.11.15-linux-x86_64-gnu/lib/python3.11/traceback.py", line 390, in extract
    return klass._extract_from_extended_frame_gen(
  File "/home/luffy/.local/share/uv/python/cpython-3.11.15-linux-x86_64-gnu/lib/python3.11/traceback.py", line 433, in _extract_from_extended_frame_gen
    f.line
  File "/home/luffy/.local/share/uv/python/cpython-3.11.15-linux-x86_64-gnu/lib/python3.11/traceback.py", line 318, in line
    self._line = linecache.getline(self.filename, self.lineno)
  File "/home/luffy/.local/share/uv/python/cpython-3.11.15-linux-x86_64-gnu/lib/python3.11/linecache.py", line 30, in getline
    lines = getlines(filename, module_globals)
  File "/home/luffy/.local/share/uv/python/cpython-3.11.15-linux-x86_64-gnu/lib/python3.11/linecache.py", line 46, in getlines
    return updatecache(filename, module_globals)
  File "/home/luffy/.local/share/uv/python/cpython-3.11.15-linux-x86_64-gnu/lib/python3.11/linecache.py", line 137, in updatecache
    lines = fp.readlines()
  File "<frozen codecs>", line 319, in decode

--- thread MainThread (id=140309268281152) ---
  File "<frozen runpy>", line 198, in _run_module_as_main
  File "<frozen runpy>", line 88, in _run_code
  File "/home/luffy/.hermes/hermes-agent/tui_gateway/entry.py", line 381, in <module>
    main()
  File "/home/luffy/.hermes/hermes-agent/tui_gateway/entry.py", line 357, in main
    for raw in sys.stdin:
  File "/home/luffy/.hermes/hermes-agent/tui_gateway/entry.py", line 113, in _log_signal
    f.write("".join(traceback.format_stack(sys._current_frames().get(tid))))
  File "/home/luffy/.local/share/uv/python/cpython-3.11.15-linux-x86_64-gnu/lib/python3.11/traceback.py", line 214, in format_stack
    return format_list(extract_stack(f, limit=limit))
  File "/home/luffy/.local/share/uv/python/cpython-3.11.15-linux-x86_64-gnu/lib/python3.11/traceback.py", line 228, in extract_stack
    stack = StackSummary.extract(walk_stack(f), limit=limit)
  File "/home/luffy/.local/share/uv/python/cpython-3.11.15-linux-x86_64-gnu/lib/python3.11/traceback.py", line 390, in extract
    return klass._extract_from_extended_frame_gen(
  File "/home/luffy/.local/share/uv/python/cpython-3.11.15-linux-x86_64-gnu/lib/python3.11/traceback.py", line 433, in _extract_from_extended_frame_gen
    f.line
  File "/home/luffy/.local/share/uv/python/cpython-3.11.15-linux-x86_64-gnu/lib/python3.11/traceback.py", line 318, in line
    self._line = linecache.getline(self.filename, self.lineno)
  File "/home/luffy/.local/share/uv/python/cpython-3.11.15-linux-x86_64-gnu/lib/python3.11/linecache.py", line 30, in getline
    lines = getlines(filename, module_globals)
  File "/home/luffy/.local/share/uv/python/cpython-3.11.15-linux-x86_64-gnu/lib/python3.11/linecache.py", line 46, in getlines
    return updatecache(filename, module_globals)
  File "/home/luffy/.local/share/uv/python/cpython-3.11.15-linux-x86_64-gnu/lib/python3.11/linecache.py", line 137, in updatecache
    lines = fp.readlines()
  File "<frozen codecs>", line 319, in decode
  File "/home/luffy/.hermes/hermes-agent/tui_gateway/entry.py", line 113, in _log_signal
    f.write("".join(traceback.format_stack(sys._current_frames().get(tid))))

--- thread Thread-2 (_loop) (id=140309241026240) ---
  File "/home/luffy/.local/share/uv/python/cpython-3.11.15-linux-x86_64-gnu/lib/python3.11/threading.py", line 1002, in _bootstrap
    self._bootstrap_inner()
  File "/home/luffy/.local/share/uv/python/cpython-3.11.15-linux-x86_64-gnu/lib/python3.11/threading.py", line 1045, in _bootstrap_inner
    self.run()
  File "/home/luffy/.local/share/uv/python/cpython-3.11.15-linux-x86_64-gnu/lib/python3.11/threading.py", line 982, in run
    self._target(*self._args, **self._kwargs)
  File "/home/luffy/.hermes/hermes-agent/tui_gateway/server.py", line 865, in _loop
    time.sleep(_REAPER_SCAN_S)

--- thread tui-rpc_0 (id=140309231584960) ---
  File "/home/luffy/.local/share/uv/python/cpython-3.11.15-linux-x86_64-gnu/lib/python3.11/threading.py", line 1002, in _bootstrap
    self._bootstrap_inner()
  File "/home/luffy/.local/share/uv/python/cpython-3.11.15-linux-x86_64-gnu/lib/python3.11/threading.py", line 1045, in _bootstrap_inner
    self.run()
  File "/home/luffy/.local/share/uv/python/cpython-3.11.15-linux-x86_64-gnu/lib/python3.11/threading.py", line 982, in run
    self._target(*self._args, **self._kwargs)
  File "/home/luffy/.local/share/uv/python/cpython-3.11.15-linux-x86_64-gnu/lib/python3.11/concurrent/futures/thread.py", line 81, in _worker
    work_item = work_queue.get(block=True)

--- thread Thread-6 (_drain_stdout) (id=140308998256320) ---
  File "/home/luffy/.local/share/uv/python/cpython-3.11.15-linux-x86_64-gnu/lib/python3.11/threading.py", line 1002, in _bootstrap
    self._bootstrap_inner()
  File "/home/luffy/.local/share/uv/python/cpython-3.11.15-linux-x86_64-gnu/lib/python3.11/threading.py", line 1045, in _bootstrap_inner
    self.run()
  File "/home/luffy/.local/share/uv/python/cpython-3.11.15-linux-x86_64-gnu/lib/python3.11/threading.py", line 982, in run
    self._target(*self._args, **self._kwargs)
  File "/home/luffy/.hermes/hermes-agent/tui_gateway/server.py", line 323, in _drain_stdout
    for line in self.proc.stdout or []:

--- thread Thread-7 (_drain_stderr) (id=140309213509312) ---
  File "/home/luffy/.local/share/uv/python/cpython-3.11.15-linux-x86_64-gnu/lib/python3.11/threading.py", line 1002, in _bootstrap
    self._bootstrap_inner()
  File "/home/luffy/.local/share/uv/python/cpython-3.11.15-linux-x86_64-gnu/lib/python3.11/threading.py", line 1045, in _bootstrap_inner
    self.run()
  File "/home/luffy/.local/share/uv/python/cpython-3.11.15-linux-x86_64-gnu/lib/python3.11/threading.py", line 982, in run
    self._target(*self._args, **self._kwargs)
  File "/home/luffy/.hermes/hermes-agent/tui_gateway/server.py", line 331, in _drain_stderr
    for line in self.proc.stderr or []:

--- thread Thread-8 (_notification_poller_loop) (id=140308864038592) ---
  File "/home/luffy/.local/share/uv/python/cpython-3.11.15-linux-x86_64-gnu/lib/python3.11/threading.py", line 1002, in _bootstrap
    self._bootstrap_inner()
  File "/home/luffy/.local/share/uv/python/cpython-3.11.15-linux-x86_64-gnu/lib/python3.11/threading.py", line 1045, in _bootstrap_inner
    self.run()
  File "/home/luffy/.local/share/uv/python/cpython-3.11.15-linux-x86_64-gnu/lib/python3.11/threading.py", line 982, in run
    self._target(*self._args, **self._kwargs)
  File "/home/luffy/.hermes/hermes-agent/tui_gateway/server.py", line 8318, in _notification_poller_loop
    evt = process_registry.completion_queue.get(timeout=0.5)
  File "/home/luffy/.local/share/uv/python/cpython-3.11.15-linux-x86_64-gnu/lib/python3.11/queue.py", line 180, in get
    self.not_empty.wait(remaining)
  File "/home/luffy/.local/share/uv/python/cpython-3.11.15-linux-x86_64-gnu/lib/python3.11/threading.py", line 331, in wait
    gotit = waiter.acquire(True, timeout)

--- thread Thread-12 (_cleanup_thread_worker) (id=140308989863616) ---
  File "/home/luffy/.local/share/uv/python/cpython-3.11.15-linux-x86_64-gnu/lib/python3.11/threading.py", line 1002, in _bootstrap
    self._bootstrap_inner()
  File "/home/luffy/.local/share/uv/python/cpython-3.11.15-linux-x86_64-gnu/lib/python3.11/threading.py", line 1045, in _bootstrap_inner
    self.run()
  File "/home/luffy/.local/share/uv/python/cpython-3.11.15-linux-x86_64-gnu/lib/python3.11/threading.py", line 982, in run
    self._target(*self._args, **self._kwargs)
  File "/home/luffy/.hermes/hermes-agent/tools/terminal_tool.py", line 1597, in _cleanup_thread_worker
    time.sleep(1)
[tui-parent] 2026-07-04T10:53:29.765Z uncaughtException: Error: write EIO
[tui-parent] 2026-07-04T10:53:29.778Z [lifecycle] GatewayClient.kill reason=graceful-exit-cleanup pid=806817 killed=true exitCode=null signal=null killResult=true

=== SIGTERM received · 2026-07-04 16:23:29 ===
main-thread stack at signal delivery:
  File "<frozen runpy>", line 198, in _run_module_as_main
  File "<frozen runpy>", line 88, in _run_code
  File "/home/luffy/.hermes/hermes-agent/tui_gateway/entry.py", line 381, in <module>
    main()
  File "/home/luffy/.hermes/hermes-agent/tui_gateway/entry.py", line 357, in main
    for raw in sys.stdin:
  File "/home/luffy/.hermes/hermes-agent/tui_gateway/entry.py", line 113, in _log_signal
    f.write("".join(traceback.format_stack(sys._current_frames().get(tid))))
  File "/home/luffy/.local/share/uv/python/cpython-3.11.15-linux-x86_64-gnu/lib/python3.11/traceback.py", line 214, in format_stack
    return format_list(extract_stack(f, limit=limit))
  File "/home/luffy/.local/share/uv/python/cpython-3.11.15-linux-x86_64-gnu/lib/python3.11/traceback.py", line 228, in extract_stack
    stack = StackSummary.extract(walk_stack(f), limit=limit)
  File "/home/luffy/.local/share/uv/python/cpython-3.11.15-linux-x86_64-gnu/lib/python3.11/traceback.py", line 390, in extract
    return klass._extract_from_extended_frame_gen(
  File "/home/luffy/.local/share/uv/python/cpython-3.11.15-linux-x86_64-gnu/lib/python3.11/traceback.py", line 433, in _extract_from_extended_frame_gen
    f.line
  File "/home/luffy/.local/share/uv/python/cpython-3.11.15-linux-x86_64-gnu/lib/python3.11/traceback.py", line 318, in line
    self._line = linecache.getline(self.filename, self.lineno)
  File "/home/luffy/.local/share/uv/python/cpython-3.11.15-linux-x86_64-gnu/lib/python3.11/linecache.py", line 30, in getline
    lines = getlines(filename, module_globals)
  File "/home/luffy/.local/share/uv/python/cpython-3.11.15-linux-x86_64-gnu/lib/python3.11/linecache.py", line 46, in getlines
    return updatecache(filename, module_globals)
  File "/home/luffy/.local/share/uv/python/cpython-3.11.15-linux-x86_64-gnu/lib/python3.11/linecache.py", line 137, in updatecache
    lines = fp.readlines()
  File "<frozen codecs>", line 319, in decode
  File "/home/luffy/.hermes/hermes-agent/tui_gateway/entry.py", line 141, in _log_signal
    _shutdown_sessions()
  File "/home/luffy/.hermes/hermes-agent/tui_gateway/server.py", line 745, in _shutdown_sessions
    _close_session_by_id(sid, end_reason="tui_shutdown")
  File "/home/luffy/.hermes/hermes-agent/tui_gateway/server.py", line 655, in _close_session_by_id
    _teardown_session(session, end_reason=end_reason)
  File "/home/luffy/.hermes/hermes-agent/tui_gateway/server.py", line 614, in _teardown_session
    _finalize_session(session, end_reason=end_reason)
  File "/home/luffy/.hermes/hermes-agent/tui_gateway/server.py", line 597, in _finalize_session
    worker.close()
  File "/home/luffy/.hermes/hermes-agent/tui_gateway/server.py", line 371, in close
    proc.wait(timeout=1)
  File "/home/luffy/.local/share/uv/python/cpython-3.11.15-linux-x86_64-gnu/lib/python3.11/subprocess.py", line 1264, in wait
    return self._wait(timeout=timeout)
  File "/home/luffy/.local/share/uv/python/cpython-3.11.15-linux-x86_64-gnu/lib/python3.11/subprocess.py", line 2047, in _wait
    time.sleep(delay)

--- thread MainThread (id=140309268281152) ---
  File "<frozen runpy>", line 198, in _run_module_as_main
  File "<frozen runpy>", line 88, in _run_code
  File "/home/luffy/.hermes/hermes-agent/tui_gateway/entry.py", line 381, in <module>
    main()
  File "/home/luffy/.hermes/hermes-agent/tui_gateway/entry.py", line 357, in main
    for raw in sys.stdin:
  File "/home/luffy/.hermes/hermes-agent/tui_gateway/entry.py", line 113, in _log_signal
    f.write("".join(traceback.format_stack(sys._current_frames().get(tid))))
  File "/home/luffy/.local/share/uv/python/cpython-3.11.15-linux-x86_64-gnu/lib/python3.11/traceback.py", line 214, in format_stack
    return format_list(extract_stack(f, limit=limit))
  File "/home/luffy/.local/share/uv/python/cpython-3.11.15-linux-x86_64-gnu/lib/python3.11/traceback.py", line 228, in extract_stack
    stack = StackSummary.extract(walk_stack(f), limit=limit)
  File "/home/luffy/.local/share/uv/python/cpython-3.11.15-linux-x86_64-gnu/lib/python3.11/traceback.py", line 390, in extract
    return klass._extract_from_extended_frame_gen(
  File "/home/luffy/.local/share/uv/python/cpython-3.11.15-linux-x86_64-gnu/lib/python3.11/traceback.py", line 433, in _extract_from_extended_frame_gen
    f.line
  File "/home/luffy/.local/share/uv/python/cpython-3.11.15-linux-x86_64-gnu/lib/python3.11/traceback.py", line 318, in line
    self._line = linecache.getline(self.filename, self.lineno)
  File "/home/luffy/.local/share/uv/python/cpython-3.11.15-linux-x86_64-gnu/lib/python3.11/linecache.py", line 30, in getline
    lines = getlines(filename, module_globals)
  File "/home/luffy/.local/share/uv/python/cpython-3.11.15-linux-x86_64-gnu/lib/python3.11/linecache.py", line 46, in getlines
    return updatecache(filename, module_globals)
  File "/home/luffy/.local/share/uv/python/cpython-3.11.15-linux-x86_64-gnu/lib/python3.11/linecache.py", line 137, in updatecache
    lines = fp.readlines()
  File "<frozen codecs>", line 319, in decode
  File "/home/luffy/.hermes/hermes-agent/tui_gateway/entry.py", line 141, in _log_signal
    _shutdown_sessions()
  File "/home/luffy/.hermes/hermes-agent/tui_gateway/server.py", line 745, in _shutdown_sessions
    _close_session_by_id(sid, end_reason="tui_shutdown")
  File "/home/luffy/.hermes/hermes-agent/tui_gateway/server.py", line 655, in _close_session_by_id
    _teardown_session(session, end_reason=end_reason)
  File "/home/luffy/.hermes/hermes-agent/tui_gateway/server.py", line 614, in _teardown_session
    _finalize_session(session, end_reason=end_reason)
  File "/home/luffy/.hermes/hermes-agent/tui_gateway/server.py", line 597, in _finalize_session
    worker.close()
  File "/home/luffy/.hermes/hermes-agent/tui_gateway/server.py", line 371, in close
    proc.wait(timeout=1)
  File "/home/luffy/.local/share/uv/python/cpython-3.11.15-linux-x86_64-gnu/lib/python3.11/subprocess.py", line 1264, in wait
    return self._wait(timeout=timeout)
  File "/home/luffy/.local/share/uv/python/cpython-3.11.15-linux-x86_64-gnu/lib/python3.11/subprocess.py", line 2047, in _wait
    time.sleep(delay)
  File "/home/luffy/.hermes/hermes-agent/tui_gateway/entry.py", line 113, in _log_signal
    f.write("".join(traceback.format_stack(sys._current_frames().get(tid))))

--- thread Thread-2 (_loop) (id=140309241026240) ---
  File "/home/luffy/.local/share/uv/python/cpython-3.11.15-linux-x86_64-gnu/lib/python3.11/threading.py", line 1002, in _bootstrap
    self._bootstrap_inner()
  File "/home/luffy/.local/share/uv/python/cpython-3.11.15-linux-x86_64-gnu/lib/python3.11/threading.py", line 1045, in _bootstrap_inner
    self.run()
  File "/home/luffy/.local/share/uv/python/cpython-3.11.15-linux-x86_64-gnu/lib/python3.11/threading.py", line 982, in run
    self._target(*self._args, **self._kwargs)
  File "/home/luffy/.hermes/hermes-agent/tui_gateway/server.py", line 865, in _loop
    time.sleep(_REAPER_SCAN_S)

--- thread tui-rpc_0 (id=140309231584960) ---
  File "/home/luffy/.local/share/uv/python/cpython-3.11.15-linux-x86_64-gnu/lib/python3.11/threading.py", line 1002, in _bootstrap
    self._bootstrap_inner()
  File "/home/luffy/.local/share/uv/python/cpython-3.11.15-linux-x86_64-gnu/lib/python3.11/threading.py", line 1045, in _bootstrap_inner
    self.run()
  File "/home/luffy/.local/share/uv/python/cpython-3.11.15-linux-x86_64-gnu/lib/python3.11/threading.py", line 982, in run
    self._target(*self._args, **self._kwargs)
  File "/home/luffy/.local/share/uv/python/cpython-3.11.15-linux-x86_64-gnu/lib/python3.11/concurrent/futures/thread.py", line 81, in _worker
    work_item = work_queue.get(block=True)

--- thread Thread-8 (_notification_poller_loop) (id=140308864038592) ---
  File "/home/luffy/.local/share/uv/python/cpython-3.11.15-linux-x86_64-gnu/lib/python3.11/threading.py", line 1002, in _bootstrap
    self._bootstrap_inner()
  File "/home/luffy/.local/share/uv/python/cpython-3.11.15-linux-x86_64-gnu/lib/python3.11/threading.py", line 1045, in _bootstrap_inner
    self.run()
  File "/home/luffy/.local/share/uv/python/cpython-3.11.15-linux-x86_64-gnu/lib/python3.11/threading.py", line 982, in run
    self._target(*self._args, **self._kwargs)
  File "/home/luffy/.hermes/hermes-agent/tui_gateway/server.py", line 8318, in _notification_poller_loop
    evt = process_registry.completion_queue.get(timeout=0.5)
  File "/home/luffy/.local/share/uv/python/cpython-3.11.15-linux-x86_64-gnu/lib/python3.11/queue.py", line 180, in get
    self.not_empty.wait(remaining)
  File "/home/luffy/.local/share/uv/python/cpython-3.11.15-linux-x86_64-gnu/lib/python3.11/threading.py", line 331, in wait
    gotit = waiter.acquire(True, timeout)

--- thread Thread-12 (_cleanup_thread_worker) (id=140308989863616) ---
  File "/home/luffy/.local/share/uv/python/cpython-3.11.15-linux-x86_64-gnu/lib/python3.11/threading.py", line 1002, in _bootstrap
    self._bootstrap_inner()
  File "/home/luffy/.local/share/uv/python/cpython-3.11.15-linux-x86_64-gnu/lib/python3.11/threading.py", line 1045, in _bootstrap_inner
    self.run()
  File "/home/luffy/.local/share/uv/python/cpython-3.11.15-linux-x86_64-gnu/lib/python3.11/threading.py", line 982, in run
    self._target(*self._args, **self._kwargs)
  File "/home/luffy/.hermes/hermes-agent/tools/terminal_tool.py", line 1597, in _cleanup_thread_worker
    time.sleep(1)

--- thread Thread-27 (id=140308833023680) ---
  File "/home/luffy/.local/share/uv/python/cpython-3.11.15-linux-x86_64-gnu/lib/python3.11/threading.py", line 1002, in _bootstrap
    self._bootstrap_inner()
  File "/home/luffy/.local/share/uv/python/cpython-3.11.15-linux-x86_64-gnu/lib/python3.11/threading.py", line 1045, in _bootstrap_inner
    self.run()
  File "/home/luffy/.local/share/uv/python/cpython-3.11.15-linux-x86_64-gnu/lib/python3.11/threading.py", line 1399, in run
    self.finished.wait(self.interval)
  File "/home/luffy/.local/share/uv/python/cpython-3.11.15-linux-x86_64-gnu/lib/python3.11/threading.py", line 629, in wait
    signaled = self._cond.wait(timeout)
  File "/home/luffy/.local/share/uv/python/cpython-3.11.15-linux-x86_64-gnu/lib/python3.11/threading.py", line 331, in wait
    gotit = waiter.acquire(True, timeout)
[tui-parent] 2026-07-04T10:53:29.786Z unhandledRejection: Error: EIO: i/o error, write

=== SIGHUP received · 2026-07-04 16:23:29 ===
main-thread stack at signal delivery:
  File "<frozen runpy>", line 198, in _run_module_as_main
  File "<frozen runpy>", line 88, in _run_code
  File "/home/luffy/.hermes/hermes-agent/tui_gateway/entry.py", line 381, in <module>
    main()
  File "/home/luffy/.hermes/hermes-agent/tui_gateway/entry.py", line 357, in main
    for raw in sys.stdin:

--- thread MainThread (id=140309268281152) ---
  File "<frozen runpy>", line 198, in _run_module_as_main
  File "<frozen runpy>", line 88, in _run_code
  File "/home/luffy/.hermes/hermes-agent/tui_gateway/entry.py", line 381, in <module>
    main()
  File "/home/luffy/.hermes/hermes-agent/tui_gateway/entry.py", line 357, in main
    for raw in sys.stdin:
  File "/home/luffy/.hermes/hermes-agent/tui_gateway/entry.py", line 113, in _log_signal
    f.write("".join(traceback.format_stack(sys._current_frames().get(tid))))

--- thread Thread-2 (_loop) (id=140309241026240) ---
[tui-parent] 2026-07-04T10:53:30.655Z [lifecycle] spawned gateway child pid=832370 killed=false exitCode=null signal=null python=/home/luffy/.hermes/hermes-agent/venv/bin/python3 cwd=/home/luffy

=== gateway exit · 2026-07-04 16:23:33 · reason=stdin EOF (TUI closed the command pipe) ===

=== unhandled exception · 2026-07-04 16:23:33 ===
Traceback (most recent call last):
  File "<frozen runpy>", line 198, in _run_module_as_main
  File "<frozen runpy>", line 88, in _run_code
  File "/home/luffy/.hermes/hermes-agent/tui_gateway/entry.py", line 381, in <module>
    main()
  File "/home/luffy/.hermes/hermes-agent/tui_gateway/entry.py", line 377, in main
    _log_exit("stdin EOF (TUI closed the command pipe)")
  File "/home/luffy/.hermes/hermes-agent/tui_gateway/entry.py", line 204, in _log_exit
    print(f"[gateway-exit] {reason}", file=sys.stderr, flush=True)
BrokenPipeError: [Errno 32] Broken pipe
[tui-parent] 2026-07-04T11:38:11.407Z [lifecycle] spawned gateway child pid=1398997 killed=false exitCode=null signal=null python=/home/luffy/.hermes/hermes-agent/venv/bin/python3 cwd=/home/luffy
[tui-parent] 2026-07-04T11:43:01.327Z graceful-exit received signal=SIGHUP → killing gateway

=== SIGHUP received · 2026-07-04 17:13:01 ===
main-thread stack at signal delivery:
  File "<frozen runpy>", line 198, in _run_module_as_main
  File "<frozen runpy>", line 88, in _run_code
  File "/home/luffy/.hermes/hermes-agent/tui_gateway/entry.py", line 381, in <module>
    main()
  File "/home/luffy/.hermes/hermes-agent/tui_gateway/entry.py", line 357, in main
    for raw in sys.stdin:
  File "/home/luffy/.hermes/hermes-agent/tui_gateway/entry.py", line 113, in _log_signal
    f.write("".join(traceback.format_stack(sys._current_frames().get(tid))))
  File "/home/luffy/.local/share/uv/python/cpython-3.11.15-linux-x86_64-gnu/lib/python3.11/traceback.py", line 214, in format_stack
    return format_list(extract_stack(f, limit=limit))
  File "/home/luffy/.local/share/uv/python/cpython-3.11.15-linux-x86_64-gnu/lib/python3.11/traceback.py", line 228, in extract_stack
    stack = StackSummary.extract(walk_stack(f), limit=limit)
  File "/home/luffy/.local/share/uv/python/cpython-3.11.15-linux-x86_64-gnu/lib/python3.11/traceback.py", line 390, in extract
    return klass._extract_from_extended_frame_gen(
  File "/home/luffy/.local/share/uv/python/cpython-3.11.15-linux-x86_64-gnu/lib/python3.11/traceback.py", line 433, in _extract_from_extended_frame_gen
    f.line
  File "/home/luffy/.local/share/uv/python/cpython-3.11.15-linux-x86_64-gnu/lib/python3.11/traceback.py", line 318, in line
    self._line = linecache.getline(self.filename, self.lineno)
  File "/home/luffy/.local/share/uv/python/cpython-3.11.15-linux-x86_64-gnu/lib/python3.11/linecache.py", line 30, in getline
    lines = getlines(filename, module_globals)
  File "/home/luffy/.local/share/uv/python/cpython-3.11.15-linux-x86_64-gnu/lib/python3.11/linecache.py", line 46, in getlines
    return updatecache(filename, module_globals)
  File "/home/luffy/.local/share/uv/python/cpython-3.11.15-linux-x86_64-gnu/lib/python3.11/linecache.py", line 137, in updatecache
    lines = fp.readlines()
  File "<frozen codecs>", line 319, in decode

--- thread MainThread (id=140210292021056) ---
  File "<frozen runpy>", line 198, in _run_module_as_main
  File "<frozen runpy>", line 88, in _run_code
  File "/home/luffy/.hermes/hermes-agent/tui_gateway/entry.py", line 381, in <module>
    main()
  File "/home/luffy/.hermes/hermes-agent/tui_gateway/entry.py", line 357, in main
    for raw in sys.stdin:
  File "/home/luffy/.hermes/hermes-agent/tui_gateway/entry.py", line 113, in _log_signal
    f.write("".join(traceback.format_stack(sys._current_frames().get(tid))))
  File "/home/luffy/.local/share/uv/python/cpython-3.11.15-linux-x86_64-gnu/lib/python3.11/traceback.py", line 214, in format_stack
    return format_list(extract_stack(f, limit=limit))
  File "/home/luffy/.local/share/uv/python/cpython-3.11.15-linux-x86_64-gnu/lib/python3.11/traceback.py", line 228, in extract_stack
    stack = StackSummary.extract(walk_stack(f), limit=limit)
  File "/home/luffy/.local/share/uv/python/cpython-3.11.15-linux-x86_64-gnu/lib/python3.11/traceback.py", line 390, in extract
    return klass._extract_from_extended_frame_gen(
  File "/home/luffy/.local/share/uv/python/cpython-3.11.15-linux-x86_64-gnu/lib/python3.11/traceback.py", line 433, in _extract_from_extended_frame_gen
    f.line
  File "/home/luffy/.local/share/uv/python/cpython-3.11.15-linux-x86_64-gnu/lib/python3.11/traceback.py", line 318, in line
    self._line = linecache.getline(self.filename, self.lineno)
  File "/home/luffy/.local/share/uv/python/cpython-3.11.15-linux-x86_64-gnu/lib/python3.11/linecache.py", line 30, in getline
    lines = getlines(filename, module_globals)
  File "/home/luffy/.local/share/uv/python/cpython-3.11.15-linux-x86_64-gnu/lib/python3.11/linecache.py", line 46, in getlines
    return updatecache(filename, module_globals)
  File "/home/luffy/.local/share/uv/python/cpython-3.11.15-linux-x86_64-gnu/lib/python3.11/linecache.py", line 137, in updatecache
    lines = fp.readlines()
  File "<frozen codecs>", line 319, in decode
  File "/home/luffy/.hermes/hermes-agent/tui_gateway/entry.py", line 113, in _log_signal
    f.write("".join(traceback.format_stack(sys._current_frames().get(tid))))

--- thread Thread-2 (_loop) (id=140210264753856) ---
  File "/home/luffy/.local/share/uv/python/cpython-3.11.15-linux-x86_64-gnu/lib/python3.11/threading.py", line 1002, in _bootstrap
    self._bootstrap_inner()
  File "/home/luffy/.local/share/uv/python/cpython-3.11.15-linux-x86_64-gnu/lib/python3.11/threading.py", line 1045, in _bootstrap_inner
    self.run()
  File "/home/luffy/.local/share/uv/python/cpython-3.11.15-linux-x86_64-gnu/lib/python3.11/threading.py", line 982, in run
    self._target(*self._args, **self._kwargs)
  File "/home/luffy/.hermes/hermes-agent/tui_gateway/server.py", line 865, in _loop
    time.sleep(_REAPER_SCAN_S)

--- thread tui-rpc_0 (id=140210255312576) ---
  File "/home/luffy/.local/share/uv/python/cpython-3.11.15-linux-x86_64-gnu/lib/python3.11/threading.py", line 1002, in _bootstrap
    self._bootstrap_inner()
  File "/home/luffy/.local/share/uv/python/cpython-3.11.15-linux-x86_64-gnu/lib/python3.11/threading.py", line 1045, in _bootstrap_inner
    self.run()
  File "/home/luffy/.local/share/uv/python/cpython-3.11.15-linux-x86_64-gnu/lib/python3.11/threading.py", line 982, in run
    self._target(*self._args, **self._kwargs)
  File "/home/luffy/.local/share/uv/python/cpython-3.11.15-linux-x86_64-gnu/lib/python3.11/concurrent/futures/thread.py", line 81, in _worker
    work_item = work_queue.get(block=True)

--- thread Thread-6 (_drain_stdout) (id=140210228844224) ---
  File "/home/luffy/.local/share/uv/python/cpython-3.11.15-linux-x86_64-gnu/lib/python3.11/threading.py", line 1002, in _bootstrap
    self._bootstrap_inner()
  File "/home/luffy/.local/share/uv/python/cpython-3.11.15-linux-x86_64-gnu/lib/python3.11/threading.py", line 1045, in _bootstrap_inner
    self.run()
  File "/home/luffy/.local/share/uv/python/cpython-3.11.15-linux-x86_64-gnu/lib/python3.11/threading.py", line 982, in run
    self._target(*self._args, **self._kwargs)
  File "/home/luffy/.hermes/hermes-agent/tui_gateway/server.py", line 323, in _drain_stdout
    for line in self.proc.stdout or []:

--- thread Thread-7 (_drain_stderr) (id=140210237236928) ---
  File "/home/luffy/.local/share/uv/python/cpython-3.11.15-linux-x86_64-gnu/lib/python3.11/threading.py", line 1002, in _bootstrap
    self._bootstrap_inner()
  File "/home/luffy/.local/share/uv/python/cpython-3.11.15-linux-x86_64-gnu/lib/python3.11/threading.py", line 1045, in _bootstrap_inner
    self.run()
  File "/home/luffy/.local/share/uv/python/cpython-3.11.15-linux-x86_64-gnu/lib/python3.11/threading.py", line 982, in run
    self._target(*self._args, **self._kwargs)
  File "/home/luffy/.hermes/hermes-agent/tui_gateway/server.py", line 331, in _drain_stderr
    for line in self.proc.stderr or []:

--- thread Thread-8 (_notification_poller_loop) (id=140209957590720) ---
  File "/home/luffy/.local/share/uv/python/cpython-3.11.15-linux-x86_64-gnu/lib/python3.11/threading.py", line 1002, in _bootstrap
    self._bootstrap_inner()
  File "/home/luffy/.local/share/uv/python/cpython-3.11.15-linux-x86_64-gnu/lib/python3.11/threading.py", line 1045, in _bootstrap_inner
    self.run()
  File "/home/luffy/.local/share/uv/python/cpython-3.11.15-linux-x86_64-gnu/lib/python3.11/threading.py", line 982, in run
    self._target(*self._args, **self._kwargs)
  File "/home/luffy/.hermes/hermes-agent/tui_gateway/server.py", line 8318, in _notification_poller_loop
    evt = process_registry.completion_queue.get(timeout=0.5)
  File "/home/luffy/.local/share/uv/python/cpython-3.11.15-linux-x86_64-gnu/lib/python3.11/queue.py", line 180, in get
    self.not_empty.wait(remaining)
  File "/home/luffy/.local/share/uv/python/cpython-3.11.15-linux-x86_64-gnu/lib/python3.11/threading.py", line 331, in wait
    gotit = waiter.acquire(True, timeout)

--- thread Thread-12 (_cleanup_thread_worker) (id=140210012681920) ---
  File "/home/luffy/.local/share/uv/python/cpython-3.11.15-linux-x86_64-gnu/lib/python3.11/threading.py", line 1002, in _bootstrap
    self._bootstrap_inner()
  File "/home/luffy/.local/share/uv/python/cpython-3.11.15-linux-x86_64-gnu/lib/python3.11/threading.py", line 1045, in _bootstrap_inner
    self.run()
  File "/home/luffy/.local/share/uv/python/cpython-3.11.15-linux-x86_64-gnu/lib/python3.11/threading.py", line 982, in run
    self._target(*self._args, **self._kwargs)
  File "/home/luffy/.hermes/hermes-agent/tools/terminal_tool.py", line 1597, in _cleanup_thread_worker
    time.sleep(1)
[tui-parent] 2026-07-04T11:43:01.371Z uncaughtException: Error: write EIO
[tui-parent] 2026-07-04T11:43:01.384Z [lifecycle] GatewayClient.kill reason=graceful-exit-cleanup pid=1398997 killed=true exitCode=null signal=null killResult=true

=== SIGTERM received · 2026-07-04 17:13:01 ===
main-thread stack at signal delivery:
  File "<frozen runpy>", line 198, in _run_module_as_main
  File "<frozen runpy>", line 88, in _run_code
  File "/home/luffy/.hermes/hermes-agent/tui_gateway/entry.py", line 381, in <module>
    main()
  File "/home/luffy/.hermes/hermes-agent/tui_gateway/entry.py", line 357, in main
    for raw in sys.stdin:
  File "/home/luffy/.hermes/hermes-agent/tui_gateway/entry.py", line 113, in _log_signal
    f.write("".join(traceback.format_stack(sys._current_frames().get(tid))))
  File "/home/luffy/.local/share/uv/python/cpython-3.11.15-linux-x86_64-gnu/lib/python3.11/traceback.py", line 214, in format_stack
    return format_list(extract_stack(f, limit=limit))
  File "/home/luffy/.local/share/uv/python/cpython-3.11.15-linux-x86_64-gnu/lib/python3.11/traceback.py", line 228, in extract_stack
    stack = StackSummary.extract(walk_stack(f), limit=limit)
  File "/home/luffy/.local/share/uv/python/cpython-3.11.15-linux-x86_64-gnu/lib/python3.11/traceback.py", line 390, in extract
    return klass._extract_from_extended_frame_gen(
  File "/home/luffy/.local/share/uv/python/cpython-3.11.15-linux-x86_64-gnu/lib/python3.11/traceback.py", line 433, in _extract_from_extended_frame_gen
    f.line
  File "/home/luffy/.local/share/uv/python/cpython-3.11.15-linux-x86_64-gnu/lib/python3.11/traceback.py", line 318, in line
    self._line = linecache.getline(self.filename, self.lineno)
  File "/home/luffy/.local/share/uv/python/cpython-3.11.15-linux-x86_64-gnu/lib/python3.11/linecache.py", line 30, in getline
    lines = getlines(filename, module_globals)
  File "/home/luffy/.local/share/uv/python/cpython-3.11.15-linux-x86_64-gnu/lib/python3.11/linecache.py", line 46, in getlines
    return updatecache(filename, module_globals)
  File "/home/luffy/.local/share/uv/python/cpython-3.11.15-linux-x86_64-gnu/lib/python3.11/linecache.py", line 137, in updatecache
    lines = fp.readlines()
  File "<frozen codecs>", line 319, in decode
  File "/home/luffy/.hermes/hermes-agent/tui_gateway/entry.py", line 141, in _log_signal
    _shutdown_sessions()
  File "/home/luffy/.hermes/hermes-agent/tui_gateway/server.py", line 745, in _shutdown_sessions
    _close_session_by_id(sid, end_reason="tui_shutdown")
  File "/home/luffy/.hermes/hermes-agent/tui_gateway/server.py", line 655, in _close_session_by_id
    _teardown_session(session, end_reason=end_reason)
  File "/home/luffy/.hermes/hermes-agent/tui_gateway/server.py", line 625, in _teardown_session
    agent.close()
  File "/home/luffy/.hermes/hermes-agent/run_agent.py", line 3456, in close
    cleanup_vm(task_id)
  File "/home/luffy/.hermes/hermes-agent/tools/terminal_tool.py", line 1701, in cleanup_vm
    env = _active_environments.pop(task_id, None)

--- thread MainThread (id=140210292021056) ---
  File "<frozen runpy>", line 198, in _run_module_as_main
  File "<frozen runpy>", line 88, in _run_code
  File "/home/luffy/.hermes/hermes-agent/tui_gateway/entry.py", line 381, in <module>
    main()
  File "/home/luffy/.hermes/hermes-agent/tui_gateway/entry.py", line 357, in main
    for raw in sys.stdin:
  File "/home/luffy/.hermes/hermes-agent/tui_gateway/entry.py", line 113, in _log_signal
    f.write("".join(traceback.format_stack(sys._current_frames().get(tid))))
  File "/home/luffy/.local/share/uv/python/cpython-3.11.15-linux-x86_64-gnu/lib/python3.11/traceback.py", line 214, in format_stack
    return format_list(extract_stack(f, limit=limit))
  File "/home/luffy/.local/share/uv/python/cpython-3.11.15-linux-x86_64-gnu/lib/python3.11/traceback.py", line 228, in extract_stack
    stack = StackSummary.extract(walk_stack(f), limit=limit)
  File "/home/luffy/.local/share/uv/python/cpython-3.11.15-linux-x86_64-gnu/lib/python3.11/traceback.py", line 390, in extract
    return klass._extract_from_extended_frame_gen(
  File "/home/luffy/.local/share/uv/python/cpython-3.11.15-linux-x86_64-gnu/lib/python3.11/traceback.py", line 433, in _extract_from_extended_frame_gen
    f.line
  File "/home/luffy/.local/share/uv/python/cpython-3.11.15-linux-x86_64-gnu/lib/python3.11/traceback.py", line 318, in line
    self._line = linecache.getline(self.filename, self.lineno)
  File "/home/luffy/.local/share/uv/python/cpython-3.11.15-linux-x86_64-gnu/lib/python3.11/linecache.py", line 30, in getline
    lines = getlines(filename, module_globals)
  File "/home/luffy/.local/share/uv/python/cpython-3.11.15-linux-x86_64-gnu/lib/python3.11/linecache.py", line 46, in getlines
    return updatecache(filename, module_globals)
  File "/home/luffy/.local/share/uv/python/cpython-3.11.15-linux-x86_64-gnu/lib/python3.11/linecache.py", line 137, in updatecache
    lines = fp.readlines()
  File "<frozen codecs>", line 319, in decode
  File "/home/luffy/.hermes/hermes-agent/tui_gateway/entry.py", line 141, in _log_signal
    _shutdown_sessions()
  File "/home/luffy/.hermes/hermes-agent/tui_gateway/server.py", line 745, in _shutdown_sessions
    _close_session_by_id(sid, end_reason="tui_shutdown")
  File "/home/luffy/.hermes/hermes-agent/tui_gateway/server.py", line 655, in _close_session_by_id
    _teardown_session(session, end_reason=end_reason)
  File "/home/luffy/.hermes/hermes-agent/tui_gateway/server.py", line 625, in _teardown_session
    agent.close()
  File "/home/luffy/.hermes/hermes-agent/run_agent.py", line 3456, in close
    cleanup_vm(task_id)
  File "/home/luffy/.hermes/hermes-agent/tools/terminal_tool.py", line 1701, in cleanup_vm
    env = _active_environments.pop(task_id, None)
  File "/home/luffy/.hermes/hermes-agent/tui_gateway/entry.py", line 113, in _log_signal
    f.write("".join(traceback.format_stack(sys._current_frames().get(tid))))

--- thread Thread-2 (_loop) (id=140210264753856) ---
  File "/home/luffy/.local/share/uv/python/cpython-3.11.15-linux-x86_64-gnu/lib/python3.11/threading.py", line 1002, in _bootstrap
    self._bootstrap_inner()
  File "/home/luffy/.local/share/uv/python/cpython-3.11.15-linux-x86_64-gnu/lib/python3.11/threading.py", line 1045, in _bootstrap_inner
    self.run()
  File "/home/luffy/.local/share/uv/python/cpython-3.11.15-linux-x86_64-gnu/lib/python3.11/threading.py", line 982, in run
    self._target(*self._args, **self._kwargs)
  File "/home/luffy/.hermes/hermes-agent/tui_gateway/server.py", line 865, in _loop
    time.sleep(_REAPER_SCAN_S)

--- thread tui-rpc_0 (id=140210255312576) ---
  File "/home/luffy/.local/share/uv/python/cpython-3.11.15-linux-x86_64-gnu/lib/python3.11/threading.py", line 1002, in _bootstrap
    self._bootstrap_inner()
  File "/home/luffy/.local/share/uv/python/cpython-3.11.15-linux-x86_64-gnu/lib/python3.11/threading.py", line 1045, in _bootstrap_inner
    self.run()
  File "/home/luffy/.local/share/uv/python/cpython-3.11.15-linux-x86_64-gnu/lib/python3.11/threading.py", line 982, in run
    self._target(*self._args, **self._kwargs)
  File "/home/luffy/.local/share/uv/python/cpython-3.11.15-linux-x86_64-gnu/lib/python3.11/concurrent/futures/thread.py", line 81, in _worker
    work_item = work_queue.get(block=True)

--- thread Thread-8 (_notification_poller_loop) (id=140209957590720) ---
  File "/home/luffy/.local/share/uv/python/cpython-3.11.15-linux-x86_64-gnu/lib/python3.11/threading.py", line 1002, in _bootstrap
    self._bootstrap_inner()
  File "/home/luffy/.local/share/uv/python/cpython-3.11.15-linux-x86_64-gnu/lib/python3.11/threading.py", line 1045, in _bootstrap_inner
    self.run()
  File "/home/luffy/.local/share/uv/python/cpython-3.11.15-linux-x86_64-gnu/lib/python3.11/threading.py", line 982, in run
    self._target(*self._args, **self._kwargs)
  File "/home/luffy/.hermes/hermes-agent/tui_gateway/server.py", line 8318, in _notification_poller_loop
    evt = process_registry.completion_queue.get(timeout=0.5)
  File "/home/luffy/.local/share/uv/python/cpython-3.11.15-linux-x86_64-gnu/lib/python3.11/queue.py", line 180, in get
    self.not_empty.wait(remaining)
  File "/home/luffy/.local/share/uv/python/cpython-3.11.15-linux-x86_64-gnu/lib/python3.11/threading.py", line 331, in wait
    gotit = waiter.acquire(True, timeout)

--- thread Thread-12 (_cleanup_thread_worker) (id=140210012681920) ---
[tui-parent] 2026-07-04T11:43:01.393Z unhandledRejection: Error: EIO: i/o error, write
  File "/home/luffy/.local/share/uv/python/cpython-3.11.15-linux-x86_64-gnu/lib/python3.11/threading.py", line 1002, in _bootstrap
    self._bootstrap_inner()
  File "/home/luffy/.local/share/uv/python/cpython-3.11.15-linux-x86_64-gnu/lib/python3.11/threading.py", line 1045, in _bootstrap_inner
    self.run()
  File "/home/luffy/.local/share/uv/python/cpython-3.11.15-linux-x86_64-gnu/lib/python3.11/threading.py", line 982, in run
    self._target(*self._args, **self._kwargs)
  File "/home/luffy/.hermes/hermes-agent/tools/terminal_tool.py", line 1597, in _cleanup_thread_worker
    time.sleep(1)

--- thread Thread-57 (id=140209804465856) ---
  File "/home/luffy/.local/share/uv/python/cpython-3.11.15-linux-x86_64-gnu/lib/python3.11/threading.py", line 1002, in _bootstrap
    self._bootstrap_inner()
  File "/home/luffy/.local/share/uv/python/cpython-3.11.15-linux-x86_64-gnu/lib/python3.11/threading.py", line 1045, in _bootstrap_inner
    self.run()
  File "/home/luffy/.local/share/uv/python/cpython-3.11.15-linux-x86_64-gnu/lib/python3.11/threading.py", line 1399, in run
    self.finished.wait(self.interval)
  File "/home/luffy/.local/share/uv/python/cpython-3.11.15-linux-x86_64-gnu/lib/python3.11/threading.py", line 629, in wait
    signaled = self._cond.wait(timeout)
  File "/home/luffy/.local/share/uv/python/cpython-3.11.15-linux-x86_64-gnu/lib/python3.11/threading.py", line 331, in wait
    gotit = waiter.acquire(True, timeout)

=== SIGHUP received · 2026-07-04 17:13:01 ===
main-thread stack at signal delivery:
  File "<frozen runpy>", line 198, in _run_module_as_main
  File "<frozen runpy>", line 88, in _run_code
  File "/home/luffy/.hermes/hermes-agent/tui_gateway/entry.py", line 381, in <module>
    main()
  File "/home/luffy/.hermes/hermes-agent/tui_gateway/entry.py", line 357, in main
    for raw in sys.stdin:

--- thread MainThread (id=140210292021056) ---
  File "<frozen runpy>", line 198, in _run_module_as_main
  File "<frozen runpy>", line 88, in _run_code
  File "/home/luffy/.hermes/hermes-agent/tui_gateway/entry.py", line 381, in <module>
    main()
  File "/home/luffy/.hermes/hermes-agent/tui_gateway/entry.py", line 357, in main
    for raw in sys.stdin:
  File "/home/luffy/.hermes/hermes-agent/tui_gateway/entry.py", line 113, in _log_signal
    f.write("".join(traceback.format_stack(sys._current_frames().get(tid))))

--- thread Thread-2 (_loop) (id=140210264753856) ---
[tui-parent] 2026-07-04T11:43:01.683Z [lifecycle] spawned gateway child pid=unknown killed=false exitCode=null signal=null python=/home/luffy/.hermes/hermes-agent/venv/bin/python3 cwd=/home/luffy
